﻿content,date,press,reporter,summary,title
  자료제공  ..  .15589479793640 차기 대권후보 적합도 조사에서 이재명 경기지사와 윤석열 전 검찰총장의 지지율이 1포인트 이내에서 접전을 벌이고 있다는 여론조사 결과가 29일 나왔다.엠브레인퍼블릭케이스탯코리아리서치한국리서치가 지난 26~28일 3일간 성인 1001명을 대상으로 실시한 4월 4주차 전국지표조사에 따르면 이 지사를 차기 대통령감으로 뽑은 응답은 지난 조사에 비해 1포인트 줄어든 24였다. 차기 대통령으로 윤 전 총장을 선택한 비율은 지난주보다 1포인트 늘어난 23로 나타났다...  .15670434594650 이 지사는 같은 조사에서 4주 연속 차기 대권 후보 지지율 1위를 유지하고 있지만 지난 4월 1주 6포인트 까지 벌어졌던 이 지사와 윤 전 총장의 지지율 차는 4월 2~3주 3포인트로 줄어든 이후 이날 1포인트 차이까지 좁혀졌다.한때 유력한 대권주자로 꼽히던 이낙연 전 더불어민주당 당대표의 지지율은 지난 조사보다 1포인트 하락한 7로 3주 연속 한 자릿수 지지율을 기록했다. 이 전 대표 뒤로는 안철수 국민의당 대표4 홍준표 무소속 의원4 정세균 전 국무총리3 유승민 전 미래통합당현 국민의의원1 추미애 전 법무부장관1이 대선 주자로 이름을 올렸다.  ......1.8......0.. . 77  지역별로 살펴보면 이 지사는 인천경기30 광주전라30에서 윤 전 총장보다 우세했다. 윤 전 총장은 대구경북35 부산울산경남27에서 이 지사를 앞질렀다. 서울과 대전세종충청에서는 이 지사가 윤 전 총장을 1포인트 차로 앞서 접전 양상을 띄었다.연령별로 살펴보면 20대1630대2340대4450대37 모두 이 지사의 지지율이 더 높았다. 특히 40대에서는 지지율 차가 29포인트까지 벌어졌다. 윤 전 총장은 60대43 70대 이상33에서 우세했다.이번 조사는 통신3사가 제공하는 휴대전화 가상번호100를 활용한 전화면접조사로 진행됐다. 표본오차는 95신뢰수준에서 3.1포인트다. 자세한 조사 결과는 중앙선거여론조사심의위원회 홈페이지를 참고하면 된다.주재현 기자 .                                     저작권자  서울경제 무단 전재 및 재배포 금지 ,2021-04-29,서울경제,주재현,여론조사명단의 4월 4주차 전국지표조사(NBS)에 따르면 차기 대권후보 적합도 조사에서 이재명 경기지사와 윤석열 전 검찰총장의 지지율이 1%포인트 이내에서 접전을 벌이고 있다는 여론조사 결과가 29일 나왔다.,대권후보 적합도 이재명 24%vs윤석열 23%...이낙연은 또 한자릿수
  진중권 전 동양대 교수연합뉴스..  .15589479793640 진중권 전 동양대 교수는 여권 내 유력 대선주자인 이재명 경기도지사 이낙연 전 민주당 대표 정세균 전 국무총리 등을 혹평했다.진 전 교수는 26일 방영된 시사저널 에서 더불어민주당은 시스템상 쇄신은 불가능하다. 이제 완전히 맛이 갔다며 이같이 진단했다.     코로나19 자가격리에서 해제된 더불어민주당 이낙연 전 대표가 15일 오후 서울 종로구 경희궁자이 아파트 단지 지하주차장에서 향후 행보에 대한 취재진 질문에 답하고 있다.연합뉴스..  .15670434594650 진 전 교수는 이재명 지사에 대해 본인이 들기 때문에 극렬 당원 1000명을 내쳐야 한다고 한 것이다라며 그들의 지지 없이는 후보가 되기 들고 그들과 갔다가는 대선에서 승리할 수 없는 딜레마에 빠졌다. 쉽지 않은 게임이 될 것이다라고 분석했다. 이어 이낙연 전 대표에 대해서는 이미 보궐선거 참패로 아웃이다. 그때 후보를 내면 안됐다며 올바른 결정을 내리는게 당 대표의 역할인데 오히려 후보 내서 심판받겠다고 했다. 그럼 심판받았으니 그럼 가셔야 한다고 강조했다.     정세균 전 국무총리연합뉴스  ......1.8......0.. . 77  또 정치적 윤리적 전략적으로 올바르지 않았다며 전략적으로도 멍청하다. 이런 사람이 어떻게 대한민국을 이끌어가나라고 비판했다. 정세균 전 총리에 대해서는 가망이 없다고 본다며 친문한테 절대적 지지 받는 메리트가 없고 이렇다 할 인간적인 매력이 하나도 없다고 평가했다. 아울러 어차피 이재명으로 가야 하는데 이재명과 다른 후보를 어떻게 붙이느냐 동상이몽에 빠져들 있다 서로 딜레마라고 했다.     이재명 경기도지사연합뉴스진 전 교수는 4.7 보궐선거 패배에 대한 민주당의 개혁에도 쓴소리를 아끼지 않았다.그는 선거에서 진 건 편파적인 언론과 포털 때문이라고 개혁 드라이브를 걸고 있다고 진단했다.진 전 교수는 이어 국민이 47 재보궐 선거에서 여당을 심판했지만 민주당은 반성하는 모습이 전혀 없다며 책임져야 할 사람들이 물러나야 하는데 그 사람들이 원내대표가 되고 최고위원이 되고 더 높은 곳으로 올라가 버렸다. 쇄신이 아니라 더 강하게 나가겠다는 의미다라고 지적했다. 그러면서 당론이 일부 강성 친문 지지자들에 의해 좌지우지되면서 당이 완전히 맛이 갔다고 맹폭을 가했다.박우인 기자 .                                     저작권자  서울경제 무단 전재 및 재배포 금지 ,2021-04-29,서울경제,박우인,"진중권 전 동양대 교수는 26일 시사저널 TV에서 ""더불어민주당은 시스템상 쇄신은 불가능하며 이제 완전히 맛이 갔다""며 여권 내 유력 대선주자인 이재명 경기도지사, 이낙연 전 민주당 대표, 정세균 전 국무총리 등을 혹평했다.","진중권 '이낙연은 멍청, 정세균은 無 매력…결국 이재명'"
  이재명왼쪽 경기도지사 윤석열가운데 전 검찰총장 이낙연 전 더불어민주당 대표. 연합뉴스..  .15589479793640 ..  .15670434594650 윤석열 전 검찰총장이 차기 대선 후보 적합도 조사에서 계속해서 1위를 달리고 있다는 여론조사 결과가 26일 나왔다. 한국사회여론연구소가  의뢰로 지난 2324일 전국 18세 이상 성인 남녀 1010명을 대상으로 대선 후보 적합도를 조사한 결과 윤 전 총장이 31.2로 1위를 기록했다.이재명 경기지사는 24.1로 2위에 올랐고 더불어민주당 이낙연 전 대표는 11.1로 3위였다. 이어 국민의 홍준표 의원5.6 국민의당 안철수 대표4.9 오세훈 서울시장4.7 정세균 전 국무총리4.0 추미애 전 법무부 장관국민의 유승민 전 의원2.5 순으로 뒤를 이었다.  ......1.8......0.. . 77  윤 전 총장과 이 지사의 지지율은 의 지난주 조사 결과 대비 각각 2.5포인트 3.0포인트 하락했다. 적합 후보가 없다는 응답은 4.1였고 잘 모르겠다는 2.0를 기록했다.이번 여론조사의 표본오차는 95 신뢰수준에 3.1포인트다. 자세한 내용은 중앙선거여론조사심의위원회 홈페이지 등을 참고하면 된다.박신원 인턴기자 01.                                     저작권자  서울경제 무단 전재 및 재배포 금지 ,2021-04-26,서울경제,박신원,"한국사회여론연구소(KSOI)가 전국 18세 이상 성인 남녀 1,010명을 대상으로 대선 후보 적합도를 조사한 결과, 이재명 경기지사가 2위, 이낙연 전 대표가 3위를 기록해 윤석열 전 검찰총장이 1위를 달리고 있다는 결과가 나왔다.","차기 대권 적합도, 윤석열 31% 선두…이재명 24%·이낙연 11%"
  자료제공  전국지표조사..  .15589479793640 차기 대권주자 적합도 조사에서 이재명 경기지사와 윤석열 전 검찰총장이 3주 연속 오차범위 내에서 각각 12위를 유지하고 있다는 여론조사 결과가 22일 나왔다.엠브레인퍼블릭케이스탯리서치코리아리서치한국리서치가 지난 19일부터 21일까지 성인 1009명을 대상으로 실시한 4월 3주차 전국지표조사에 따르면 응답자의 25가 차기 대통령감으로 이 지사를 뽑았다. 윤 전 총장의 지지율은 22를 기록했다...  .15670434594650 이 지사는 같은 조사에서 지난 9일 윤 전 총장을 꺾고 다시 지지율 1위를 기록한 이후 3주째 선두를 유지하고 있다. 이 지사에 비해 지지율이 6포인트까지 뒤졌던 윤 전 총장은 22일 지지율 차를 3포인트까지 줄이며 오차범위 내에서 이 지사를 추격하고 있다.한때 유력한 대권주자로 손꼽혔던 이낙연 전 더불어민주당 당대표를 차기 대권 주자로 꼽은 응답은 8에 그쳐 2주 연속 한자리 수 지지율을 기록했다. 이 전 대표 뒤로는 홍준표 무소속 의원3 안철수 국민의당 대표3 정세균 전 총리2 심상정 정의당 의원1 황교안 전 자유한국당현 국민의 대표1가 대권 주자로 이름을 올렸다.  ......1.8......0.. . 77  이 지사는 20대1930대3140대41에서 윤 전 총장보다 높은 지지를 받았다. 50대는 이 지사를 지지한다는 응답이 28 윤 전 총장이 차기 대권주자라는 답변이 27로 팽팽히 갈렸다. 60대39와 70대 이상38에서는 대권 주자로 윤 전 총장을 선택한 사람이 더 많았다.지역별로 살펴보면 윤 전 총장은 보수 지지세가 강한 부산울산경남26과 대구경북25 지역에서 이 지사에게 각각 3포인트 6포인트 앞섰다. 민주당 지지층이 두터운 광주전라 지역의 경우 이 지사의 지지율이 31로 윤 전 총장보다 20포인트 높았다. 서울의 경우 윤 전 총장과 이 지사의 지지율이 22로 동률이었다.한편 차기 대선에서 정권이 바뀌어야 한다고 응답한 비율은 60국민의 으로 교체37 제3세력으로 교체23 정권이 유지돼야 한다고 응답한 비율은 31로 정권 교체 열망이 높았다. 특히 지난 3월 11일 같은 조사정권 유지34 국민의으로 정권 교체가 30와 달리 국민의 으로 정권을 교체해야 한다는 의견이 정권을 유지해야한다는 의견보다 더 우세해졌다.이번조사는 통신3사가 제공하는 휴대전화 가상번호100를 활용한 전화면접조사로 진행됐다. 표본오차는 95신뢰수준에서 3.1포인트다. 자세한 조사 결과는 중앙선거여론조사심의위원회 홈페이지를 참고하면 된다.주재현 기자 .                                     저작권자  서울경제 무단 전재 및 재배포 금지 ,2021-04-22,서울경제,주재현,"4월 3주차 전국지표조사에 따르면 차기 대통령감으로 이재명 경기지사와 윤석열 전 검찰총장이 각각 25%, 22%로 각각 1·2위를 유지하고 있다.",차기 대통령 이재명 25%vs윤석열 22%...이낙연 한자릿수
  이재명왼쪽부터 경기도지사와 윤석열 전 검찰총장 이낙연 전 더불어민주당 대표.서울경제..  .15589479793640 야권의 유력 대선 주자인 윤석열 전 검찰총장이 여권 대선 주자인 이재명 경기도지사와 차기 대선을 가정한 양자 대결에서 18포인트 이상 앞서는 결과가 19일 나왔다.    리얼미터가  의뢰로 지난 16일 전국 성인 남녀 1011명을 대상으로 차기 대권 주자들에 대한 가상 양자 대결을 조사한 결과 윤 전 총장이 여권 유력 대선 주자인 이 지사와 이낙연 전 더불어민주당 대표를 모두 큰 격차로 앞서는 것으로 나타났다. 윤 전 총장과 이 지사가 맞붙은 양자 대결에서 윤 전 총장은 지지율 51.1를 기록해 이 지사32.3를 18.8포인트 차로 앞섰다. 또 윤 전 총장과 이 전 대표의 양자 가상 대결에서는 윤 전 총장이 51.6의 지지를 받아 이 전 대표 30.1에 비해 21.5포인트 우세했다...  .15670434594650 윤 전 총장은 전통적으로 여권 지지세가 강한 호남권에서도 이 지사와 이 전 대표를 오차 범위 내에서 앞질렀다. 윤 전 총장과 이 지사의 대결에서 광주전남전북 응답자의 41.4가 윤 전 총장을 지지했다. 이 지사는 40.8의 선택을 받았다. 윤 전 총장과 이 전 대표의 양자 대결에서는 광주전남전북 응답자의 37.5가 윤 전 총장을 33.5가 이 전 지사를 지지했다.윤 전 총장과 이 지사 윤 전 총장과 이 전 대표의 양자 대결에서 지지할 후보를 선택하지 않은 부동층이 많은 점도 눈에 띈다. 윤 전 총장과 이 지사의 대결에서 부동층은 16.6 이 전 대표와의 대결에서는 18.4를 기록했다.  ......1.8......0.. . 77  여야의 주요 대권 주자가 모두 참여한 가상 대결에서도 윤 전 총장은 지지율 37.2로 압도적 1위를 기록했다. 이어 이 지사의 지지율이 21로 2위였고 이 전 대표는 11로 3위에 머물렀다. 이어 홍준표 무소속 의원5.9과 안철수 국민의당 대표5 유시민 노무현재단 이사장3.2 추미애 전 법무부 장관2.4 정세균 전 총리2.4 순이었다 .한편 정당 지지율에서는 국민의이 33.3 민주당이 28.8를 기록했다. 국민의당 6.5 열린민주당 4.8 정의당 3.6 순이었다. 기타 정당은 3.9였고 무당층은 19.2없음 17.7 잘 모름 1.5였다. 이번 조사는 무선 90 유선 10를 혼합한 자동응답방식으로 진행됐다. 표본 오차는 95 신뢰 수준에 3.1포인트다. 자세한 내용은 중앙선거여론조사심의위원회 홈페이지에서 확인할 수 있다.        구경우 기자 .                                     저작권자  서울경제 무단 전재 및 재배포 금지 ,2021-04-19,서울경제,구경우,"19일 16일 전국 성인 남녀 1,011명을 대상으로 차기 대권 주자들에 대한 가상 양자 대결을 조사한 결과 이재명 경기도지사와 윤석열 전 검찰총장이 모두 큰 격차로 앞서는 것으로 나타났다.","尹, 양자대결 이재명 18%P·이낙연 21%P 앞서"
  차기 대선주자 선호도  사진제공  리얼미터..  .15589479793640 차기 대권 구도가 3강 구도에서 윤석열 전 검찰총장과 이재명 경기도지사의 양강구도로 재편되고 있는 가운데 윤 전 총장의 지지율이 이 지사에 비해 16포인트 이상 앞서는 여론조사 결과가 19일 나왔다...  .15670434594650 리얼미터가 의뢰로 지난 16일 전국 성인 남녀 1011명을 대상으로 실시한 차기 대선주자 선호도 조사에 따르면 윤 전 총장의 대선 주자 지지율은 37.2로 1위를 기록했다. 이 지사의 지지율이 21로 2위였다. 윤 전 총장과 이 지사의 지지율 차이는 16.2포인트다. 한때 차기 대통령 후보 1위였던 이낙연 더불어민주당 전 대표의 지지율은 11로 3위에 머물렀다.이 지사와 이 전 대표의 지지율이 두 자리 수10포인트로 벌어진 데 비해 대선 후보 지지율 4위인 홍준표 무소속 의원5.9과의 차이는 5.1포인트로 줄어 대권 구도가 양강 구도로 고착화 되는 모양새다. 홍 의원 뒤로는 안철수 국민의당 대표5 유시민 노무현재단 이사장3.2 추미애 전 법무부장관2.4 정세균 전 총리2.4가 순위권에 이름을 올렸다.  ......1.8......0.. . 77  윤 전 총장은 양자 가상대결에서는 응답자 과반수 이상의 지지를 받았다. 윤 전 총장과 이 지사 둘 중 누구에게 투표하겠냐는 질문에 응답자의 51.1가 윤 전 총장을 선택했다. 이 지사를 선택한 응답자는 32.3였다. 윤 전 총장과 이 전 대표의 양자 가상대결에서는 윤 전 총장이 51.6 이 전 대표가 30.1의 지지를 받았다. 두 양자대결 모두 전통적으로 여권 지지세가 강한 호남권에서도 윤 전 총장이 여권 후보보다 우세한 것으로 나타나 주목된다. 윤 전 총장과 이 지사와의 대결에서 광주전남전북 응답자의 41.4가 윤 전 총장을 지지했다. 이 지사는 40.8의 선택을 받았다. 윤 전 총장과 이 전 대표의 양자대결에서는 광주전남전북 응답자의 37.5가 윤 전 총장을 33.5가 이 전 지사를 지지했다.이번 조사는 무선 90유선 10를 혼합한 자동응답방식으로 진행됐다. 표본오차는 95신뢰수준에서 3.1포인트다. 자세한 내용은 중앙선거여론조사심의위원회 홈페이지에서 확인할 수 있다.주재현 기자 .                                     저작권자  서울경제 무단 전재 및 재배포 금지 ,2021-04-19,서울경제,주재현,"차기 16일 전국 성인 남녀 1,011명을 대상으로 실시한 ‘차기 대선주자 선호도 조사’에 따르면 윤 전 총장의 지지율이 37.2%로 이재명 지사에 비해 16%포인트 이상 앞서는 것으로 밝혀져 윤석열 전 검찰총장과 이재명 지사의 대권구도가 양강구도로 재편되고 있는 가운데 윤 전 총장과 이 지사의 지지율이 16% 이상 앞서는 결과가 나왔다.",차기 대선 지지율 윤석열 37.2%·이재명 21% 양강구도 뚜렷...이낙연 11%
  코로나19 자가격리에서 해제된 이낙연 더불어민주당 전 대표가 지난 15일 오후 서울 종로구 경희궁자이 아파트 단지 지하주차장에서 향후 행보에 대한 취재진 질문에 답하고 있다.연합뉴스..  .15589479793640 이낙연 더불어민주당 전 대표가 16일 민주당의 우선 목표는 문재인 정부의 성공과 차기 민주당 정부로의 계승 발전이라고 강조했다...  .15670434594650 이 전 대표는 이날 페이스북에서 이 둘은 따로가 아니라 하나다. 국민의 행복과 역사의 발전을 위한 길이라며 이같이 밝혔다. 그는 이 목표 앞에 서로의 작은 차이를 용납하고 하나로 융화돼야 한다며 우리 내부의 분열주의적 기류를 억제하며 서로를 아끼고 존중해야 한다고 말했다.선거 패배 이후 당내 논의에 관해 이 전 대표는 충분한 성찰 없이 성급하게 결론을 내리려 들면 방향이 흐트러질 수도 있다며 개인을 내려놓고 민주당의 깃발 아래 하나가 되자. 선당후사의 마음으로 국민의 재신임을 받는 일에 집중하자고 강조했다. 쇄신론을 꺼내든 초재선 비주류 의원들과 이에 문자 폭탄 등으로 반발하는 강성 당원들 양쪽을 동시에 겨냥한 것으로 보인다.  ......1.8......0.. . 77  그는 촛불혁명을 다시 생각한다. 하나일 때는 작은 바람에도 쉽게 꺼지는 촛불이 수백만으로 모여 거대한 혁명의 불꽃으로 타올랐던 것을 기억한다면서 자신을 태워 어둠을 밝히고 끝내 세상을 바꿨던 촛불처럼 우리 당원 모두가 같은 목표 앞에 하나의 불꽃으로 다시 타오르기를 소망한다고 덧붙였다.이 전 대표는 이날 의원총회에서 새 원내대표로 선출된 윤호중 의원에 대해 특유의 추진력과 유연한 소통 능력으로 원내 과제들을 현명하게 풀어가시리라 기대한다고 밝혔다. 한편 그는 의총에는 불참했다.박예나 인턴기자 .                                     저작권자  서울경제 무단 전재 및 재배포 금지 ,2021-04-17,서울경제,박예나,"이낙연 더불어민주당 전 대표가 16일 페이스북에서 ""민주당의 우선 목표는 문재인 정부의 성공과 차기 민주당 정부로의 계승, 발전""이며 ""이는 서로의 작은 차이를 용납하고 하나로 융화돼야 하며, 우리 내부의 분열주의적 기류를 억제하며 서로를 아끼고 존중해야 한다""고 말했다.",촛불 강조한 이낙연 '개인 내려놓고 하나 되자…文정부 재신임에 집중'
  이재명 경기도지사왼쪽 윤석열 전 검찰총장가운데 이낙연 더불어민주당 전 대표 연합뉴스..  .15589479793640 한국갤럽의 차기 대권선호도 여론조사 결과 윤석열 전 검찰총장과 이재명 경기지사의 양강 구도가 한층 강화된 것으로 나타났다. 민주당 이낙연 전 대표의 지지율은 1년 전 총선 직후 40를 넘겼으나 이번 조사에서 5까지 떨어져 국민의당 안철수 대표4 등 군소 주자들과 비슷해졌다.16일 한국갤럽에 따르면 지난 1315일 전국 만 18세 이상 1005명을 대상으로 차기 정치지도자 선호도를 물은 결과 윤 전 총장이 25 이 지사가 24로 집계됐다. 윤 전 총장은 2주 전보다 1포인트 올랐고 이 지사는 변함이 없었다.     안철수 국민의당 대표. 연합뉴스..  .15670434594650 연령대별 선호도를 보면 윤 전 총장은 50대32 60대 이상43에서 높은 지지를 받았고 이 지사는 40대37와 30대26의 지지가 컸다. 지역별로는 윤 전 총장이 대구경북34과 서울28 부산울산경남28 대전세종충청27에서 이 지사는 경기31와 광주전라28에서 상대적 강세를 보였다. 중도층 지지율은 윤 전 총장30이 이 지사20의 지지율을 크게 앞섰다.이낙연 전 대표의 지지율은 2주 전 처음으로 한 자릿수7로 떨어진 데 이어 이번에 5로 나타나 안철수 대표4와 무소속 홍준표 의원 오세훈 서울시장이상 2과 큰 차이가 없는 것으로 나타났다.  ......1.8......0.. . 77  내년 대선에서 야당 후보가 당선되는 것이 좋다는 의견은 55 여당 후보가 당선되는 것이 좋다는 의견은 34였다. 12는 의견을 유보했다. 2주 전보다 정권 교체론은 3포인트 상승했고 정권 유지론은 1포인트 하락했다.이번 조사의 오차범위는 95 신뢰수준에 3.1포인트다. 자세한 내용은 한국갤럽이나 중앙선거여론조사심의위원회 홈페이지를 참조하면 된다.박신원 인턴기자 01.                                     저작권자  서울경제 무단 전재 및 재배포 금지 ,2021-04-17,서울경제,박신원,"한국갤럽의 차기 대권선호도 여론조사 결과 작년 총선 직후 40%를 넘겼던 민주당 이낙연 전 대표의 지지율이 이번 조사에서 5%까지 떨어져 국민의당 안철수 대표 등 군소 주자들과 비슷해졌으며, 연령대별 선호도를 보면 윤 전 총장이 25%, 이 지사가 24%로 집계됐다.",윤석열-이재명 차기 대권 '양강구도' 속…맥 못추는 이낙연·안철수
  윤석열왼쪽 전 검찰총장과 안철수 국민의당 대표..  .15589479793640      이낙연오른쪽 더불어민주당 대표와 이재명 경기도지사. 연합뉴스..  .15670434594650 차기 대선판도가 요동치고 있다. 윤석열 전 검찰총장 이재명 경기지사와 3강 구도를 형성했던 이낙연 전 더불어민주당 대표의 지지율이 급락하고 안철수 국민의당 대표가 다시 부상하면서 2강2중 체제로 재편되고 있다는 분석이다. 16일 한국갤럽에 따르면 지난 13~15일 사흘간 전국 만 18세 이상 1005명에게 자유응답 형태로 다음 대통령감으로 누가 좋다고 생각하느냐고 물은 결과 윤석열 전 검찰총장 25 이재명 경기지사 24로 집계됐다. 그 다음르로는 이낙연 전 대표 5 안철수 국민의당 대표 4 홍준표 무소속 의원과 오세훈 서울시장이 각각 2 정세균 국무총리 1 순이었다. 4는 그 외 인물1.0 미만 약 20명 33는 특정인을 답하지 않았다.  ......1.8......0.. . 77  윤 전 총장과 이 지사는 지난달 조사와 4월 첫째 주 조사에서 동률을 이뤘지만 이번 조사에서는 윤 전 총장이 1포인트 차이로 앞섰다. 반면 이낙연 전 대표는 재보선 직전 실시된 4월 첫째 주 조사에서 7포인트를 기록 한 자릿수로 추락한 데 이어 이번 주 조사에서도 2포인트가 추가 하락하며 최저치를 경신했다.민주당 지지층에서도 이 지사 51 이 전 대표 12로 차이가 크게 벌어졌다. 민주당 지지층에서는 줄곧 이 전 대표가 이 지사를 10포인트 이상 앞섰지만 작년 4분기부터 격차가 줄기 시작했으며 올해 1월 조사 이후로는 이 지사가 줄곧 우위를 유지해왔다. 박진용 기자 .                                     저작권자  서울경제 무단 전재 및 재배포 금지 ,2021-04-16,서울경제,박진용,"여론조사열 전 검찰총장, 이재명 경기지사와 3강 구도를 형성했던 이낙연 전 더불어민주당 대표의 지지율이 급락하고 안철수 국민의당 대표가 다시 부상하면서 2강2중 체제로 재편되고 있다.",대선 2강·2중 재편? 이낙연 지지율 5%로 급락..안철수는 4%
  코로나19 자가격리에서 해제된 더불어민주당 이낙연 전 대표가 15일 오후 서울 종로구 경희궁자이 아파트 단지 지하주차장에서 향후 행보에 대한 취재진 질문에 답하고 있다. 연합뉴스..  .15589479793640 이낙연 더불어민주당 전 대표는 일각에서 대선 주자 입지를 고려해 문재인 대통령과 차별화해야 한다는 의견이 거론되자 내가 죽는 한이 있더라도 대통령을 지키고 가겠다는 입장을 밝힌 것으로 15일 전해졌다...  .15670434594650 이 전 대표는 이날 자가격리를 마친 뒤 마포의 사무실에서 이낙연계 의원 약 25명과 2시간여 동안 난상 토론을 벌였다. 이자리에서 이 전 대표는 대권주자로서 문 대통령과 차별화가 필요하다는 의견이 나오자 문재인 정부에서 절반 이상을 2인자를 했는데 다른 소리 하는 것은 사기다. 배신할 수 없다며 긍정적인 정책적 차별화는 하겠다는 반응을 보였다고 복수의 참석자가 전했다. 다만 긍정적인 정책적 차별화는 하겠다고 말했다고 참석자들이 전했다. 문 대통령의 정책 중 잘못된 것이 있다면 정책적으로 보완하겠다는 의미다.이 전 대표는 최선을 다해 정권 재창출을 하겠다며 민생을 챙기겠다. 사람들의 삶의 문제에 대해 최선을 다해 대안을 제시하겠다는 취지의 말도 한 것으로 전해졌다. 이 밖에도 부동산 백신 청년이 굉장히 중요한 정책적인 키워드라며 정책 토론회를 열심히 하겠다고 말했다고 참석자들이 전했다.  ......1.8......0.. . 77  앞서 이 전 대표는 이날 오후 자택 앞에서 기자들과 만나서는 강성 당원들의 문자 폭탄 논란과 관련해 절제의 범위를 지키도록 노력하는 것이 설득력을 얻는 데 더 도움이 될 것이라고 말했다. 그러면서도 그러나 어떻든 당원들의 의견은 존중돼야 한다고 강조했다. 이 전 대표는 민심과 당심의 괴리 문제에 대해서는 당심과 민심은 크게 다르다고 보지는 않는다며 다만 당심도 여러 갈래로 나타나고 있는데 그것을 표현할 때는 사실에 입각하고 절제 있게 표현하는 것이 당을 위해서 좋겠다고 말했다. 이어 거듭 말하지만 그 문자는 언론들이 생각하는 것처럼 어느 한 방향이 아니다라고 강조했다. 그는 당내 쇄신 논의에 대해서는 새로운 지도부가 그간 분출된 여러 의견을 수렴해 지혜롭고 대담한 쇄신책을 내놓고 실천하길 바란다며 시간이 걸리더라도 제대로 된 혁신 방안을 내놓아야 한다고도 했다.송종호 기자 1894.                                     저작권자  서울경제 무단 전재 및 재배포 금지 ,2021-04-16,서울경제,송종호,"15일낙연 더불어민주당 전 대표는 15일 자가격리를 마친 뒤 마포의 사무실에서 이낙연계 의원 약 25명과 토론회를 갖고 ""문대통령과의 정책적 차별화는 하겠다""는 입장을 밝혔지만 ""노무현 정부의 정책 중 잘못된 것이 있다면 정책적으로 보완하겠다""는 말을 했다.",이낙연 '죽는 한이 있더라도 文대통령 지키겠다'
 ..  .15589479793640 ..  .15670434594650 이낙연 전 더불어민주당 대표가 15일 자가격리를 마친 뒤 자택을 나오면서 기자들을 만나 강성 친문 당원들의 문자 폭탄 논란과 관련해 절제의 범위를 지키도록 노력하는 것이 설득력을 얻는 데 더 도움이 될 것이라고 한마디 했네요. 과도한 언사는 자제해야 마땅하죠. 그런데 이 전 대표는 그러나 어떻든 당원들의 의견은 존중돼야 한다고 강조했네요. 이건 뭡니까. 쓴소리 뒤에 바로 꼬리를 내리다니요. 이 전 대표는 강성 당원이 국민보다 더 무서운 건가요.더불어민주당 원내대표 경선에 나선 윤호중 의원이 15일 토론회에서 입법 정책 청문회를 통해 2단계 검찰 개혁이 왜 필요한지 국민 여러분께 낱낱이 알려드리고 국민의 지지 속에 검찰 개혁을 완수하겠다고 말했습니다. 그는 또 허위사실에 대한 징벌적 손해배상제 등 언론 개혁 법안이 반드시 올해 중 처리될 수 있도록 하겠다고 의지를 보였습니다. 위헌 소지가 있는 검찰 수사권 완전 박탈과 언론 재갈 물리기 입법을 강행하겠다는 건가요. 47 재보선에서 따끔한 국민의 심판을 받고도 논란이 많은 정책을 밀어붙이면 내년 대선에서 더 엄혹한 심판을 받을 수 있다는 점을 깨달아야죠.  ......1.8......0.. . 77  논설위원실                                     저작권자  서울경제 무단 전재 및 재배포 금지 ,2021-04-15,서울경제,논설위원실,이낙연 전 더불어민주당 대표가 15일 자가격리를 마친 뒤 기자들을 만나 강성 친문 당원들의 ‘문자 폭탄’ 논란과 관련해 “절제의 범위를 지키도록 노력하는 것이 설득력을 얻는 데 더 도움이 될 것”이라고 한마디 했네요.,"[무언설태] 이낙연, “당원 의견도 존중”…국민보다 더 무서운가요"
  이재명 경기도지사왼쪽 윤석열 전 검찰총장가운데 이낙연 더불어민주당 전 대표연합뉴스..  .15589479793640 차기 대선주자 지지도 조사에서 이낙연 더불어민주당 전 대표의 지지율이 한 자릿수로 내려앉으며 이재명 경기지사와 윤석열 전 검찰총장의 양강 구도가 뚜렷해졌다.엠브레인케이스탯코리아리서치한국리서치가 12~14일 전국 18세 이상 남녀 1010명을 대상으로 전국지표조사를 실시한 결과 대선 지지도는 이 지사26 윤 전 검찰총장23 이 전 대표8 순이었다...  .15670434594650 윤 전 총장과 이 지사는 오차범위 이내에서 접전을 벌였다. 윤 전 총장의 지지도는 지난주 18에서 5포인트 급등했다. 이 지사는 지난주에 비해 2포인트 올랐고 이 전 대표는 2포인트 내렸다.그 뒤로는 안철수 국민의당 대표4 홍준표 의원3 유승민 전 의원2 정세균 총리 심상정 정의당 의원 추미애 전 법무부 장관 원희룡 제주지사 황교안 전 총리이상 1 등이 그 뒤를 이었다.  ......1.8......0.. . 77  정당 지지도에서는 더불어민주당 30 국민의 29 국민의당 6 정의당 5 순이었다. 지난주 4포인트 차이를 보였던 더불어민주당과 국민의의 지지율 격차는 1포인트 이내로 좁혀졌다.한편 보궐선거 결과에 대한 질문에서는 62가 여론과 민심이 적절하게 반영된 선거라고 답했다. 청와대여당에 대한 심판이 지나쳤던 선거라는 답변은 18에 불과했다.이번 조사의 오차범위는 95 신뢰수준에서 3.1 포인트다. 자세한 내용은 중앙여론조사심의위원회 홈페이지를 참조하면 된다.박예나 인턴기자 .                                     저작권자  서울경제 무단 전재 및 재배포 금지 ,2021-04-15,서울경제,박예나,"전국브레인·케이스탯·코리아리서치·한국리서치가 12~14일 전국 18세 이상 남녀 1,010명을 대상으로 전국지표조사(NBS)를 실시한 결과 이재명 경기도지사와 윤석열 전 검찰총장의 지지율이 오차범위 이내에서 접전을 벌이며 양강 구도가 뚜렷해졌다.",이재명 26% vs 윤석열 23% '양강구도 뚜렷'…이낙연은 8%로 급락
  코로나19 자가격리에서 해제된 이낙연 전 더불어민주당 대표가 15일 오후 서울 종로구 경희궁자이 아파트 단지 지하주차장에서 향후 행보에 대한 취재진 질문에 답하고 있다. 국회사진기자단..  .15589479793640 ..  .15670434594650 이낙연 전 더불어민주당 대표가 15일 오후 일주일간의 자가격리를 마친다. 이 전 대표는 지난 47 재보궐선거 참패로 당 안팎의 책임론에 직면해온 만큼 그의 행보에 귀추가 주목된다.지난 7일 부인의 신종 코로나바이러스 감염증코로나19 확진자 접촉으로 자택 격리에 들어간 이 전 대표는 당 일각에서 대선 불출마 요구까지 나왔던 만큼 당분간 여의도와 거리를 두고 성찰의 시간을 가질 것으로 전망된다. 그는 개표 상황을 집에서 지켜보고 이튿날 민심을 겸허히 수용한다. 성찰의 시간을 갖겠다는 메시지를 내놓은 뒤 칩거에 들어갔다. 수습방안 논의를 위해 열린 화상 의원총회에도 불참하는 등 쇄신 논의와도 거리를 두는 모습이었다. 당 대표로서 공천을 결정했고 상임선대위원장으로 선거전을 이끈 만큼 참패에 뒤따른 책임론을 의식한 것으로 해석된다.이 전 대표는 이날 격리에서 해제된 이후 반성한다는 메시지를 발신한 뒤 잠행을 이어갈 예정이다. 주변에서는 새 지도부가 완성되는 52 전당대회까지는 이 전 대표가 탈脫여의도 행보를 계속할 것이라고 관측하는 모양새다. 한편 개인적인 차원에서 호남 등 지방을 순회하며 당대표 시절 화두로 꺼낸 신복지제도 구상에 대한 논의를 이어갈 것으로 보인다.강지수 인턴기자 .  ......1.8......0.. . 77                                       저작권자  서울경제 무단 전재 및 재배포 금지 ,2021-04-15,서울경제,강지수,이 4회7 재보궐선거 참패로 당 안팎의 ‘책임론’에 직면해온 이낙연 전 더불어민주당 대표가 15일 오후 일주일간의 자가격리를 마치고 이후 당대표 시절 화두로 꺼낸 신복지제도 구상에 대한 논의를 이어갈 것으로 보인다.,자가격리 마친 이낙연…'與 참패 책임론' 돌파구 찾을까
  연합뉴스..  .15589479793640 4선인 이상민 더불어민주당 의원이 새로운 당 대표는 대통령과 청와대에 대해 강력한 리더십을 발휘해야 한다며 당청 관계의 재정립을 요구했다. 이낙연 전 민주당 대표에 대해서도 민심에 터를 잡았다면 당 대표로서 대통령에게 할 말을 하는 리더십이 필요한데 이 대표는미흡했다고 쓴소리를 했다...  .15670434594650 이 의원은 이날  라디오 방송에 출연해 기존 당 대표는 할 말을 세게 못했다고 보느냐는 진행자의 질문에 미흡했다고 판단한다고 답했다. 이 의원은 결과적으로 국정을 제대로 하지 못했다는 평가는 당대표와 민주당이 함께 져야 하는 책임 문제라며 이 전 대표를 정조준했다.차기 당대표가 갖춰야 할 자질로는 강력한 리더십과 소통 공감능력 등을 꼽았다. 그는 국회의원들 외에도 청와대 대통령과의 관계 민심과의 소통공감 능력도 매우 중요하다면서 특히 대통령과 청와대에 대한 강력한 리더십이 필요하다고 강조했다.  ......1.8......0.. . 77  이 의원은 당이 그동안 강성 지지층의 요구만을 떠받들었다는 일각의 비판에도 동의했다. 그는 일부 당심일 뿐인 의견이 과다 대표되면서 소위 강성 의원들의 의견에 당 전체가 휘둘렸다는 점에 대해서는 성찰이 필요하다며 이 부분은 즉각 수정돼야 한다고 비판했다. 이러한 발언은 조국 사태를 비롯해 추미애 전 법무부 장관과 윤석열 전 검찰총장과의 갈등 등의 위기 국면에서 일관되게 강경한 목소리를 낸 당내 의원들을 겨냥한 것으로 해석된다.5월 전당대회에서 친문 인사들이 당 지도부를 다시 독차지할 것이라는 우려와 관련해 인적 쇄신의 필요성도 역설했다. 이 의원은 주요 위치에서 당의 의사결정이나 당의 행로에 영향력을 미친 사람들은 책임을 져야 한다고 주장했다. 초선의원들이 최근 반성의 목소리를 공개적으로 낸 것에 대해서는 지지의사를 드러냈다. 그는 강성 당원도 있고 여러 분위기가 있음에도 불구하고 소신을 밝힌 건 매우 뜻깊은 일로 박수를 보낸다고 추켜세웠다.박진용 기자 .                                     저작권자  서울경제 무단 전재 및 재배포 금지 ,2021-04-12,서울경제,박진용,"이상민 더불어민주당 의원은 이낙연 전 민주당 대표를 향해 ""미흡한 평가지만 민주당이 함께 해야 하는 책임 문제""라며 당청 관계의 재정립을 요구했고 청와대와 청와대에 대한 강력한 리더십이 필요하다고 강조했다.",이상민 의원 '당 대표라면 대통령에 할 말은 해야.. 이낙연은 미흡'
  이낙연 더불어민주당 상임선대위원장이 지난 7일 국회에서 47 재보궐선거 투표 독려 기자회견을 마친 뒤 인사하고 있다  연합뉴스..  .15589479793640 ..  .15670434594650 이낙연 더불어민주당 상임선대위원장이 8일 47 재보궐선거 결과에 대해 겸허히 수용한다고 밝혔다.이 선대위원장은 이날 자신의 소셜네트워크서비스에 국민 여러분들의 결정을 무겁게 받아들인다며 이렇게 말했다. 이 선대위원장은 저희들이 부족했다며 국민의 실망과 분노를 제대로 헤아리지 못했다. 국민의 삶의 고통을 충분히 살피지 못했다고 말했다.  ......1.8......0.. . 77  이어 이 선대위원장은 저의 책임이 크다. 문재인 정부 첫 국무총리 민주당 대표와 선거대책위원장으로서 제가 부족했다며 성찰의 시간을 갖겠다고 밝혔다. 그러면서 대한민국과 민주당의 미래를 차분히 생각하며 낮은 곳에서 국민을 뵙겠다고 말했다.이 선대위원장은 47 재보궐선거 개표가 진행 중이던 전날 서울부산 시장 모두 국민의 후보의 당선이 확실시되자 민주당은 이번 선거로 나타난 민심을 새기며 반성하고 혁신하겠다며 국민의 선택을 겸허히 받아들인다고 밝히기도 했다.주재현 기자 .                                     저작권자  서울경제 무단 전재 및 재배포 금지 ,2021-04-08,서울경제,주재현,이낙연 더불어민주당 상임선대위원장이 지난 7일 국회에서 4·7 재보궐선거 투표 독려 기자회견을 마친 뒤 국민의 의견을 겸허히 수용한다고 말했다.,이낙연 '국민의 고통 살피지 못해...성찰의 시간 갖겠다'
  이낙연 더불어민주당 공동 상임선대위원장이 지난 7일 오전 국회에서 47 재보궐선거 투표 독려 기자회견에서 고개 숙여 인사하고 있다.  권욱 기자..  .15589479793640 ..  .15670434594650 47 재보궐선거 개표가 8일 진행 중인 가운데 국민의 후보가 서울에서 당선 확실시되고 부산에서는 당선 확정되자 이낙연 더불어민주당 상임선대위원장은 국민의 선택을 겸허히 받아들인다는 입장을 밝혔다.이 선대위원장은 전날 밤 11시 30분께 입장문을 내고 국민의 마음을 얻기에 저희가 크게 부족했다며 이렇게 말했다. 이 선대위원장은 민주당은 선거로 나타난 민심을 새기며 반성하고 혁신하겠다며 청년과 서민 중산층을 돕겠다는 약속 반드시 지키겠다고 말했다. 이어 지지해주신 국민께도 지지하지 않으신 국민께도 감사드린다고 덧붙였다.  ......1.8......0.. . 77  김 원내대표 역시 입장문을 내고 더불어민주당의 부족함으로 국민께 큰 실망을 드렸다며 선거 결과에 나타난 민심을 겸허하게 받아들이겠다고 밝혔다. 그러면서 국민의 뜻에 따라 성찰하고 혁신하겠다고 말했다.중앙선거관리위원회에 따르면 8일 0시 12분 기준으로 오세훈 국민의 서울시장 후보가 서울에서 134만 6879표56.35를 얻어 96만 8701표40.52를 확보한 박영선 민주당 서울시장 후보를 크게 앞지르고 당선 확실시 되고 있다. 부산의 경우 박형준 국민의 후보가 0시 24분 기준 84만 4939표63를 얻어 당선 확정됐다. 김영춘 민주당 부산시장 후보는 45만 7771표34.13를 받았다.주재현 기자 .                                     저작권자  서울경제 무단 전재 및 재배포 금지 ,2021-04-08,서울경제,주재현,4.17 재보궐선거 개표가 8일 진행 중인 가운데 국민의힘 후보가 서울에서 당선 확실시되고 부산에서는 당선이 확정되자 이낙연 더불어민주당 상임선대위원장이 국민의 선택을 겸허히 수용한다는 입장을 밝혔다.,이낙연·김태년 '국민의 선택을 겸허히 받아들인다'
  박영선 더불어민주당 서울시장 후보가 전날6일 서울 마포구 상상마당 인근에서 열린 집중유세에서 지지를 호소하고 있다. 권욱 기자..  .15589479793640 47 재보궐선거 출구조사에서 더불어민주당이 참패하면서 차기 지도부 구성을 둘러싸고 격랑에 휩싸일 것으로 전망된다. 1년도 채 남지 않은 대통령 선거를 이끌 지도부 구성을 놓고 당 내부의 이견이 분출할 것으로 보이기 때문이다. 당내에서는 우선 이번 선거 패배로 인한 상처를 씻어내고 차기 대선까지 당을 이끌어가기 위해 비상대책위원회 체제를 출범시켜야 한다는 주장이 대두되고 있다. 반면 비대위 대신 당원 투표를 통한 당 대표 선출로 위기를 헤쳐나가야 한다는 목소리도 나온다.이번 패배로 당 지도부는 책임론에서 자유로울 수 없다는 비판이 제기된다. 이에 따라 선거를 총괄했던 이낙연 공동상임선대위원장의 입지도 흔들릴 것으로 보인다. 당초 이 위원장은 민주당이 서울에서 승리할 경우 이재명 경기도지사와 대권 경쟁을 벌일 것으로 관측됐지만 이번 선거 패배에 대한 책임론으로 대권 도전에도 빨간불이 켜졌다...  .15670434594650 따라서 당 안팎에서는 비대위 체제에 돌입해야 한다는 주장이 설득력을 높여가고 있다. 이번 선거의 여파와 한국토지주택공사 사태 박주민 의원의 월세 논란 김상조 전 청와대 정책실장의 전세금 논란 등 정부 여당에 휘몰아친 폭풍을 가라앉힐 새 인물과 시스템이 필요하다는 판단이다.     이해찬 전 더불어민주당 대표. 연합뉴스  ......1.8......0.. . 77  이를 위해 이해찬 전 대표를 비대위원장으로 내세우는 이해찬 등판론도 거론된다. 이 전 대표가 과거 당의 구심점 역할을 충실히 해낸데다 지난해 415 총선에서 당의 압도적인 승리를 이끌어 좋은 평가를 받았다는 이유에서다. 대선 후보를 뽑는 당내 경선이 미뤄질 수 있다는 이야기도 나온다. 당헌당규상 대선 180일 전인 오는 9월께까지는 당 후보를 내야 하는 상황에서 대선 후보 선출까지 당의 혼란을 잠재우기가 어려울 것으로 예상되기 때문이다. 결국 다음 달 9일로 예정된 전당대회나 원내대표 경선 일정에 차질이 빚어질 가능성도 배제할 수 없다.     더불어민주당 소속 송영길가운데우원식왼쪽홍영표오른쪽 의원. 연합뉴스비대위 체제 전환 주장에 송영길우원식홍영표 의원 등 질서 있는 수습을 주장해온 당권 주자 3인은 반기를 들 것으로 보인다. 이들 모두 재보선 전부터 여권의 핵심 지지 기반인 호남을 방문하는 등 당권 경쟁에 이미 한껏 열을 올린 상태이기 때문이다.이번 선거를 계기로 친문으로 분류되는 홍 의원이 을 잃을 수 있다는 시각도 있다. 친문이라고 주장해온 박영선 서울시장 후보가 야당에 큰 표 차로 낙선하면서 당내 친문 세력이 약세를 보일 것이라는 주장이다. 홍 의원은 2017년 문재인 대통령 후보 선대위원회 총괄본부장을 지낸 이력을 내세워 친문 표심에 다가선 바 있다. 다른 주자들과 팽팽한 대결을 벌여온 홍 의원의 입지가 좁아진다면 당권 구도는 송우 의원으로 범위가 좁아질 것으로 예상된다.이희조 기자 .                                     저작권자  서울경제 무단 전재 및 재배포 금지 ,2021-04-07,서울경제,이희조,"4·7 재보궐선거 출구조사에서 더불어민주당이 참패하면서 앞으로 대통령 선거를 이끌 지도부 구성을 놓고 당 내부의 이견이 분출할 것으로 보이는데, 당내에서는 비상대책위원회 체제를 출범시켜야 한다는 주장이 대두되고, 당원 투표를 통한 당 대표 선출로 위기를 헤쳐나가야 한다는 목소리도 나온다.","이낙연 '내상'…與, 비대위 체제 가나"
  이낙연 더불어민주당 상임선대위원장이 7일 국회에서 47 재보궐선거 투표독 려 기자회견을 마친 뒤 인사하고 있다.권욱 기자..  .15589479793640 ..  .15670434594650 이낙연 더불어민주당 상임선대위원장이 47 재보궐 선거 개표 방송을 서울 여의도 당사가 아닌 자택에서 보게 됐다. 애초 당사에 차려진 선거상황실에서 개표방송을 시청할 예정이었지만 이 위원장의 부인이 코로나19 밀접 접촉자로 분류되서다.민주당은 7일 이낙연 위원장이 방역당국으로부터 자가격리를 권고 받아 오는 15일까지 외출하지 않을 것이라고 밝혔다. 이 위원장의 부인이 이날 오전 코로나19 확진자와 밀접 접촉해 진단 검사를 받아서다. 이 위원장의 부인은 음성 판정을 받았지만 자가격리 대상으로 분류됐다.  ......1.8......0.. . 77  이 위원장은 이날 오전 투표 독려 기자회견에 참석한 뒤 부인의 확진자 접촉 사실을 통보받은 것으로 알려졌다. 민주당은 이 위원장의 자가격리는 의무사항이 아니지만 질병관리청이 동거인은 밀접접촉자와 함께 자가격리할 것을 권고하고 있다고 했다.송종호 기자 1894.                                     저작권자  서울경제 무단 전재 및 재배포 금지 ,2021-04-07,서울경제,송종호,"민주당이민주당은 이낙연 위원장의 부인이 코로나19 밀접 접촉자로 분류되어 오는 15일까지 외출하지 않을 것이라고 밝혀, 4·7 재보궐 선거 개표 방송을 서울 여의도 당사가 아닌 자택에서 시청했다고 밝혔다.","또 코로나 자가격리 이낙연, 자택에서 개표 본다"
 ..  .15589479793640 ..  .15670434594650 이낙연 더불어민주당 상임선거대책위원장이 7일 서울 여의도 국회에서 더불어민주당 47 재보궐선거 투표독려 기자회견을 마친 후 인사하고 있다. 권욱 기자 2021.04.07권욱 기자 .  ......1.8......0.. . 77                                       저작권자  서울경제 무단 전재 및 재배포 금지 ,2021-04-07,서울경제,권욱,7일 국회에서 열린 더불어민주당 4·7 재보궐선거 투표독려 기자회견에서 이낙연 더불어민주당 상임선거대책위원장이 기자회견 후 인사했다.,이낙연 '투표해야 합니다'
 ..  .15589479793640 ..  .15670434594650 7일 오전 더불어민주당 이낙연 상임선대위원장이 국회에서 투표독려 기자회견을 하기에 앞서 인사를 하고 있다.권욱 기자 2021.04.07권욱 기자 .  ......1.8......0.. . 77                                       저작권자  서울경제 무단 전재 및 재배포 금지 ,2021-04-07,서울경제,권욱,"7일 이낙연 상임선대위원장이 국회에서 투표독려 기자회견을 하기에 앞서, googletag.cmd.createElement('div-gpt-ad-1558947979364-0'); } } function() {google tag.display= 'k'.return; dipsc='utf-8';e=a.reateElement(l);e. parentNode.insertBefore(e,_).push(arguments) { { w w w   v. push(window,'document,'script' { { voice t t treplay()을 } }   탁구 시공간을 ======================'l'';__';_'l';_은 벌꿀꿀팁니다.",투표 독려하는 이낙연 상임선대위원장
  이낙연 더불어민주당 상임선대위원장이 대변인이던 2002년 11월 당시 민주당 노무현 대통령후보와 방송녹화 원고 독회를 하고있다.연합뉴스..  .15589479793640 ..  .15670434594650 이낙연 더불어민주당 상임선대위원장은 6일 노무현 전 대통령과의 추억을 소환해 47재보궐선거 투표를 독려했다. 이 위원장은 이날 소셜네트워크서비스를 통해 2002년 대통령선거가 생각난다. 그때 저는 노무현 후보 대변인이었다. 투표일에도 중앙당을 지켜야 했다고 말했다. 그러면서 그러나 저의 주민등록은 고향 전남 영광에 있었다. 그때는 부재자가 아니면 주민등록지에서만 투표해야 했다. 아내는 며칠 전부터 고향에 가 있었다고 말했다. 이어 저는 당시 고민했다. 만약 내가 투표하지 못하고 우리가 한 표 차로 진다면...이라며 저는 중앙당을 비우고 고향에 가기로 결심했다. 비행기와 승용차를 갈아타고 걷는 곳은 뛰며 왕복 한 나절 투표를 마치고 투표마감 직전 중앙당에 귀환했다고 말했다. 그는 귀향부터 귀경까지 얼마나 서둘렀는지 숨이 차고 등은 땀에 젖었다며 그래도 기분이 개운했다. 만약 우리가 한 표 차로 이긴다면 내 덕분일 수도 있겠다고 생각했다고 말했다.  ......1.8......0.. . 77  이 위원장은 이날 화상으로 진행된 의원총회에서도 우리가 한 표 차로 이긴다면 여러분 덕분이라는 생각을 가질 수 있도록 주위에 투표 참여를 독려해달라며 같은 이야기를 강조했다. 이 위원장은 그래서 중앙당을 비워두고 비행기 타고 승용차 갈아타고 투표했다. 투표하자마자 다시 돌아와 투표 마감시간에 중앙당에 정위치했다며 돌아오면서 한 표차로 이긴다면 내 덕분이라고 생각할 수 있겠구나라는 마음을 가졌던 기억이 난다고 말했다. 이 위원장은 왜 그 때가 생각나는지 다들 아실 것이다. 오늘밤 내일 투표 끝날 때까지 최선을 다하자며 내일 선거가 지나고 나더라도 의원들끼리 서로에게 감사하는 마음을 가졌으면 한다고 덧붙였다. 송종호 기자 1894.                                     저작권자  서울경제 무단 전재 및 재배포 금지 ,2021-04-06,서울경제,송종호,이낙연 더불어민주당 상임선대위원장이 2002년 당시 민주당 노무현 대통령후보와의 추억을 소환해 4·7재보궐선거 투표를 독려했다.,'노무현의 대변인'시절 꺼낸 이낙연…'왜 그때가 생각나는지 다들 아실 것'
  더불어민주당 이낙연 공동 상임선대위원장이 6일 서울 여의도 국회에서 열린 서울부산 간 화상 의원총회에서 발언하고 있다. 권욱기자..  .15589479793640 이낙연 더불어민주당 공동상임선대위원장은 47 재보궐선거 전날까지 샤이 진보가 말하기 시작했다 3 내외의 박빙 승부라고 말하며 막판 지지층 결집을 유도했다. 주호영 국민의 원내대표 역시 투표해야 저질스러운 인간이 나라를 다스리는 것을 막을 수 있다며 투표를 독려했다.이 위원장은 6일 라디오 김현정의 뉴스쇼에 출연해 이길 수도 있을 것이라며 이같이 말했다. 그는 현장 민심을 볼 때 민주당 측에서는 지지율 격차가 더 좁아질 것으로 보느냐는 질문에 네라고 답했다...  .15670434594650 이후 이 위원장은 오세훈 국민의 후보를 겨냥해 책임자가 중요한 걸 기억 못한다는 것은 중대한 문제라고 지적했다. 오 후보가 지난달 30일 서울시장 후보 토론에서 기억 앞에 겸손해야 한다고 한 말을 비판한 것이다.이 위원장은 그게 안전하다고 생각해서 기억을 못하는지 또는 거짓말 했는지 모르지만 그렇게 기억력이 약해서야 어떻게 책임을 맡기겠느냐고 꼬집었다.  ......1.8......0.. . 77       국민의 주호영 원내대표가 6일 오전 국회에서 열린 원내대책회의에서 발언하고 있다.권욱기자주호영 국민의 원내대표 역시 이날 막무가내 정권 오만불손 정권 위선 정권을 국민의 으로 심판해줄 것을 부탁한다며 막판 투표를 독려했다.그는 국회에서 원내대책회의를 열어 정치를 외면한 가장 큰 댓가는 가장 저질스러운 자에게 지배당하는 것이라는 말이 있다며 아무리 정치에 대해 무관심하고 염증을 느껴도 내일은 반드시 투표장에 가서 투표해야 저질스러운 인간이 나라를 다스리는 것을 막을 수 있다고 호소했다.주 원내대표는 지난 4년 간 문재인 대통령과 민주당 정권이 우리나라를 어찌 했는지 살펴보고 이번 서울부산 재보궐선거가 무엇 때문에 생기게 됐는지 살펴보고 조국추미애윤미향을 어찌 했는지 한국토지주택공사 사태는 무엇인지 이 정부가 백신 확보를 제대로 못해서 아직 국민의 2도 접종 못하고 전 세계 100위권 밖 접종국이 된 무능과 내로남불 오만 위선 온갖 정치적 실패에 대해 엄정히 심판해달라고 밝혔다.김인엽 기자 .                                     저작권자  서울경제 무단 전재 및 재배포 금지 ,2021-04-06,서울경제,김인엽,"더불어낙동강 이낙연 공동상임선대위원장이 4·7 재보궐선거 전날까지 ""3% 내외의 박빙 승부""라고 말하며 막판 지지층 결집을 유도한 가운데, 주호영 국민의힘 원내대표 역시 “투표해야 저질스러운 인간이 나라를 다스리는 것을 막을 수 있다”며 투표를 독려했다.",이낙연 '3% 내외 박빙 승부' 주호영 '투표해야 저질이 나라 다스리는 것 막아'
  이낙연 더불어민주당 상임선대위원장이 지난 5일 열린 민주당 중앙선대위 회의에서 발언하고 있다.  권욱 기자..  .15589479793640 이낙연 더불어민주당 상임선대위원장이 6일 현장을 보면 우리 지지자들이 말하기 시작했다고 말했다. 이 위원장은 선거 결과에 대해 이길 수도 있다고도 내다봤다...  .15670434594650 이 선대위원장은 이날 라디오 김현정의 뉴스쇼에 출현해 선거는 데이터보다 현장 촉이 중요하다는데 어떻게 보느냐는 진행자 질문에 이렇게 말했다. 샤이 진보가 공개적으로 모습을 들어내기 시작했다는 말이냐는 질문에 적어도 저희들 앞에서는 그렇다고 답하기도 했다.이 선대위원장은 김종인 국민의 비대위원장도 여론조사 결과가 20 넘게 차이날 때 5~7 차이를 점쳤다며 실제 결과는 3내외 박빙 승부일 것 같고 이길 수도 있다고 말했다.  ......1.8......0.. . 77  그는 박영선 민주당 서울시장 후보가 공시지가 상승 10 캡을 공약한 것에 대해 구체적인 협의는 없었다만 기왕 우리 후보가 말했으니 협의에 나설 것이라고 말했다. 이어 박 후보의 토지임대부 주택 평 당 천만 원 반값아파트등 부동산 공약에 대해서도 최근 부동산 값 내리고 전세값도 안정세라 정책의 여유가 생겼다고 말했다.이어 이 선대위원장은 전날 토론에서 박 후보와 오세훈 국민의 서울시장 후보가 내곡동 의혹에 대해 공방전을 벌인 것을 두고 오 후보 본인이 발표해 역점 사업으로 추진됐는데 그게 영향력이지 뭐가 영향력이냐며 사퇴를 하겠다고 본인이 이야기 했다. 거기에 책임을 져야 한다고 주장했다.주재현 기자 .                                     저작권자  서울경제 무단 전재 및 재배포 금지 ,2021-04-06,서울경제,주재현,"이낙연 더불어민주당 상임선대위원장이 6일 CBS라디오 ‘김현정의 뉴스쇼’에 출현해 이낙연 위원장이 선거 결과에 대해 ""이길 수도 있다""고도 내다보면서 선거는 데이터보다 현장 촉이 중요하다고 보았다.",이낙연 '샤이진보 모습 드러내…이길수도 있다'
  이낙연 더불어민주당 공동 상임선대위원장이 지난 5일 국회에서 열린 중앙선대위 회의에서 발언하고 있다. 연합뉴스..  .15589479793640 ..  .15670434594650 이낙연 더불어민주당 상임선대위원장은 6일 차기 유력 대선주자로 꼽히는 윤석열 전 검찰총장의 향후 행보와 관련해 제가 가르칠 처지가 아니라는 입장을 밝혔다.이 위원장은 이날 라디오 김현정의 뉴스쇼에 출연해 이같이 말하며 아직은 별로 드러내는 것이 많지 않지만 언젠가는 드러날 것이며 국민의 차분한 검증을 거처야 될 것이라고 전망했다. 아울러 진행자가 최근 이 위원장이 대선 출마의 길이 생각하는 것처럼 단순하고 쉽지 않다고 했다. 혹시 윤 전 총장과 마주치면 뭐라고 조언할 생각인가라고 질문하자 이 위원장은 제가 가르칠 처지가 아니라며 뭐 그 정도는 다 알아서 하겠죠라고 말했다.  ......1.8......0.. . 77  한편 이 위원장은 47재보궐선거 결과에 대해 3 내외의 박빙 승부 꽤 오래전부터 그런 예측을 했다며 지난주까지 발표됐던 여론조사와 상당히 다를 것이라고 점쳤다. 이어 김종인 국민의 비상대책위원장이 말할 당시 여론조사는 20 정도 차이가 있었는데 5 내지 7 이렇게 말했다며 보통은 유리한 여론조사 결과는 그대로 얘기하는데 역시 경륜이 있는 분이라 그렇게 말한 것 같다고 짚었다. 그러면서 최근 현장 분위기가 살아나고 있다며 승리를 자신했다.한편 박영선 민주당 서울시장 후보 캠프가 사전투표에서 승리했다란 내용의 문자 메시지를 보내 선거관리위원회가 지난 5일 여론조사 공표금지 위반 여부 확인에 나섰다. 박 후보의 선대위 조직총괄본부는 여러분의 진심 어린 호소와 지원활동으로 서울시민의 마음이 하나로 움직여 사전투표에서 이겼다는 내용의 문자메시지를 위원장 본부장 캠프 특보 등에게 보냈다. 이 메시지에선 여러분의 진심이 하나로 모여 승리의 발판이 됐다면서도 아직 숨 돌리고 쉴 때가 아니라며 7일 본 투표 참여를 독려했다. 하지만 공직선거법상 지난 1일부터 7일 오후 8시까지는 지지도나 당선 가능성을 예상하게 하는 결과를 공개하거나 보도할 수 없다. 이에 대해 선관위 측은 해당 문자가 선거법 위반 소지가 있다는 신고가 접수됐다며 구체적 사실관계 확인에 나섰다.강지수 인턴기자 .                                     저작권자  서울경제 무단 전재 및 재배포 금지 ,2021-04-06,서울경제,강지수,이낙연 위원장은 CBS라디오 '김현정의 뉴스쇼'에 출연해 차기 유력 대선주자로 꼽히는 윤석열 전 검찰총장의 향후 행보와 관련해 “제가 가르칠 처지가 아니다”라고 입장을 밝혔다.,"이낙연 '윤석열, 제가 가르칠 처지 아냐'…'보선, 여론조사와 상당히 다를 것'"
  더불어민주당 이낙연 상임선대위원장 연합뉴스..  .15589479793640 ..  .15670434594650 더불어민주당 이낙연 공동 상임선대위원장은 높은 사전투표율과 유세 호응을 보고 서울부산 선거가 박빙의 선거로 가고 있다고 직감했다고 5일 말했다. 이 위원장은 이날 선대위 회의에서 이같이 발언한 뒤 당원 지지자 여러분이 투표장에 한 분이라도 더 모시도록 끝까지 노력해달라고 당부했다.그는 민주당은 서민중산층을 돕고 사회적 약자를 먼저 생각하는 정당이다. 잘못도 있지만 그래도 스스로 그것을 드러내고 고치는 정당은 민주당뿐이라며 민주당 정부의 공과를 정당하게 평가해달라고 호소했다. 또 야당 서울시장 후보가 내놓은 공약은 투기 광풍을 다시 몰고 올 우려가 농후하다면서 부동산 문제를 바람직하게 해결할 결의와 정책 기조를 가진 정당 역시 민주당이라고 강조했다.  ......1.8......0.. . 77  박신원 인턴기자 01.                                     저작권자  서울경제 무단 전재 및 재배포 금지 ,2021-04-05,서울경제,박신원,더불어민주당 이낙연 공동선대위원장은 5일  선대위 회의에서 서울·부산 선거가 박빙의 선거로 가고 있다고 직감했다고 말하며 민주당이 서민·중산층을 돕고 사회적 약자를 생각하는 정당으로 스스로 그것을 드러내고 고치는 정당은 민주당뿐이라고 호소했다.,이낙연 '박빙의 선거 직감…공과 정당하게 평가해달라'
 ..  .15589479793640 ..  .15670434594650 이낙연 더불어민주당 상임선대위원장이 5일 국회에서 열린 중앙선대위 회의에서 안경을 착용하고 있다.권욱 기자 2021.04.05권욱 기자 .  ......1.8......0.. . 77                                       저작권자  서울경제 무단 전재 및 재배포 금지 ,2021-04-05,서울경제,권욱,이 국회에서 열린 중앙선대위 회의에서 이낙연 더불어민주당 상임선대위원장이 안경을 착용하고 googletag.display을 이용했다.,안경 고쳐쓰는 이낙연
  이낙연 더불어민주당 공동 상임선대위원장이 4일 서울 도봉구 방학동 도깨비시장을 방문해 물건을 구매하고 있다. 권욱 기자..  .15589479793640 이낙연 더불어민주당 공동 상임선대위원장이 4일 민주당은 약한 사람 편을 조금 더 많이 든다며 박영선 민주당 서울시장 후보가 당선될 경우를 가정해 어려운 분들 쪽에 먼저 마음이 가게 될 것이라고 말했다. 47 재보궐선거를 약 사흘 앞두고 지지율 열세를 극복하기 위해 바닥 민심 잡기에 총력을 기울인다는 평가다...  .15670434594650 이 위원장은 이날 서울 도봉구 도봉산입구에서 열린 박 후보 지원유세에서 대한민국에는 큰 정당 두 개가 있다. 그런데 두 개가 조금 다르다며 어느 쪽은 센 사람들 편을 많이 든다고 주장했다. 그러면서 박 후보가 당선된다면 골목골목 소외된 분들에 대한 배려를 시정의 최우선 과제로 삼을 것이라고 강조했다. 그는 일을 잘하는 정도가 아니라 무섭게 밀어붙이는 분이라고 박 후보를 치켜세우기도 했다.그러면서 이 위원장은 오세훈 국민의 서울시장 후보의 내곡동 땅 의혹을 겨냥해 거짓말을 하고 있다고 비판했다. 그는 오 후보는 날마다 말을 바꾸고 계속 거짓말하고 있다며 서울시장처럼 높은 책임을 가진 양반을 거짓말해도 좋은 사람으로 뽑아놓는다면 앞으로 아이들에게 거짓말하지 말라는 말을 어떻게 하겠나라고 말했다.  ......1.8......0.. . 77  또 이 위원장은 야당 후보는 정권을 심판하자고 말한다. 그러나 임기 1년짜리 시장이 할 일은 아니라고 믿는다면서 시민 여러분의 살림을 돌봐야 할 시장이 심판만 하고 있겠다면 살림은 누가 하고 소는 누가 키우나라고 반문했다. 이어 짧고 짧은 이 기간을 황금처럼 중히 여기며 날마다 일만 하는 시장을 원하신다면 박영선밖에 없다고 덧붙였다.한국토지주택공사 사태에 성난 민심을 달래기 위한 언급도 나왔다. 이 위원장은 시민 여러분이 얼마나 화나고 속상하셨을지 잘 안다며 몹시 송구스럽게 생각한다. 여러분이 주시는 회초리가 많이 아프다고 말했다. 그러면서 잘라낼 것은 잘라내고 새롭게 세울 것은 새롭게 세워 부동산 때문에 어떤 사람은 절망하는 그런 세상을 꼭 바꿔놓겠다고 약속했다.이희조 기자 .                                     저작권자  서울경제 무단 전재 및 재배포 금지 ,2021-04-04,서울경제,이희조,이낙연 더불어민주당 공동 상임선대위원장이 4일 서울 도봉산입구에서 열린 박 후보 지원유세에서 민주당이 약한 사람 편을 조금 더 많이 들어 박영선 민주당 서울시장 후보가 당선될 경우 골목골목 소외된 분들에 대한 배려를 시정의 최우선 과제로 삼을 것이라고 강조했다.,"이낙연 “민주당은 약한 사람 편, 어느 당은 센 사람 편”"
  김근식 경남대 교수연합뉴스..  .15589479793640 ..  .15670434594650 김근식 국민의 비전전략실장이 이낙연 더불어민주당 상임선거대책위원장을 향해 부동산 정책에 대한사과는 쇼였고 오만한 협박을 하고 있다고 비판했다. 최근 이 위원장이 서울시의회 의원 109명 가운데 101명이 민주당 소속이라며 오세훈 후보가 당선돼도 뭘 하겠나고 말한 데 대한 지적이다. 김 실장은 지난 1일 본인의  계정을 통해 민주주의와 선거의 기본원칙조차 무시하는 망언 중의 망언이라며 시 의회를 장악했으니 오세훈 시장이 되면 임기 내내 시비 걸고 발목 잡아서 싸움판 만들겠다는 협박이라고 꼬집었다.   ......1.8......0.. . 77  김 실장은 서울시의회 절대다수가 민주당이면 서울시장은 항상 민주당이 해야 하나. 똑같은 논리라면 민주당이 국회 절대과반을 장악한 상황에서는 내년 대통령 선거도 야당은 이겨서는 안되는 건가. 의회 다수당이어야만 시장도 대통령도 가능하다는 논리는 독재국가에서나 가능한 억지일 뿐이다고 반박했다. 이어 민주화 이후 고故 김대중고 노무현 전 대통령도 국회 소수정당으로 야당 대통령으로 선출됐었다며 자신들은 해도 되고 남은 안된다는 것인가고 되물었다.김 실장은 이낙연 위원장의 오만한 협박을 혼내주기 위해서라도 이번 시장선거뿐 아니라 내년 6월 지방선거에서 서울시의회까지 확실하게 승리해야 한다고 강조했다.구경우 기자 .                                     저작권자  서울경제 무단 전재 및 재배포 금지 ,2021-04-02,서울경제,구경우,김근식 국민의힘 비전전략실장이 민주당 상임선거대책위원장이 오세훈 후보가 당선돼도 민주당 소속의원 101명이 민주당 소속이라며 부동산 정책에 대한 사과가 쇼였다고 비판하면서 오세훈 시장이 되면 임기 내내 시비 걸고 발목 잡아서 싸움판 만들겠다는 협박이라고 꼬집었다.,"김근식, 이낙연 ‘민주당 시의원 101명’ 발언 “사과는 쇼, 오만한 협박”"
  이낙연 더불어민주당 상임선대위원장이 2일 서울 여의도 국회에서 열린 중앙선대위 회의에서 발언하고 있다.권욱 기자..  .15589479793640 ..  .15670434594650 이낙연 더불어민주당 상임선거대책위원장이 47 재보궐선거 사전투표 첫날인 2일 부동산 문제 관련 혁신 노력을 받아달라며 지지를 호소했다.이 위원장은 이날 오전 국회에서 열린 당 중앙선대위 회의에서 엊그제 부동산 등에서 저희들이 부족했던 데 대해 국민에게 사과하고 다시 초심으로 돌아가 반성하고 혁신하겠다고 약속드렸다며 저희는 처절하게 성찰하면서 정책 대안은 당정이 협의해 구체화해 나가겠다고 밝혔다. 이어 오늘부터 이틀 동안 재보궐선거 사전투표가 진행된다며 저희의 부족함을 꾸짖으시더라도 저희의 혁신 노력을 받아주시길 다시 한 번 호소드린다고 강조했다.  ......1.8......0.. . 77  이 위원장은 이번 선거는 서울 부산뿐 아니라 대한민국 전체를 앞으로 가게할 건지 뒤로 가게 할 건지를 좌우할 것이라며 새로 뽑히는 서울 부산시장 등의 임기는 1년이다. 그 1년은 코로나19를 하루빨리 극복하고 민생 경제 회복에 전력해야 하는 귀중한 기간이라고 설명했다. 또 중앙정부와 지방정부 국회와 지방정부 지방의회와 지방정부가 하나로 을 합쳐 회복과 도약을 준비해야 하는 기간이라며 그 기간에 어떤 수장을 뽑는 것이 옳은 것인지 국민 여러분께서 현명하게 판단해주시리라 기대한다고 말했다.이 위원장은 오세훈 국민의 서울시장 후보가 내곡동 땅 주변 생태탕집에 방문했다는 식당 사장의 증언이 나왔다며 셀프보상 의혹 관련 거짓말이 속속 드러나고 있다고 공세를 이어갔다. 아울러 오 후보가 용산참사의 본질을 임차인들의 폭력 저항이라고 규정하고 무상급식 이슈로 시장직을 던졌다면서 이 시대 서울 지도자로서 심각한 결함이 있다고 목소리를 높였다.박진용 기자 .                                     저작권자  서울경제 무단 전재 및 재배포 금지 ,2021-04-02,서울경제,박진용,"이낙연 더불어민주당 상임선거대책위원장이 4·7 재보궐선거 사전투표 첫날인 2일 부동산 문제 관련 혁신 노력을 받아달라며 지지를 호소하며, 처절하게 성찰하면서 정책 대안은 당정이 협의해 구체화해 나가겠다고 밝혔다.","이낙연, 'LTV 완화 방안 당정 협의로 구체화할 것'"
  진성준 더불어민주당 의원 연합뉴스..  .15589479793640 박영선 캠프 전략기획위원장인 진성준 더불어민주당 의원이 현 정부 부동산 정책 기조와 관련해 방향과 원칙은 맞았는데 그것으로 부족했던 것이라고 2일 밝혔다...  .15670434594650 진 의원은 이날  라디오 김현정의 뉴스쇼에 출연해 부동산 규제 기조를 더 유지하고 더 강화해야 한다며 이같이 말했다. 그는 수요 규제와 동시에 공급도 해 나간다는 기조는 계속될 것이다. 흔들리지 않을 것이라고 강조했다.이는 앞서 당 지도부가 부동산 정책 실패를 인정하고 정책 전환을 시사했던 것과는 정반대 취지 발언으로 풀이된다. 이낙연 민주당 공동 상임선대위원장은 지난달 31일 기자회견을 통해 정부 여당은 주거의 현실을 제대로 보지 못했고 정책을 세밀히 만들지 못했다며 처음으로 집을 장만하려는 분께는 금융 규제를 대폭 완화하고 그 처지에 따른 맞춤형 지원을 크게 확대하겠다고 밝혔다. 현 정부가 계속해서 조여온 대출 규제를 풀겠다고 시사한 것이다. 김태년 당대표 직무 대행은 지난 1일 대국민 호소문을 발표해 부동산 정책 중에서 보완할 것은 신속하게 대책을 마련하겠다고 밝히기도 했다. 김 직무대행은 투기는 차단하되 무주택 실수요자의 내 집 마련 기회를 대폭 확대하겠다고 강조했다.  ......1.8......0.. . 77  반면 진 의원은 부동산 투기 세력에 집값 폭등의 원인을 돌렸다. 그는 부동산 정책 곳곳에 투기세력이 파고들 수 있는 구멍들이 있었다며 앞으로는 근본적이고 본질적인 처방들을 해 나가고 그런 점에 있어서 주저하지 않겠다고 했다.아울러 진 의원은 집값 폭등이 한국만의 현상이 아니다는 이호승 청와대 정책실장의 주장에 동의했다. 진 의원은 세계적인 추세가 그런 것임은 부인할 수 없는 사실이라고 말했다.김인엽 기자 .                                     저작권자  서울경제 무단 전재 및 재배포 금지 ,2021-04-02,서울경제,김인엽,"진영선 캠프 전략기획위원장인 진성준 더불어민주당 의원이 현 정부의 부동산 정책 기조와 관련해 “방향과 원칙은 맞았는데 그것으로 부족했던 것”이라고 2일 밝혔으며, 앞서 당 지도부가 부동산 정책 실패를 인정하고 정책 전환을 시사했던 것과는 정반대 취지 발언으로 풀이된다.","이낙연은 LTV 당정 통해 조율하겠다는데…진성준, '부동산 규제 강화해야'"
  이낙연 더불어민주당 상임선대위원장연합뉴스..  .15589479793640 ..  .15670434594650 이낙연 더불어민주당 상임선대위원장이 오세훈 국민의 서울시장 후보를 겨냥 임기 1년짜리 시장이 문재인 대통령과 정부 서울시의회하고 싸워서 이기겠나라고 날을 세운 것과 관련 국민의 비전전략실장을 맡고 있는 김근식 경남대 교수가 끝까지 오만하다고 이 위원장을 향해 대립각을 세웠다. 김 교수는 1일 자신의 페이스북에 올린 글을 통해 사죄와 후회의 기자회견은 결국 쇼였다면서 이렇게 목소리를 높였다. 그러면서 김 교수는 세상에 서울시 의회 절대다수가 민주당이면 서울시장은 항상 민주당이 해야 하느냐면서 똑같은 논리라면 민주당이 국회 절대과반을 장악한 상황에서는 내년 대통령 선거도 야당은 이겨서는 안되는 건가. 의회 다수당이어야만 시장도 대통령도 가능하다는 논리는 독재국가에서나 가능한 억지라고 거듭 이 위원장을 향해 강한 어조의 비판을 이어갔다.      김근식 경남대 교수연합뉴스  ......1.8......0.. . 77  김 교수는 이어 도대체 민주주의와 선거의 기본원칙조차 무시하는 망언중의 망언이라며 아무리 다급해도 할말이 있고 해서는 안될 말이 있다고도 적었다. 아울러 김 교수는 시의회를 장악했으니 오세훈 후보가 시장이 되면 임기내내 시비걸고 발목잡아서 싸움판 만들겠다는 협박이라면서 민주화 이후 김대중 노무현 대통령도 국회 소수정당으로 야당 대통령이 선출된 것이었다. 자신들은 해도 되고 남은 안된다는 건가라고 쏘아붙였다. 여기에 덧붙여 김 교수는 이낙연 위원장의 오만한 협박을 혼내주기 위해서라도 이번 시장선거 뿐 아니라 내년 6월 지방선거에서 서울시의회까지 확실하게 승리해야 한다고 강조했다. 앞서 이 위원장은 지난달 31일 서울 강서구 화곡역에서 열린 박영선 민주당 서울시장 후보 지원 유세에 나서 이번 시장은 임기가 1년짜리다. 문 대통령 임기와 비슷하고 시의원 구의원 구청장과 임기가 같은 날 끝난다며 임기 1년짜리 시장이 문재인 대통령과 정부 서울시의회하고 싸워서 이기겠나라고 오 후보를 정조준했다. 그러면서 이 위원장은 우리 시민들은 하루하루 살아가기 급해 죽겠는데 임기 1년짜리 시장이 싸움만 하고 있겠다는 건 아니라고 생각한다면서 시의회만 해도 시의원 109명 중에서 101명이 민주당이다. 오 후보가 싸워서 이기겠소라고도 했다. 김경훈 기자 .                                     저작권자  서울경제 무단 전재 및 재배포 금지 ,2021-04-02,서울경제,김경훈,"김낙연 더불어민주당 상임선대위원장이 오세훈 국민의힘 서울시장 후보를 겨냥, ""임기 1년짜리 시장이 청와대와 정부, 서울시의회하고 싸워서 이기겠나""라고 날을 세운 것과 관련해 김근식 경남대 교수는끝까지 오만하다며 비판했다.","이낙연 '오세훈, 시의회와 싸워 이기겠나' 주장에 김근식 '사죄의 기자회견은 쇼'"
  이낙연 더불어민주당 상임선대위원장이 지난달 31일 서울 광진구 지원유세에서 47 재보선 박영선 서울시장 후보 지지를 호소하는 연설을 하고 있다. 권욱 기자..  .15589479793640 ..  .15670434594650 이낙연 더불어민주당 상임선거대책위원장이 오세훈 국민의 서울시장 후보를 겨냥해 시의회에 가서 109명 중에 101명하고 싸우면 무엇을 어떻게 하겠다는 말인가라고 말해 논란이 되고 있다. 현재 서울시의회 의원 109명중 101명이 민주당 소속이라는 점에서 여당 다수의석인 시의회 지형상 시정을 펼칠 수 없다는 취지의 발언이다. 이 위원장은 지난달 31일 서울 강서구 화곡역 유세에서 임기 1년짜리 시장이 싸움만 하겠다는 것은 아니라고 생각한다. 싸움하면 문재인 대통령과 싸워야 하고 정부하고 싸워야 하고 시의회하고 싸워야 한다고 말했다. 같은 날 광진구 아차산역 앞 유세에서도 1년 내내 싸움을 한다면 살림은 누가하고 소는 누가 키우나. 싸움은 딴 사람이 하더라도 시장은 살림을 해야 할 것 아닌가라며 중앙정부에서는 대통령하고 싸움하고 시의회에 가서는 109명 중에 101명 하고 싸우면 무엇을 어떻게 하겠다는 말인가라고 목소리를 높였다.   ......1.8......0.. . 77  실제 서울시의회 민주당 소속 의원들 역시 연일 오 후보에 대한 공격을 이어가고 있다. 김인호 서울시의회 의장을 비롯한 11명의 민주당 소속 3선 시의원들은 지난달 25일 기자회견을 열고 오 후보에게 사퇴하라고 요구했다. 오 후보가 서울시장이었던 시기를 1년가량 경험했던 이들은 오 후보는 실패한 시장이라며 오 전 시장은 10년 전 무상급식 전면 도입에 반대해 스스로 시장직을 내팽개쳤다고 주장하고 있다. 아울러 오 후보 시장 재임 시절 시의회 본회의 출석률이 40에 그쳤고 시청 신청사를 비효율적으로 지었다고 비판했다. 송종호 기자 1894.                                     저작권자  서울경제 무단 전재 및 재배포 금지 ,2021-04-01,서울경제,송종호,이낙연 더불어민주당 상임선거대책위원장이 지난달 31일 서울 광진구 지원유세에서 4·7 재보선 박영선 서울시장 후보 지지를 호소하는 연설을 하며 오세훈 국민의힘 서울시장 후보를 겨냥해 “시의회에 가서 109명 중에 101명하고 싸우면 무엇을 어떻게 하겠다는 말인가”라고 말해 논란이 되고 있다.,"이낙연, 오세훈 겨냥 '시의원 109명 중 101명이 민주당…소는 누가 키우나'"
