﻿content,date,press,reporter,summary,title
  홍준표 무소속 의원연합뉴스..  .15589479793640 정부가 비트코인 등 가상자산은 화폐나 금융자산이 아니라면서 내년 과세 방침을 분명히 한 것과 관련 홍준표 무소속 의원이 탈출구 없는 청년들이 돌파구로 택한 비트코인을 불법으로 몰아간다면 블록체인을 기반으로 한 신기술들이 모두 사장되고 퇴장되는 시대 역행이 될지도 모른다고 날카롭게 대립각을 세웠다. 홍 의원은 28일 자신의 페이수북에 올린 글을 통해 시대가 변하면 국가는 변하는 시대에 맞추어 정책을 펼쳐야 한다며 비트코인 거래를 불법으로 몰고 가면서 이에 과세 하겠다는 것은 또 무슨 경우인가라고 목소리를 높였다. ..  .15670434594650 그러면서 홍 의원은 일자리 창출에 실패해 청년들은 거리를 헤매고 잘못된 좌파정책으로 자영업과 중소기업은 나락으로 떨어지고 대기업은 문재인 정권의 갑질에 투자를 머뭇거리고 있다며 갖은 가렴주구로 국민들은 중세에 시름하고 있는 지금 신기술마저 불법으로 치부해 버린다면 이 나라의 미래는 없다고 거듭 정부를 향한 강한 어조의 비판을 이어갔다.      홍남기 부총리 겸 기획재정부 장관연합뉴스  ......1.8......0.. . 77  앞서 홍남기 부총리 겸 기획재정부 장관은 전날 정부세종청사 기자간담회에서 내년 1월 1일부터 기타소득으로 분류해 과세가 이뤄진다며 가상소득 거래 소득에 대해서는 조세 형평상 과세하지 않을 수 없는 사안이라고 밝혔다. 아울러 홍 부총리는 정부는 암호화폐나 가상화폐가 아닌 가상자산이란 용어를 쓴다면서 저는 화폐커런시가 아니라고 생각한다고도 했다. 그러면서 홍 부총리는 가상자산은 무형이지만 경제적 가치가 있으니까 시장에서 거래가 되는 그런 자산으로 보시면 된다며 주요 20개국20에서도 처음엔 암호화폐크립토커런시란 용어를 쓰다가 이제 가상자산버추얼 에셋으로 용어로 통일했다고 부연했다. 여기에 덧붙여 홍 부총리는 가상자산을 자본시장육성법상 정한 금융투자자산으로 보기는 어렵다는 게 금융위원회의 의견이라면서 이러한 의견은 자본시장육성법상의 규제라든가 규제는 물론 투자자 보호도 대상이 아니라는 표현으로 제가 이해한다고 했다. 김경훈 기자 .                                     저작권자  서울경제 무단 전재 및 재배포 금지 ,2021-04-28,서울경제,김경훈,"홍남기 부총리 겸 기획재정부 장관은 가상자산은 화폐나 금융자산이 아니라면서 내년 과세 방침을 분명히 한 것과 관련하여 홍준표 무소속 의원이 ""탈출구 없는 청년들이 돌파구로 택한 비트코인을 불법으로 몰아간다면 블록체인을 기반으로 한 신기술들이 모두 사장되고 퇴장되는 시대 역행이 될지도 모른다""고 날카롭게 대립각을 세웠으며, 홍 의원은 28일 자신의 페이수북에 올린 글을 통해 ""시대가 변하면 국가는 변하는 시대에 맞추어 정책을 펼쳐야 한다""며 ""비트코인 거래를 불법으로 몰고 가면서 이에 과세 하겠다는 것은 또 무슨 경우인가?""라고 목소리를 높였다.",정부 '비트코인' 과세 방침에 홍준표 '탈출구 없는 청년들 돌파구…시대에 역행'
  조해진 국민의 의원이 지난 23일 서울 여의도 국회 소통관에서 당대표 선거 출마를 선언하고 있다.권욱 기자..  .15589479793640 국민의 차기 당대표에 도전하는 조해진 의원이 28일 안철수 국민의당 대표가 대선 불출마 선언을 번복하고 대권에 도전해야 정권교체에 도움이 된다고 말했다...  .15670434594650 조 의원은 이날  라디오 김종배의 시선집중에 출연해 안 대표가 대선 출마에 대해서 열어 놓고 고민하실 필요가 있다고 했다. 그러면서 정권교체를 바라는 모든 사람들의 과 열정과 에너지를 하나로 모으는데 저는 의미가 있고 도움이 된다고 생각하기 때문에 그 고민을 해볼 필요가 있다고 본다고 강조했다.앞서 안 대표는 지난 서울시장 보궐선거 출마 선언을 하며 2022년 대선에 출마하지 않겠다는 입장을 밝혔고 이후에도 여러 차례 불출마 의사를 보였다. 이태규 국민의당 사무총장도 지난 19일 한 라디오 방송에서 대선을 접었다는 것은 안 대표가 서울시장이 안돼도 여전히 유효하다며 정권교체를 하려면 본인이 연출자가 되든 주연이 되든 조연이 되든 백의종군하든 역할에 연연하지 않겠다라는 입장을 갖고 있는 것으로 알고 있다고 했다.  ......1.8......0.. . 77  이에 조 의원은 정권 교체를 위해 중량감 있는 인물들이 모두 을 합쳐야 한다고 주장했다. 그는 우리 당에 대해서는 그동안 거리를 둬왔던 중도계층 심지어 진보층 일부도 우리당과 같이 어떻게든 연대해서 정권교체 하자는 마당에 우리 당에 인연이 있었던 분들은 무조건 을 모아야 한다고 했다. 그러면서 우리 당과 조금이라도 인연이 있던 사람이라면 자기 있는 위치에서 자기 역할을 찾아서 해야한다고 덧붙였다.조 의원은 황교안 전 대표과 홍준표 무소속 의원에 대해서도 비슷한 입장을 취했다. 조 의원은 홍준표 의원 복당도 바로 추진하느냐는 질문에 시점을 특정할 순 없지만 밖에 있는 윤석열 전 총장하고도 같이 하려고 하는 마당에 우리당의 당대표대선후보까지 지낸 분을 밖에 혼자 떨궈 놓고 한다면 대통합이 안 된다고 했다.김남균 기자 .                                     저작권자  서울경제 무단 전재 및 재배포 금지 ,2021-04-28,서울경제,김남균,조해진 국민의힘 의원이 지난 23일 서울 여의도 국회 소통관에서 당대표 선거 출마를 선언하고 안철수 국민의당 대표가 '대선 불출마' 선언을 번복하고 대권에 도전해야 정권교체에 도움이 된다고 강조했다.,조해진 '안철수 대선 출마·홍준표는 복당…대통합하자'
  홍준표 무소속 의원연합뉴스..  .15589479793640 홍준표 무소속 의원의 복당을 두고 국민의 내부에서 찬반이 첨예하게 엇갈리는 상황과 관련 홍 의원이 차분하게 때를 기다리겠다는 속마음을 드러냈다. 홍 의원은 27일 자신의 페이스북에 올린 글을 통해 100세 시대 유엔 세대 분류 기준을 보면 18~65세 까지를 청년 66~79세까지를 중년 80세부터를 노년이라고 한다며 유엔 기준을 보면 나는 청년을 넘어 중년으로 들어섰다고 말문을 열었다. ..  .15670434594650 그러면서 홍 의원은 중년이 돼서야 참는 법을 알았다는 것이 참으로 안타깝다면서 벌새들의 시샘도 소인배들의 모략도 모리배들의 농간도 참는다고 적었다. 이같은 홍 의원의 언급은 자신에게 강성 이미지를 입히고 복당을 반대하는 국민의 일부 의원들을 겨냥한 것으로 읽힌다.   ......1.8......0.. . 77  홍 의원은 아울러 세상이 평정되면 다 해소될 것을 뭐하러 지금 조급할 필요가 있는가라고 조언을 듣는다고 했다. 여기에 덧붙여 홍 의원은 화는 스스로의 판단을 흐리게 하고 종국에 가서는 파멸을 부른다면서 50년 동안 참고 기다린 사마의를 다시금 생각케 하는 요즘이라고 썼다. 사마의는 중국 삼국시대 위나라의 재상으로 조조 일가 밑에서 오랜 시간 기회를 엿보다가 권력을 장악한 인물이다. 김경훈 기자 .                                     저작권자  서울경제 무단 전재 및 재배포 금지 ,2021-04-27,서울경제,김경훈,"홍 무소속 의원은 자신의 페이스북에 올린 글을 통해 ""100세 시대 유엔 세대 분류 기준을 보면 18~65세 까지를 청년, 66~79세까지를 노년, 80세부터를 노년이라고 한다""며 최고위원 기준을 보면 나는 청년을 넘어 중년으로 들어섰다""고 주장해 자신의 '강성 이미지'를 입히고 복당을 반대하는 국민의힘 일부 의원들을 겨냥한 것으로 보인다.","홍준표, '50년 기다린 사마의' 언급 '세상이 평정되면 다 해소될 것을 뭐 하러'"
  홍준표 무소속 의원 연합뉴스..  .15589479793640 ..  .15670434594650 검사 출신 홍준표 무소속 의원이 25일 문재인 정권에서 토사구팽 당하고 빈 껍데기가 된 검찰이 더 이상 찾지 않는 존재가 됐다고 푸념했다.홍 의원은 이날 자신의 페이스북에 문재인 정권 초기 검찰은 이명박박근혜 정권 사람들을 사냥하는 데 견마지로를 다 했다. 이른바 정치수사를 자행했다고 말했다. 이어 그 바람에 어떤 사람은 벼락출세하기도 하고 검찰이 마치 정의의 사도인 양 행세했다고 지적했다. 그는 정권 입장에서는 이런 사냥개 조직을 그대로 두면 자신들이 퇴임 후 또 물릴 수 있다고 보고 대부분 수사권은 경찰로 이관하고 고급 범죄는 공수처로 넘겨 허깨비 검찰을 만듦으로써 검찰을 토사구팽했다고 꼬집었다.  ......1.8......0.. . 77  그러면서 이제 법무법인에서도 검사 출신 변호사를 찾지 않는다고 한다. 빈 껍데기가 된 검찰에 변론할 필요가 없어지게 된 것이라며 이 모든 것이 문재인 정권 앞잡이 노릇을 한 일부 정치검사들의 탓이라고 비판했다. 홍 의원은 사법체계 붕괴를 오게 한 그들은 지금 이걸 알고 있을까라며 그 피해는 고스란히 남아있는 검사들이 보고 있다고 적었다.강지수 인턴기자 .                                     저작권자  서울경제 무단 전재 및 재배포 금지 ,2021-04-25,서울경제,강지수,"자유한국당 출신 홍준표 무소속 의원이 25일 문재인 정권 초기 검찰은 이명박, 박근혜 정권 사람들을 사냥하는 데 견마지로를 다 했으며, 일명 정치수사를 자행했다고 비판하며 문재인 정권에서 빈 껍데기가 된 검찰이 더 이상 찾지 않는 존재가 됐다고 푸념했다.","홍준표 “文정권, 퇴임 후 물릴까 검찰 토사구팽”"
  홍준표 무소속 의원 연합뉴스..  .15589479793640 홍준표 무소속 의원이 차기 대선 주자들을 향해 조폭 리더십이 형님 리더십으로 양아치 리더십이 사이다 리더십으로 미화되고 있다고 지적했다...  .15670434594650 홍 의원은 페이스북을 통해 24일 모처럼 청계산에 올라 서울 시내를 바라봤다고 운을 뗐다. 이어 알고 지내던 언론인이 자극적인 기사가 판을 치는 세상이 됐다고 푸념했다며 이처럼 급 언론이 각광 받고 페이크 뉴스가 난무하고 정도를 가는 언론이 외면받으면 한국 사회는 급 사회가 되고 거짓과 선동이 난무하는 혼돈의 세상이 된다고 강조했다.그러면서 조폭 리더십이 형님 리더십으로 미화되고 양아치 리더십이 사이다 리더십으로 둔갑하고 응답률 5도 안 되는 여론조사가 활개치는 나라가 되어선 안 된다며 윤석열 전 검찰총장과 이재명 경기지사를 싸잡아 비판했다. 그는 이어 평상심이 지배하고 상식이 변칙을 누르는 정상 사회로 돌아가야 한다. 가는 봄을 아쉬워하며 봄날은 간다를 불러 본다며 연분홍 치마가 봄바람에 휘날리더라~를 흥얼거렸다고 했다.  ......1.8......0.. . 77  한편 지난 22일 차기 대권주자 적합도 조사에서 이 지사와 윤 전 총장이 3주 연속 오차 범위 내에서 각각 12위를 유지하고 있다는 여론조사 결과가 발표됐다. 엠브레인퍼블릭케이스탯리서치코리아리서치한국리서치가 19일부터 21일까지 성인 1009명을 대상으로 실시한 4월 3주차 전국지표조사에 따르면 응답자의 25가 차기 대통령감으로 이 지사를 뽑았다. 윤 전 총장 지지율은 22를 기록했다. 이 지사는 같은 조사에서 9일 윤 전 총장을 꺾고 다시 지지율 1위를 기록한 이후 3주째 선두를 유지하고 있다. 이 지사에 비해 지지율이 6포인트까지 뒤졌던 윤 전 총장은 22일 지지율 차를 3포인트까지 줄이며 오차 범위 내에서 이 지사를 따라잡고 있다. 한때 유력한 대권주자로 손꼽혔던 이낙연 전 더불어민주당 대표를 차기 대권 주자로 꼽은 응답은 8에 그쳐 2주 연속 한 자릿수 지지율을 기록했다. 이 전 대표에 이어 홍 의원3 안철수 국민의당 대표3 정세균 전 총리2 심상정 정의당 의원1 황교안 전 자유한국당현 국민의 대표1가 대권주자로 이름을 올렸다.이번 조사는 통신 3사가 제공하는 휴대전화 가상번호100를 활용한 전화면접조사로 진행됐다. 표본오차는 95신뢰수준에서 3.1포인트다. 자세한 조사 결과는 중앙선거여론조사심의위원회 홈페이지를 참고하면 된다.강지수 인턴기자 .                                     저작권자  서울경제 무단 전재 및 재배포 금지 ,2021-04-25,서울경제,강지수,"지난 4월 19일부터 23일까지 실시된 차기 대권주자로 한국당 대표 및 차기 총선후보 적합자 명단을 살펴보니, 홍준표 무소속 의원이 “조폭 리더십이 형님 리더십으로, 양아치 리더십이 사이다 리더십으로 미화되고 있다”고 지적,  윤석열 전 검찰총장과 이재명 경기지사를 싸잡아 비판했다.",홍준표 “조폭·양아치 리더십이 미화”…윤석열·이재명 저격
  홍준표 무소속 의원.연합뉴스..  .15589479793640 홍준표 무소속 의원이 윤석열 전 검찰총장과 이재명 경기도지사가 차기 대권후보 지지율 선두를 달리고 있다는 여론조사 결과와 이 둘을 모두 비판했다...  .15670434594650 홍 의원은 지난 24일 자신의 소셜네트워크서비스를 통해 조폭 리더십이 형님 리더십으로 미화되고 양아치 리더십이 사이다 리더십으로 둔갑하고 응답률 5도 안 되는 여론조사가 활개치는 나라가 되어서도 안 된다며 이 같이 밝혔다.조폭 리더십과 양아치 리더십을 언급한 부분은 윤석열 전 검찰총장과 이재명 경기지사를 간접적으로 비판한 것으로 읽힌다. 홍 의원은 지난달 5일에도 에 검찰을 두고 조폭 같은 의리라고 비판했다. 사이다 리더십은 이 지사 측이 강점으로 내세우는 키워드다.  ......1.8......0.. . 77  홍 의원은 이 지사와 윤 전 총장이 높은 지지율을 차지하는 이유는 언론이 자극적으로 포장해주기 때문이라며 불만을 표했다. 홍 의원은 지금 대한민국 언론 상황은 급 언론 황색 언론이 자극적인 기사로 판을 치는 세상이 됐다고 지적했다. 그러면서 급 언론이 각광을 받고 페이크 뉴스가 난무하고 정도를 가는 언론이 오히려 외면 받는 세상이 되면 한국사회는 급 사회가 되고 거짓과 선동이 난무하는 혼돈의 세상이 된다고 했다. 홍 의원은 평상심이 지배하고 상식이 변칙을 누르는 정상사회로 돌아가야 한다고 덧붙였다.앞서 이 지사와 윤 전 총장은 지난 22일 차기 대권주자 적합도를 묻는 여론조사에서 오차범위 내 각각 12위를 차지했다. 엠브레인퍼블릭케이스탯리서치코리아리서치한국리서치가 지난 19일~21일 성인 1009명을 대상으로 실시한 조사표본오차는 95신뢰수준에 3.1포인트응답률 29.6에 따르면 응답자의 25가 차기 대통령감으로 이 지사를 뽑았다. 윤 전 총장의 지지율은 22를 기록했다. 홍 의원은 3대를 기록했다. 자세한 여론조사 결과는 중앙선거여론조사심의위원회 홈페이지를 참고하면 된다.김남균 기자 .                                     저작권자  서울경제 무단 전재 및 재배포 금지 ,2021-04-25,서울경제,김남균,"홍열 전 검찰총장과 이재명 경기도지사가 차기 대권후보 지지율 선두를 달리고 있다는 여론조사 결과와 홍 의원은 지난 24일 자신의 SNS를 통해 사이다 리더십이 사이다 리더십으로 둔갑하고, 응답률 5%도 안 되는 여론조사가 활개치는 나라가 되어서도 안 된다며 이 둘을 모두 비판했다.","홍준표, 윤석열·이재명 에둘러 비판…'조폭·양아치 리더십'"
  홍준표 무소속 의원.연합뉴스..  .15589479793640 ..  .15670434594650 홍준표 무소속 의원이 22일 이명박박근혜 전직 대통령 사면론 등을 놓고 내부 갈등을 빚고 있는 국민의을 비판했다.홍 의원은 이날 자신의 소셜네트워크서비스를 통해 그분들과 역사를 단절하며 집권을 꿈꾸는 것은 위선이라며 이 같이 밝혔다. 홍 의원은 노태우 전 대통령은 전두환 정권의 공과를 김영삼 전 대통령은 노태우 정권의 공과를 노무현 전 대통령은 김대중 정권의 공과를 안고 집권했다고 적었다. 이어 지금 집권한 문재인 대통령은 폐족을 자처하던 노무현 잔여세력들이 뭉쳐 노무현 정권 2기를 만든 것이지 노무현 정권과 차별화 하거나 역사 단절을 외치고 있지 않다고 했다. 그러면서 국민의이 이명박박근혜 정권의 공과를 안고 더 나은 모습으로 국민들의 심판을 받을 생각을 해야지 그분들과 역사를 단절시키면서 집권을 꿈꾸는 것은 위선이고 기만이라고 강조했다.  ......1.8......0.. . 77  홍 의원의 이 같은 주장은 최근 국민의 내부에서 제기되는 두 전직 대통령에 대한 사면 시기상조론 내지 반대론에 대한 비판으로 풀이된다. 앞서 서병수 국민의 의원은 지난 20일 국회 대정부질문에서 저를 포함해 많은 국민이 박 전 대통령 탄핵이 잘못됐다고 믿고 있다고 말했다. 이에 국민의 안팎에선 탄핵 불복에 대한 비판과 함께 두 전직 대통령들에 대한 사면론도 적절하지 않다는 지적이 나왔다. 김재섭 국민의 비상대책위원은 이날 한 라디오 방송에서 초선이나 쇄신을 하려고 하는 의원들은 전직 대통령들 사면에 대해 시기상조라고 한다고 했다. 이준석 전 국민의 최고위원도 전날 지금 시점에서 사면을 논의하기엔 비판 받을 수 있으니 저 같으면 안 한다고 말한 바 있다.이에 홍 의원은 아무리 염량세태炎凉世態권세가 있으면 모이고 없어지면 푸대접하는 모습을 뜻함라고들 하지만 부끄러운 조상도 내 조상이고 부끄러운 부모도 내 부모라고 꼬집었다. 이어 쿠데타로 집권하지 않은 이상 단절되지 않고 도도히 흘러가는 것이 역사라고 덧붙였다.김남균 기자 .                                     저작권자  서울경제 무단 전재 및 재배포 금지 ,2021-04-22,서울경제,김남균,홍준표 무소속 의원이 자신의 소셜네트워크서비스(SNS)에 이명박·박근혜 전직 대통령 사면론 등을 놓고 내부 갈등을 빚고 있는 국민의힘을 비판하면서 국민의힘이 이명박·박근혜 정권의 공과를 안고 더 나은 모습으로 국민들의 심판을 받을 생각을 해야지 그분들과 역사를 단절시키면서 집권을 꿈꾸는 것은 위선이고 기만이라고 말했다.,홍준표 '이명박·박근혜와 단절? 부끄러운 부모도 내 부모'
  무소속 홍준표 의원. 연합뉴스..  .15589479793640 ..  .15670434594650 무소속 홍준표 의원은 21일 이스타항공 창업주 무소속 이상직 의원의 부정채용 지시 의혹에 관해 자신의 아들은 정작 야당 인사의 아들이라는 이유로 이스타항공 면접에서 떨어졌다고 주장했다. 이상직 의원은 횡령배임 등의 혐의로 구속영장이 청구됐으며 20142015년 승무원 채용 과정에서 인사팀에 특정 지원자를 추천했다는 의혹을 받는다.홍 의원은 에서 둘째 아들이 4년 전 잘 다니던 자동차 회사 해외영업부를 과장 승진 직전에 사직하고 파일럿을 꿈꾸며 미국 애리조나 비행 학교에 가 대형항공기 면허까지 받아왔다며 2년 동안 번번이 면접에서 떨어졌다고 말했다. 그는 저비용항공사마다 필기실기 시험에 합격하고도 늘 면접에서 아버지가 야당 인사라는 이유로 떨어졌다며 야당 인사 아들을 취업시키면 국토교통부 항공정책실에서 항공노선 조정 때 불이익을 주기 때문이라 했다고 주장했다.  ......1.8......0.. . 77  홍 의원은 땅바다하늘의 모든 면허증을 17개나 가진 둘째 아들은 지금은 파일럿을 포기하고 중견 기업에서 성실히 근무하고 있다며 홍준표 아들이라는 것이 족쇄가 되는 것은 참으로 잘못된 세상이라고 목소리를 높였다. 이어 야당 아들에겐 블랙리스트를 항공사마다 돌려 정당한 취업도 가로막는 횡포를 자행하더니 자기끼리는 특혜 취업을 했다며 양두구육이라고 강하게 비판했다.홍 의원은 2004년 노무현 정부 시절 교통사고로 발목에 철심을 박아 병역면제 대상이었던 둘째 아들이 철심을 빼고 신체검사 2급 판정을 받은 뒤 수송병에 지원했으나 탈락했던 일화도 언급했다. 아들이 중장비 면허까지 있었다면서 입대 통보가 없어서 알아보니 수송병과는 비리가 많은데 야당 저격수 아들을 데리고 가겠느냐고 답했다며 그날 술을 한잔하고 들어온 아들이 아버지는 내 인생에 전혀 도움이 안 된다고 푸념을 늘어놓고 바로 해병대에 지원 입대를 했다고 말했다.박신원 인턴기자 01.                                     저작권자  서울경제 무단 전재 및 재배포 금지 ,2021-04-21,서울경제,박신원,21일 홍준표 의원은 횡령·배임 등의 혐의로 구속영장이 청구됐으며 2014~2015년 승무원 채용 과정에서 인사팀에 특정 지원자를 추천했다는 의혹을 받는 이스타항공 창업주 무소속 이상직 의원의 '부정채용 지시' 의혹에 관해 자신의 아들은 정작 야당 인사의 아들이라는 이유로 이스타항공 면접에서 떨어졌다고 주장했다.,홍준표 '내 아들이 이스타 부정채용 피해자…野 인사 아들이라는 이유'
  홍준표 무소속 의원 연합뉴스..  .15589479793640 ..  .15670434594650 재보궐 선거 참패 후 부동산 정책 유턴에 속도를 내고 있는 더불어민주당에서 종합부동산세 적용 대상을 9억원에서 12억원으로 상향하는 종부세법 개정안이 발의된 가운데 홍준표 무소속 의원이 정부의 부동산 세법을 두고 중복과세 금지 원칙에도 어긋나고 조세법률주의에도 어긋나는 위헌적 제도라고 날을 세웠다.홍 의원은 20일 자신의 페이스북을 통해 한 물건에는 한 종목의 세금이 부과되는 것이 조세의 기본 원칙이라며 지금 부동산 세제 중 재산세와 종부세는 한 물건에 중복 과세가 되고 있다고 꼬집었다. 그러면서 원래 종부세는 집도 있고 땅도 있고 상가도 있는 경우 종합부동산에 누진적으로 과세하는 제도인데 단일 부동산이 9억 넘는다고 재산세 외에 또 종부세를 부과하는 것은 중복과세 금지 원칙에도 어긋나고 조세법률주의에도 어긋나는 위헌적 제도라고 지적했다.  ......1.8......0.. . 77  그는 더구나 행정기관이 자의적으로 정하는 공시지가에 따라 종부세를 또 부과할 때 그 위헌성은 더욱더 커진다며 단일 부동산에는 재산세 과표만 현실화하면 될 것을 위헌적인 종부세를 또 부과하는 것은 명백히 헌법 위반이라고 비판했다. 그러면서 우리나라 국민들은 참 순진하다며 이런 세금은 조세저항을 해서라도 고쳐야 한다고 역설했다.국회 정무위원회 여당 간사인 김병욱 민주당 의원은 이날 기자회견을 열고 공시지가 급등에 따른 국민 세 부담을 덜기 위한 종부세법재산세법 개정안을 대표 발의했다. 김 의원이 발의한 종부세법 개정안은 1가구 1주택자에 대한 종부세 납부 기준을 현행 공시지가 9억원에서 12억원으로 상향해 적용 대상을 줄였다. 종부세 과세표준 공제액도 6억원에서 7억원으로 상향해 다주택자는 공시지가 합산 7억원 이상부터 종부세 납부 대상이 된다.강지수 인턴기자 .                                     저작권자  서울경제 무단 전재 및 재배포 금지 ,2021-04-21,서울경제,강지수,홍준표 무소속 의원이 종부세 과세 대상 기준을 9억원에서 12억원으로 상향하는 종부세법 개정안이 발의된 것을 두고 20일 자신의 페이스북을 통해 재산세와 종부세는 한 물건에 중복 과세가 되는 위헌적 제도라고 비판했다.,"홍준표 '종부세, 중복과세 원칙에 어긋나…순진한 국민들 조세저항해야'"
  김종인 전 국민의 비상대책위원장연합뉴스..  .15589479793640 장제원 국민의 의원이 자신을 향해 홍준표 무소속 의원 꼬붕이라고 언급한 김종인 국민의 전 비상대책위원장을 겨냥 김종인 꼬붕이 아니어서 참으로 자랑스럽다고 응수했다. 장 의원은 20일 자신의 페이스북에 올린 글을 통해 비판자의 말 모두가 정치적 의도와 배경이 있다고 생각하는 저렴한 인식이 역시 정치거간꾼 답다면서 이렇게 목소리를 높였다. 그러면서 장 의원은 자신의 처지나 상황에 따라 그때 그때 말을 바꾸어도 일말의 부끄러움 조차 느끼지 못하는 인지부조화부터 치료 받으시는 것이 급할 것 같다고 거듭 김 전 위원장을 향해 강한 어조의 비판을 이어갔다. ..  .15670434594650 한편 김 전 위원장은 이날 경향신문과의 인터뷰에서 자신을 비판해온 장 의원을 정조준하면서 홍준표 의원 꼬붕이라며 상대도 안 한다. 지가 짖고 싶으면 짖으라는 것이라고 했다.      장제원 국민의 의원연합뉴스  ......1.8......0.. . 77  김 전 의원장은 또한 윤석열 전 검찰총장의 국민의 합류에 대해서는 윤석열 지지율이 높으니까 자기들이 윤석열만 입당시키면 다 될 것이라고 생각하는 것이라면서 그런 식의 정치를 해선 국민의 마음을 끌 수가 없다고 국민의을 쏘아붙였다. 이어서 김 전 위원장은 윤 전 총장이 지금 정돈되지도 않은 곳에 불쑥 들어가려 하겠나라고 물은 뒤 지금 국민의에 들어가서 흙탕물에서 같이 놀면 똑같은 사람이 되는 것이라고도 했다. 이같은 김 전 위원장의 발언에 대해 장 의원은 자신의 페이스북에 글을 올려 늘 대선때만 되면 유력 대선 주자에게 다가가 훈수질을 하며 정치 거간을 하려는 분들이 나타난다며 김 전 위원장을 정면으로 겨냥했다. 그러면서 장 의원은 윤 전 총장이 국민의에 들어오지 않으면 대권으로 가는 길이 보이지 않을 것이라면서 온갖 음해와 네거티브는 누가 나서 싸울 건가 막대한 자금은 어떻게 조달할 건가 일선 읍 면 동까지 뻗어있는 조직은 어떻게 감당할 건가라고 적었다. 장 의원은 아울러 이러한 대선에 필요한 기본적이고도 실무적인 요소들은 차치하더라도 독자노선을 가야한다는 말은 단언컨대 이간질이라고 김 전 위원장을 향해 날을 세웠다. 김경훈 기자 .                                     저작권자  서울경제 무단 전재 및 재배포 금지 ,2021-04-20,서울경제,김경훈,장제원 국민의힘 의원이 자신의 페이스북에 '홍준표 (무소속) 의원 꼬붕'이라고 언급한 김종인 전 비상대책위원장을 비판하면서 김 전 위원장은 자신의 처지나 상황에 따라 그때 그때 말을 바꾸어도 일말의 부끄러움 조차 느끼지 못하는 인지부조화부터 치료 받으시는 것이 급할 것 같다고 말했다.,김종인 '홍준표 꼬붕' 맹폭하자 장제원 '저렴한 인식이 역시 '정치 거간꾼'다워'
  홍준표 무소속 의원연합뉴스..  .15589479793640 ..  .15670434594650 권력은 영원하지 않다면서 문재인 대통령을 향해 이명박박근혜 두 전직 대통령에 대한 사면을 촉구한 홍준표 무소속 의원의 발언을 두고 신동근 더불어민주당 의원이 박근혜 전 대통령이 탄핵돼도 싸다고 하더니 이제는 탄핵이 부당했다고 주장하는 건가라고 홍 의원을 정조준했다.신 의원은 18일 자신의 페이스북에 올린 글을 통해 홍준표 의원이 박근혜 전 대통령 탄핵이 통치 행위에 대한 부당한 수사와 사법적 판결이었다고 주장하고 나왔다면서 이렇게 목소리를 높였다.그러면서 신 의원은 이명박 박근혜 두 전직 대통령의 사면을 주장하기 위해 논거로 내세운 것으로 보인다며 참 어처구니가 없다. 국민의 내부에서 홍 의원의 복당에 대해 주저하는 이유는 홍 의원 자체에 있다는 걸 진짜 모르시나 보다라고 날을 세웠다.아울러 신 의원은 2017년 3월 29일 홍준표 당시 경남지사가 한국신문방송편집인협회 초청 세미나에서 박근혜 전 대통령에 대해 했던 발언을 상기시켜 드리겠습니다면서 춘향이인 줄 알았는데 향단이였다 우파의 대표를 뽑아 대통령을 만들어놨더니 허접하고 단순한 여자였다 탄핵당해도 싸다 등 홍 의원이 박 전 대통령 탄핵 당시 했던 발언을 열거했다.     신동근 더불어민주당 의원연합뉴스  ......1.8......0.. . 77  여기에 덧붙여 신 의원은 이렇게 말씀하신 게 있는데 이제 와서 탄핵이 부당했다는 주장에 일관성이나 진정성이 느껴지겠나라며 홍준표가 홍준표했다는 말이 나오기 십상이라고 비판의 수위를 끌어올렸다.앞서 홍 의원은 이날 문재인 대통령은 대통령의 통치 행위도 수사대상이 되고 사법심사의 대상이 된다는 관례를 만들었다면서 문 대통령은 퇴임 후 누가 후임 대통령이 되더라도 그게 변명할 수 없는 부메랑이 될 것이라고 박 전 대통령에 대한 사면을 주장했다.그러면서 홍 의원은 노무현 대통령 취임 초기 당시 민정수석이었던 문 대통령이 박지원만 구속하고 사실상 송금을 지시한 는 조사조차 하지 않은 것은 그것을 대통령의 통치 행위로 판단했기 때문이었을 것이라고도 적었다.홍 의원은 또한 대통령의 통치 행위는 위법 여부를 떠나 사법심사의 대상이 안 되는 게 판례였고 법조상식이었다면서 이 때문에 는 대북 송금 사건에서 조사도 받지 않고 처벌도 받지 않았다고 해석했다.아울러 홍 의원은 그런데 문 대통령은 대부분 통치 행위였던 박근혜 전 대통령을 검찰을 이용해 여론몰이로 구속하고 또다시 검찰을 이용해 이명박 전 대통령도 증거 없이 구속했다며 박 전 대통령은 수사 대상도 아닌 대통령의 통치 행위를 범죄로 몰았고 이 전 대통령은 오직 노무현 전 대통령을 자진自盡하게 했다는 사적 감정으로 정치 보복을 한 것이라고 주장했다.김경훈 기자 .                                     저작권자  서울경제 무단 전재 및 재배포 금지 ,2021-04-20,서울경제,김경훈,"문재인 대통령을 향해 이명박·박근혜 두 전직 대통령에 대한 사면을 촉구한 홍준표 무소속 의원의 발언을 두고 신동근 더불어민주당 의원은 ""이명박, 박근혜 두 전직 대통령의 사면을 주장하기 위해 논거로 내세운 것으로 보인다""며 설자리를 여는 가운데 신 의원은 ""이후 박근혜 전 대통령 탄핵이 통치 행위에 대한 부당한 수사와 사법적 판결이었다고 주장하고 나왔다""고 말했다.",'박근혜 탄핵 돼도 싸' 홍준표 발언 꺼낸 신동근 '홍준표가 홍준표했단 말 나올 수도'
 ..  .15589479793640 ..  .15670434594650 야권 대선주자인 홍준표 무소속 의원이 17일 문재인 대통령을 향해 이명박 박근혜 전 대통령을 사면하라고 촉구했다.홍 의원은 이날 페이스북을 통해 시간이 지나면 텅 비는 모래시계처럼 권력은 영원하지 않다면서 레임덕임기 말 권력 누수 현상을 막으려고 몸부림 치면 칠수록 권력은 더 깊은 수렁으로 빠지게 된다고 설명했다. 그러면서 섭리로 받아들이시고 마무리 국민통합 국정에만 전념하라라고 조언했다.  ......1.8......0.. . 77  홍 의원은 이어 온누리에 부처님의 가피加被자비로 을 주는 일가 펼쳐지는 초파일이 다가온다며 자신의 업보로 될 두 전직 대통령도 이제 사면 하시고 마지막으로 늦었지만 화해와 화합의 국정을 펼치시길 기대한다. 지켜보겠다고 강조했다.지난 1월에 홍 의원은 이명박 박근혜 두 전직 대통령을 사면이 아닌 석방해야 한다고 주장한 바 있다. 하지만 이날은 사면하라고 주장했다. 문재인 대통령이 국민 화합을 위해 매듭을 풀라는 것으로 해석된다.구경우 기자 .                                     저작권자  서울경제 무단 전재 및 재배포 금지 ,2021-04-17,서울경제,구경우,"홍준표 무소속 의원이 17일 문재인 대통령을 향해 ""이명박, 박근혜 전 대통령을 사면하라""고 촉구해 대통령은 1월 초로 미뤄진 전직 대통령의 석방을 추진해야 할 것으로 보인다.","홍준표 “文, 권력 영원하지 않아…이명박·박근혜 사면하라”"
  홍준표 무소속 의원.연합뉴스..  .15589479793640 홍준표 무소속 의원이 16일 김종인 전 국민의 비상대책위원장을 복장福將이라 평가했다. 국민의이 지난 47 재보궐선거에서 압승한 건 운이 좋았기 때문이지 김 전 위원장이 잘해서가 아니라는 뜻이다...  .15670434594650 홍 의원은 이날 자신의 소셜네트워크서비스를 통해 지난 1년 동안 김종인 비대위 체제는 국민들의 신망을 받지 못한 체제였다. 그러나 김 전 위원장은 지장용장덕장도 아닌 복장이었기 때문에 운 좋게 이긴 것이다고 밝혔다.홍 의원은 전날 발표된 여론조사 결과를 언급하며 보궐선거 압승의 원인은 유권자들은 야당의 정책 보고 찍었다 3 야당의 인물 보고 찍었다 3 야당의 활동 보고 찍었다 1라며 야당에 대한 적극적인 지지도는 도합 7에 불과했다고 했다. 이어 이번 보궐선거의 압승 원인은 여당과 청와대의 부동산 정책 잘못이 43 그 외 대부분은 문재인 정권 실정과 폭정이 정권에 등을 돌리게 된 원인이었다고 했다.  ......1.8......0.. . 77  앞서 엠브레인케이스탯코리아리서치한국리서치 등 여론조사 전문업체 4곳이 지난 12~14일 전국 18세 이상 1010명을 대상으로 실시한 공동 조사표본 오차 95신뢰 수준에 3.1포인트에 따르면 국민의이 재보궐선거에서 승리한 주된 이유로 응답자 61가 더불어민주당이 잘못해서라고 답했다. 국민의을 지지한다고 밝힌 응답자의 81도 여당이 못해서 이겼다고 했다. 야당이 잘해서 이겼다고 답한 비율은 6에 불과했다.이에 홍 의원은 47재보궐선거는 얼마든지 대선 때는 다를 수 있다는 것을 보여준 국민들의 분노 투표였다고 했다. 그러면서 또다시 당의 정체성이 불분명하고 가마니 전략으로 반사적 이익만 노리면 국민들이 용납하지 않을 것이다. 두 번의 행운은 없다고 덧붙였다.자세한 여론 조사 결과는 중앙선거여론조사심의위원회 홈페이지를 참조하면 된다.김남균 기자 .                                     저작권자  서울경제 무단 전재 및 재배포 금지 ,2021-04-16,서울경제,김남균,"홍준표 무소속 의원이 자신의 소셜네트워크서비스(SNS)를 통해 지난 4,7 재보궐선거에서 김종인 전 국민의힘 비상대책위원장이 복장(福將)이라 평가한 것은 운이 좋았기 때문이지 김 전 위원장이 잘해서가 아니라는 의견을 밝혔다.",홍준표 '김종인은 복장(福將)…운 좋아서 이겼다'
  홍준표 무소속 의원연합뉴스..  .15589479793640 ..  .15670434594650 연일 문재인 정부와 여권을 향해 날카롭게 대립각을 세우고 있는 홍준표 무소속 의원이 역대 대통령 중 행복한 노후를 보낸 분은 김대중 전 대통령밖에 없었다면서 문재인 대통령의 퇴임 이후를 걱정했다. 홍 의원은 16일 자신의 페이스북에 올린 글을 통해 대한민국 대통령 잔혹사는 끝임없이 계속 되고 있다며 역대 대통령의 사례를 들면서 이렇게 적었다. 그러면서 홍 의원은 초대 대통령 이승만은 4.19 혁명으로 하야했고 윤보선 대통령은 5.16 쿠데타로 하야를 당했다며 박정희 대통령은 피격되어 서거했고 최규하 대통령은 신군부에 쫓겨 나갔다고 했다. 홍 의원은 또한 전두환노태우 대통령은 군사 반란 등으로 사형선고 까지 받았고 김영삼 전 대통령는 사태로 퇴임 후 곤욕을 치루었다면서 노무현 대통령은 비극적인 자진自盡을 했고 이명박박근혜 대통령은 문 정권의 정치 보복으로 아직도 영어의 몸이 되어 있다고 상황을 짚었다. 아울러 홍 의원은 문재인 대통령도 이제 퇴임을 앞두고 있다며 이렇듯이 대한민국 대통령 잔혹사는 끊임 없이 계속되고 있는데 다음 정권에도 그런 일이 일어나지 않는다는 보장이 있을까라고 했다. 여기에 덧붙여 홍 의원은 이런 불행한 최후를 맞는 대한민국 대통령을 하겠다고 오늘도 열심히 뛰는 사람들은 자신만은 예외가 될 수 있다고 믿어서일까라며 글을 마무리했다. 김경훈 기자 .  ......1.8......0.. . 77                                       저작권자  서울경제 무단 전재 및 재배포 금지 ,2021-04-16,서울경제,김경훈,"홍준표 정부와 여권을 향해 날카롭게 대립각을 세우고 있는 홍준표 무소속 의원이 페이스북에 올린 글을 통해 대한민국의 대통령 대통령 잔혹사는 끝임없이 계속 되고 있다며 역대 대통령의 사례를 들면서 문재인 대통령의 퇴임 이후를 걱정하자, 홍준표 의원은 ""이런 불행한 최후를 맞는 사람들은 자신만은 예외가 될 수 있다고 믿어서일까""라며 글을 마무리했다.",文대통령 퇴임 후 걱정한 홍준표 '행복한 노후 보낸 대통령은 DJ밖에 없어'
  2일 부산 기장군 기장시장에서 무소속 홍준표 의원과 국민의 박형준 부산시장 후보가 시민을 만나 지지를 당부하며 이동하고 있다.부산연합뉴스..  .15589479793640 ..  .15670434594650 홍준표 무소속 의원이 국민의을 향해 외부 사람도 합당 하고 영입 하자고 외치는 마당에 일시 외출했던 자기 집 사람의 귀가도 막는다면 당원과 국민들이 이를 용납치 않을 것이라고 15일 말했다.홍 의원은 이날 소셜네트워크서비스에 복당 문제는 당과 대립각을 세워 풀어갈 생각이 전혀 없다며 자연스럽게 해결 되기를 기대 한다며 이같이 밝혔다. 홍 의원은 소위 자기 계파 보스는 복당을 찬성하고 있는데 특정 소수계파 의원들 몇명이 자기 보스의 생각과는 달리 암묵적으로 반대 활동을 한다며 비대위가 끝났음에도 전임 비대위원장김종인이 데리고 온 일부 측근들이 아직도 사퇴 하지 않고 남아서 복당을 반대하고 있다고 지적했다. 홍 의원은 이를 두고 염량세태炎凉世態라고도 일컫었다. 염량세태는 뜨거웠다가 차가워지는 세태라는 뜻으로 권세가 있을 때에는 아첨하여 좇고 권세가 떨어지면 푸대접하는 세속의 형편을 말한다.  ......1.8......0.. . 77  홍 의원은 지난해 총선에서 대구 수성을 지역에 출마하며 미래통합당현 국민의을 탈당했다. 당시 홍 의원은 통합당 공천관리위원회의 험지 출마 요구에 이를 포기하고 경남 양산을을 선택했다. 하지만 경남 양산을 공천에서도 배제되자 대구 수성을 출마를 택했다.조권형 기자 .                                     저작권자  서울경제 무단 전재 및 재배포 금지 ,2021-04-15,서울경제,조권형,"지난 부산 기장군 기장시장에서 무소속 홍준표 의원과 국민의힘 박형준 부산시장 후보가 시민을 만나 지지를 당부하며 이동했는데, 홍 의원은 SNS에 복당 문제는 당과 대립각을 세워 풀어갈 생각이 전혀 없다며 자연스럽게 해결 되기를 기대한다고 말했다.",홍준표 “일시 외출했던 집 사람 귀가 막으면 국민들 용납치 않을 것”
  홍준표 무소속 의원 국회사진기자단..  .15589479793640 ..  .15670434594650 홍준표 무소속 의원의 복당을 놓고 국민의 내부에서 의견이 분분한 가운데 홍 의원은 15일 외부인도 합당하는 마당에 자기 집사람의 귀가도 막는다면 국민들이 용납지 않을 것이라고 복당 희망 의사를 분명히 밝혔다.홍 의원은 이날 자신의 페이스북을 통해 소위 자기 계파 보스는 복당을 찬성하고 있는데 특정 소수 계파 의원들 몇 명이 보스의 생각과는 달리 암묵적으로 반대활동을 하고 비대위가 끝났음에도 전임 비대위원장이 데리고 온 일부 측근들이 아직도 사퇴하지 않고 남아서 복당을 반대하고 있다며 외부 사람도 합당하고 영입하자고 외치는 마당에 일시 외출했던 자기 집사람의 귀가도 막는다면 당원과 국민들이 이를 용납지 않을 것이라고 강조했다. 그러면서 염량세태炎凉世態권세가 있을 땐 아첨하고 권세가 떨어지면 푸대접하는 세상 인심라며 현 상황을 꼬집으면서도 당과 대립각을 세워 풀어갈 생각이 전혀 없다. 자연스럽게 해결되기를 기대한다고 적었다.  ......1.8......0.. . 77  강지수 인턴기자 .                                     저작권자  서울경제 무단 전재 및 재배포 금지 ,2021-04-15,서울경제,강지수,홍준표 무소속 의원의 복당을 놓고 의견이 분분한 가운데 15일 홍 의원은 자신의 페이스북을 통해 특정 소수 계파 보스는 복당을 찬성하고 있는데 일부 측근들이 아직도 사퇴하지 않고 남아서 복당을 반대하고 있다며 외부인도 합당하는 마당에 자기 집사람의 귀도 막는다면 국민들이 용납지 않을 것이라며 홍 의원의 복당 희망 의사를 분명히 밝혔다.,복당 외친 홍준표 '권세 떨어지니 푸대접…외출한 집사람 귀가도 막나'
  홍준표 무소속 의원.연합뉴스..  .15589479793640 홍준표 무소속 의원이 13일 비정규직 문제는 노동경직성 강성노조 눈치보는 정책 때문이라며 노동유연성이 있어야 청년실업이 해결된다고 설명했다. 야권 유력 대권주자인 윤석열 전 검찰총장이 최근 노동문제 전문가를 만나 청년 문제를 논의했다. 이 말을 들은 또 다른 야권 대선주자인 홍 의원이 청년실업 문제에 대한 해법을 제시한 것이다...  .15670434594650 홍 의원은 이날 페이스북에 글을 올려 청년 비정규직이면 어찌 결혼 출산할 수 있겠나. 참 좋은 말이다. 저는 문재인 대통령이 한 말인 줄 알았다고 설명을 시작했다. 최근 윤 전 총장은 정승국 중앙승가대 사회복지학과 교수를 만나 청년들이 비정규직이면 어떻게 연애를 하고 결혼을 하고 출산을 할 수 있겠는가라며 이 문제를 풀 해법을 논의했다고 알려졌다.이에 대해 홍 의원은 비정규직은 노동의 유연성이 확보 되지 않을 때 나타나는 노동시장의 기현상이라며 오늘날 메르켈의 독일이 제조업 활성화와 경제 성장을 거듭하고 있는 것은 메르켈 총리 이전의 좌파 정권이었던 슈뢰더 총리의 노동 개혁으로 노동의 유연성이 확보 되어 경제가 살아난 것이라고 말했다. 그러면서 이윤추구를 제1의 목표로 하는 기업에게 해고의 자유도 주지 않고 노동의 경직성만 강요하는 노동시장 정책이 비정규직 양산을 초래했는데 그 원인을 해소해줄 생각은 하지 않고 강성노조의 눈치만 보면서 결과 평등만 기업에게 강요한다면 기업은 비정규직을 양산할 수밖에 없고. 기업 경영보다 부동산 임대시장으로 눈을 돌리면서 종국적으로 청년실업 문제도 더욱더 심각해진다고 강조했다.  ......1.8......0.. . 77  홍 의원은 지금 대한민국이 바로 그러하다며 고용 대란이 일어났는데 이를 공무원 증원만으로 막으려고 하는 것은 망한 그리스로 가는 지름길이라고 덧붙였다. 이어 비정규직 문제는 강성노조 횡포 억제와 노동의 유연성 확보에 그 해결의 실마리를 찾아야 한다고 말했다.     윤석열 전 검찰총장.연합뉴스구경우 기자 .                                     저작권자  서울경제 무단 전재 및 재배포 금지 ,2021-04-13,서울경제,구경우,"13일 무소속 의원이 최근 윤석열 전 검찰총장과 정승국 중앙승가대 사회복지학과 교수를 만나 청년 실업 문제에 대한 해법을 제안했는데, 홍 의원은 13일 “비정규직 문제는 노동경직성, 강성노조 눈치보는 정책 때문”이라며 “노동유연성이 있어야 청년실업이 해결된다”고 설명했다.","홍준표, 윤석열 향해 “청년실업, 노동경직성 풀어야 해결”"
  지난 2일 부산 기장군 기장시장 앞에서 홍준표 무소속 의원이 박형준 부산시장을 지지하는 연설을 하고 있다. 연합뉴스..  .15589479793640 홍준표 무소속 의원이 13일 김대중 노무현 정부의 햇볕 정책은 북의 핵 능력 강화만을 가져왔고 문재인 정부의 종북 정책은 핵 능력 완성을 가져왔다고 날을 세웠다...  .15670434594650 홍 의원은 이날 페이스북을 통해 이제 우리는 제3의 대북정책을 세워야 할 때라며 남북 군사력 균형을 바탕으로 서로 불가침 불간섭하고 조급한 통일론보다 동서독의 교훈대로 각자 체제 아래서 어떤 체제가 국민과 인민들을 위한 체제인지 체제경쟁 정책으로 전환해야 할 때가 아닌가 생각해 본다고 말했다. 그러면서 정권마다 바뀌는 대북정책의 혼선으로 얼마나 많은 국민적 갈등을 초래 했느냐고 일침을 가했다.     이준석 전 국민의 최고위원 연합뉴스  ......1.8......0.. . 77  한편 이준석 전 국민의 최고위원은 이날 라디오 최경영의 최강시사에 출연해 홍 의원이 복당하는 것이 옳다는 의견을 냈다. 홍 의원은 지난 21대 총선 때 당의 공천에 반발해 무소속으로 출마해 당선된 뒤 아직 복당하지 않았다. 이 전 최고위원은 홍 의원의 복당 문제를 질문받자 이는 간단한 문제로 홍준표 의원은 당에서 2번 대표를 지내는 등 당의 가치와 다른 생각을 하고 있는 분이 아니다라며 복당하는 게 옳다고 강조했다.이 전 최고위원은 최근 20대 30대 지지층이 당으로 편입되기 시작되는 그런 상황 속에서 과거 홍 대표가 말을 직설적으로 해 젊은 지지층을 이탈시켰다는 평가를 받고 있다면서도 홍 대표가 원래 적응력이 뛰어난 분이다. 그러니까 좀 다른 모습을 보여주면 그것은 우려할 바가 아니라고 본다고 했다. 또 홍 대표가 김종인 위원장에 대해 그전까지 비판했지만 선거 결과가 나온 뒤에는 깔끔하게 김종인 위원장 역할이 컸고 앞으로도 어떤 행보를 해주셨으면 좋겠다고 허심탄회하게 말했다며 따라서 그런 부분에 대한 염려는 좀 덜어냈다고 설명했다.강지수 인턴기자 .                                     저작권자  서울경제 무단 전재 및 재배포 금지 ,2021-04-13,서울경제,강지수,"홍준표 무소속 의원이 13일 자신의 페이스북을 통해 김대중, 노무현 정부의 햇볕 정책이 북의 핵 능력 강화만을 가져왔고 문재인 정부의 종북 정책은 핵 능력 완성을 가져왔다고 비판하며 동서독의 교훈대로 각자 체제 아래서 어떤 체제가 국민과 인민들을 위한 체제인지 체제경쟁 정책으로 전환해야 한다고 주장했다.",홍준표 '文정부 종북정책이 북핵 완성 가져와…조급한 통일론 벗어나야'
  이준석 전 미래통합당 최고위원연합뉴스..  .15589479793640 이준석 전 국민의 최고위원이 13일 홍준표 무소속 의원전 자유한국당 대표이 복당하는 것이 옳다는 의견을 냈다. 홍 의원은 지난 21대 총선 때 당의 공천에 반발해 무소속으로 출마해 당선된 뒤 아직 복당하지 않았다...  .15670434594650 이 전 최고위원은 이날 라디오 최경영의 최강시사에서 무소속 홍준표 의원 복당 문제를 질문받자 이는 간단한 문제로 홍준표 의원은 당에서 2번 대표를 지내는 등 당의 가치와 다른 생각을 하고 있는 분이 아니다라며 복당하는 게 옳다고 답했다.이에 진행자가 초선 의원들이 좀 반대한다는 이야기가 있다고 하자 이 전 최고위원은 최근 20대 30대 지지층이 당으로 편입되기 시작되는 그런 상황 속에서 과거 홍 대표가 말을 직설적으로 해 젊은 지지층을 이탈시켰다는 평가를 받고 있다고 설명했다. 그러면서도 홍 대표가 원래 적응력이 뛰어난 분이다며 그러니까 좀 다른 모습을 보여주면 그것은 우려할 바가 아니다고 본다고 밝혔다.  ......1.8......0.. . 77  앞서 홍 의원은 본인의  계정에 굳이 따진다면 원칙보수 정통보수라고는 할수 있다며 자신을 강성보수로 분류하는 것이 틀렸다고 말했다. 홍 의원이 과거부터 위기에 처한 당을 구하기 위해 강성발언을 했다고 주장한 바 있다. 그러면서 본인은 강성보수가 아닌 국익 우선주의에 가깝다며 정책도 좌우파를 가리지 않는다고 설명하기도 했다.이 전 최고위원은 홍 대표가 김종인 위원장에 대해 그전까지 비판했지만 선거 결과가 나온 뒤에는 깔끔하게 김종인 위원장 역할이 컸고 앞으로도 어떤 행보를 해주셨으면 좋겠다고 허심탄회하게 말했다며 따라서 그런 부분에 대한 염려는 좀 덜어냈다고 말했다.     홍준표 무소속 의원연합뉴스구경우 기자 .                                     저작권자  서울경제 무단 전재 및 재배포 금지 ,2021-04-13,서울경제,구경우,13일석 전 국민의힘 최고위원이 KBS라디오 ‘최경영의 최강시사’에서 무소속 홍준표 의원의 복당 문제를 질문하자 홍준표 의원은 당의 가치와 다른 생각을 하고 있는 분이 아니므로 복당하는 것이 옳다고 답했다.,"이준석 “홍준표 복당이 옳아, 다른 모습 보여줄 것”"
  김재섭 국민의 비상대책위원. 김재섭 페이스북..  .15589479793640 김재섭34 국민의 비상대책위원이 홍준표 무소속 의원으로부터 소셜네트워크서비스에서 차단 당했다고 12일 주장했다.김 비대위원은 이날 국회 본관에서 열린 국민의 비상대책회의에서 홍준표 의원에게 페이스북에서 차단 당했다며 비대위 임기 시작쯤 하여 홍준표 의원을 비판한 적이 있었는데 그 이유 때문인지 저는 비대위원 내내 홍준표 의원의 메시지를 언론을 통해서만 확인할 수 있었다고 밝혔다...  .15670434594650 김 비대위원은 이같은 경험을 들어 홍 의원의 복당에 대한 반대 입장을 내놓았다. 그는 한참 어린 후배 정치인의 비판조차 불편해하며 페이스북까지 차단하는 홍준표 의원을 야권의 화합 다양한 목소리 존중이라는 명분으로 우리당으로 복당시키자는 의견이 맞는지 진지하게 되묻고 싶다고 말했다.앞서 김 비대위원은 지난해 4월29일  라디오 이승원의 세계는 그리고 우리는에 청년비상대책위원 자격으로 출연해 홍준표 전 대표의 행동이나 발언들 어떻게 보느냐는 질문을 받고 부적절하다고 생각이 드는 게 예컨대 지금 말 그대로 당밖에 있으신 분이 마치 여기가 내가 여기 터줏대감이다 라는 식으로 말씀하신다면서 실제로 그 전에 있는 황교안 대표도 과가 분명히 있는 분이시지만 그분을 뜨내기라는 식으로 혹은 김종인 대표님의 비대위에 대해서도 굉장히 원색적인 비난들을 하는 걸 보면서 당내에 있는 활동하시는 분들도 굉장히 불편해하시고 저 역시도 그것이 꼭 적절하지 않은 발언이라고 생각하고 있다고 밝혔다. 이어 청년비대위 공식적인 입장은 거기에 대해서 논의된 바는 없는데 개인적인 입장을 밝히라고 그러면 저는 홍준표 대표의 복당은 적절치 않다고 생각하고 있다며 분명히 당에 기여한 내용이 있지만 지금 당이 많이 어려워진 상황에서 그렇게 계속 당을 흔들고 당이 나아가야 되는 지향점을 자꾸 흐리는 것은 약간 당에 대해서 도움이 안 된다고 생각하고 있고 그런 부분에 있어서 또 복당이 이뤄지는 것이 적절치 않다 이렇게 보고 있다고 덧붙였다.  ......1.8......0.. . 77  이날 김 비대위원은 홍 의원의 복당 명분도 궁색하다고 비판했다. 그는 홍준표 의원의 복당 명분을 들어볼 것 같으면 건전한 경쟁의 링을 만들고 더 큰 화합을 위해 정당의 문을 활짝 열자는 것이라면서 홍준표 의원의 복당으로 야권의 더 큰 화합을 명분을 들기에는 그 명분이 궁색하다고 지적했다. 그는 홍준표 의원에게 화합이라는 수식어는 어울리지 않는다며 홍준표 의원이 당시 우리당의 대표로 있던 2018년 지방선거에서 우리당은 야권단일화 실패하여 역대 가장 처참한 패배를 맞이했을뿐더러 2017년 대선 정국에서도 안철수 대표와 단일화를 이루라는 국민의 열망을 거부한 채 분열의 정치 서막을 열었다고 지적했다.김 비대위원은 홍 의원이 전날 페이스북에 쓴 적장자라는 용어도 도마에 올렸다. 그는 복당에 반대하는 초선의원들을 향해 적장자를 운운하는 것은 21세기 국정운영 철학과 정치적 이데올로기로 뭉치는 민주적 정당에서 대단히 시대착오적 발언이라고 생각한다며 우리당은 당원 으로 움직이는 민주정당이고 혈통으로 운영되지 않는다. 따라서 홍준표 의원의 복당은 개인적 친족의 관계가 아니라 우리당의 쇄신과 발전이라는 대의를 통해 고민해야 한다고 요구했다.전날 홍 의원은 에 오늘 아침 어느 퇴역 언론인과 통화를 하면서 저보고 강성보수라고 하길래 그러면 나를 강성보수로 모는 사람들은 눈치보수냐고 반문한 일이 있었다며 굳이 따진다면 원칙보수 정통보수라고는 할수 있다고 밝혔다. 이어 복당 문제에 대해서도 일부 계파 초선의원들이 반대한다고 하길래 대선후보 경선때 나를 반대하고 다른 후보 진영에서 일하면 되지 한국 보수의 적장자인 나를 굳이 들어오는것 조차 반대할 이유가 있느냐고도 했다며 참 어이없는 일들이 계속 벌어지고 있다고 목소리를 높였다.조권형 기자 .                                     저작권자  서울경제 무단 전재 및 재배포 금지 ,2021-04-12,서울경제,조권형,김재힘 비상대책위원이 홍준표 무소속 의원으로부터 소셜네트워크서비스(SNS)에서 차단 당한 경험을 들어 자유한국당으로의 복당에 대한 반대 의견을 내놓았다.,국민의힘 청년 비대위원 “홍준표가 페북 차단…어린 후배 비판조차 불편”
  지난 2일 부산 기장군 기장시장에서 국민의 박형준 부산시장 후보 정동만 의원이 무소속 홍준표 의원과 함께 지지를 호소하며 이동하고 있다. 연합뉴스..  .15589479793640 ..  .15670434594650 국민의 복당 움직임을 보이고 있는 홍준표 무소속 의원이 11일 자신의 복당을 반대하는 일부 국민의 의원들을 겨냥해 대선후보 경선때 나를 반대하고 다른 후보 진영에서 일하면 되지 한국 보수의 적장자인 나를 굳이 들어오는 것조차 반대할 이유가 있냐고 비판했다.홍 의원은 이날 자신의 페이스북에 올린 글을 통해 복당 문제에 대해서 일부 계파 초선의원들이 반대한다고 한다. 참 어이없는 일들이 계속 벌어지고 있다며 이같이 밝혔다.  ......1.8......0.. . 77  홍 의원은 또 28년 전 악연으로 서로가 피하는 게 좋다고 판단돼 지난 1년간 외출하고 있었던 것이라며 김종인 전 비상대책위원장과의 불편한 사이를 언급하기도 했다. 홍 의원이 말한 28년 전 악연은 자신이 검사 시절이던 1993년 김종인 전 국민의 비상대책위원장당시 청와대 경제수석비서관이 연루된 동화은행 비자금 사건을 말한다.이어 나는 당권에는 관심 없고 오로지 정권교체의 밀알이 되겠다는 생각뿐이라며 적수공권맨손과 맨주먹으로 일어나 아무런 세력 업지 않고 검사 국회의원 도지사 원내대표 당대표 2번 대통령 후보까지 해본 사람이 더 이상 무슨 욕심이 있겠냐. 그저 마지막 남은 일은 진충보국충성을 다해 나라의 은혜에 보답함하는 일뿐이라고 강조했다.박민주 기자 .                                     저작권자  서울경제 무단 전재 및 재배포 금지 ,2021-04-11,서울경제,박민주,"홍준표의원이 자신의 복당을 반대하는 국민의힘 의원들을 향해 ""대선후보 경선때 나를 반대하고 다른 후보 진영에서 일하면 되지 굳이 적장자인 나를 굳이 들어오는 것조차 반대할 이유가 있냐""고 비판했다.",홍준표 '내가 한국 보수 적장자…복당 반대 어이없어'
  홍준표 무소속 의원.연합뉴스..  .15589479793640 47재보궐선거에서 대승을 거둔 야권이 내년 대선을 위한 대통합을 두고 분열하고 있다. 당장 보수진영 유력 대선주자인 홍준표 무소속 의원 복당을 두고 당 지도부와 일부 의원들이 부딪히고 있다. 김종인 전 비상대책위원장은 이번 선거에서 야권 단일화에 물꼬를 튼 안철수 국민의당 대표가 이끄는 국민의당에 대해 실체가 없다며 반대하고 나섰다. 야권이 재보궐선거 이후 체제를 두고 갈피를 못 잡으면서 혼선은 5~6월로 미뤄진 차기 전당대회까지 이어질 것이란 관측이 나온다.선거 끝나자 洪 복당 시키자 건의     주호영 국민의 당 대표 대행 겸 원내대표.권욱기자11일 국민의에 따르면 지난 9일 열린 원대 대책회의에서 홍준표 의원을 복당시키자는 공식 건의가 나왔다. 핵심 관계자는 한 의원이 홍준표 의원 뿐만 아니라 들어오고 싶은 분은 모두 함께 해야 한다고 공개적으로 건의했다고 설명했다. 이에 대해 당 대표 권한대행인 주호영 원내대표는 함구한 것으로 알려졌다.지난해 총선 당시 무소속으로 출마해 당선된 4인홍준표김태호권성동윤상현 가운데 다시 입당하지 않은 인물은 홍 의원과 윤 의원 뿐이다. 이 가운데 현재 복당에 대한 의사를 밝히지 않고 있는 윤 의원을 제외하면 사실상 홍 의원만 당 밖에 남은 상황이다. 그간 당은 표면적으로는 홍 의원을 향해 복당계를 제출하면 입당을 검토하겠다는 입장을 보여왔다. 하지만 김종인 전 비상대책위원장과 부딪힌 홍 의원이 복당하면 내분이 커질 것이라는 우려 때문에 복당이 미뤄졌다고 보는 시각도 있다. 그런데 김 전 위원장이 떠난 다음 날 원내대책회의에서 홍 의원을 복당시켜 을 합쳐야 한다는 주장이 나온 것이다.국민의 지지율 4 洪 딜레마복당 땐 내분불가 땐 자가당착     홍준표 무소속 의원연합뉴스..  .15670434594650 국민의에 따르면 홍 의원은 공개적으로 복당계를 제출하거나 요구를 하지 않았다. 만약 홍 의원이 입당을 피력하면 숨어 있던 내분은 더욱 커질 전망이다. 대행 체제인 당 지도부가 홍 의원의 복당을 받기도 거절하기도 어려운 상황에 직면하기 때문이다.현재 지지율만 보면 야권에서 윤석열 전 검찰총장엠브레인케이스탯코리아리서치한국리서치 3월 5주차 기준을 제외하면 뚜렷한 대선주자가 없는 상황이다. 최근 조사를 보면 야권 인사 가운데 제3 지대에 가까운 윤 전 총장이 18의 지지율을 보이고 있고 홍 의원이 4로 2위다. 더욱이 야권 정치인 가운데 보수진영의 인물로 분류한다면 사실상 홍 의원이 가장 지지율이 높은 대선주자다. 그런데 제1 보수야당인 국민의에서 홍 의원의 복당을 반대하면 보수정당이 스스로 유력 보수진영 대선후보를 밀어내게 된다. 이 경우 야권 유력 후보는 제3 지대 중도진영으로 분류되는 윤 총장과 안철수 국민의당 대표4가 남는다. 서울시장으로 대선에 나오기 어려운 오세훈 시장3를 제외하면 보수진영 대선주자는 유승민 전 미래통합당 의원2 원희룡 제주도지사 정도만 남는다. 국민의 관계자는 야권 대통합을 말한 당 지도부가 홍 의원의 복당에 반대하지는 않지만 시기는 고민해야 한다는 입장이라고 설명했다.  ......1.8......0.. . 77  안철수 합당 두고도 엇박자김종인 또 安 오면 나라 엉망     김종인 전 국민의 비상대책위원장.연합뉴스야권 대통합을 말한 국민의은 국민의당과의 합당을 두고도 내분이 벌어지고 있다. 주호영 원내대표는 지난 8일 안철수 국민의당 대표와 단독 회동을 가졌다. 주 원내대표는 선거 이후 야권 대통합을 주장하며 국민의당과 합당을 한 뒤 전당대회를 치를 가능성도 열어뒀다.그런데 이날 국민의을 떠난 김 위원장이 공개적으로 안 대표와의 합당을 반대하면서 재보궐선거를 이끌었던 당의 원내외 지도부가 엇박자를 내고 있다. 김 위원장은 연합뉴스와의 인터뷰에서 안 대표에 대해 안철수는 지금 국민의과 합당해서 대선 후보가 되겠다는 욕심이 딱 보이는 것 아닌가. 서울시장에 출마하면서 대선은 포기한다고 하지 않았나. 그런 사람이 대통령 되면 나라가 또 엉망이 된다고 지적했다. 그러면서 국민의당과 합당하면 당협위원장 나눠 먹어야 하고 당이 혼란스러워질 수밖에 없다. 그러면 지지도가 떨어질 수밖에 없다고 꼬집었다. 또 김 위원장은 이번 재보궐선거에서 안 대표의 도움 없이 국민의 역량 만으로도 승리할 수 있었다고 진단했다.포스트 김종인 체제 대혼란차기 당권 洪安 큰 변수로     안철수 국민의당 대표왼쪽와 무소속 홍준표 의원오른쪽이 지난 1월 대구 동구 팔공산 동화사에서 조계종 종정 진제 스님가운데에게 인사차 들렀다 방문 시간이 겹쳐 자리를 함께하고 있다. 연합뉴스야권의 내분은 이제 시작이라는 관측도 나온다. 5월 새 원내대표를 선출하고 당 대표를 뽑을 전당대회도 치러야 하기 때문이다. 구성되는 새 지도부는 차기 대선 후보를 뽑기 위한 경선 규칙을 만드는 킹 메이커 역할을 한다. 차기 당권을 두고 벌써 당내에서는 지역별로 의원들이 이합집산하고 있고 당의 절반을 차지하는 초선들도 나서 당권에 도전할 의사를 내비치고 있다. 또 당 밖에 있는 김무성 전 새누리당 대표 등도 전당대회에 출마할 것이라는 전망이 나온다.무엇보다 홍 의원의 복당과 안 대표의 합당은 전당대회의 가장 큰 변수다. 홍 의원이 이번 재보궐선거 과정에서 안철수 대표와 수차례 만나며 친분을 과시한 바 있어 당내 상황은 더욱 복잡해 지고 있다. 국민의당과 합당하면 안 대표와 홍 의원이 손을 잡고 당의 전면에 나설 것이라는 우려가 있어서다. 국민의 관계자는 전당대회에서 새 지도부가 선출되기 전까지는 혼란을 피할 수는 없을 것이라고 설명했다.구경우 기자 .                                     저작권자  서울경제 무단 전재 및 재배포 금지 ,2021-04-11,서울경제,구경우,"4·7재보궐선거에서 대승을 거둔 야권이 내년 대선을 위한 ‘대통합’을 두고 분열하고 있는데, 김종인 전 비상대책위원장은 이번 선거에서 야권 단일화에 물꼬를 튼 안철수 국민의당 대표가 이끄는 국민의당에 대해 “실체가 없다”며 반대하고 나섰고, 국민의힘에 따르면 지난 9일 열린 원대 대책회의에서 홍준표 의원을 복당시키자는 공식 건의가 나왔다.",[단독]“홍준표 복당 시키자” 말에 野 지도부 ‘묵묵부답’
  홍준표 무소속 의원연합뉴스..  .15589479793640 대선 전초전 격인 47 재보궐선거에서 국민의이 압승을 거두며 서울시장과 부산시장을 동시에 탈환한 가운데 홍준표 무소속 의원이 이번 승리를 이끈 김종인 국민의 비상대책위원장을 높게 평가했다. 홍 의원은 8일 자신의 페이스북에 올린 글을 통해 비록 노선은 달랐지만 총선 참패 이후 혼란했던 당을 수습하고 양대 보궐선거를 승리로 이끈 그분의 역량은 대단했다면서 감사의 뜻을 전했다. 그러면서 홍 의원은 건강 유의하시고 재충전하신 후 다시 대한민국을 위해 일해 주실 것을 믿어 마지 않는다고도 했다. ..  .15670434594650 앞서 홍 의원은 이번 선거를 앞두고 야권 후보단일화 과정에서 발생한 잡음을 두고 제발 좀 빠지라 김종인의 몽니 등 김 위원장의 책임을 거듭 지적해왔다.     김종인 국민의 비상대책위원장연합뉴스  ......1.8......0.. . 77  하지만 전날 야당의 압도적인 승리를 예측한 방송 3사 출구조사 결과가 나온 뒤 눈물겨운 승리다. 모두가 하나 되니 하늘도 돕나보다라며 김 위원장에서 감사의 인사를 전했다. 한편 김 위원장은 이날 비상대책위원장 자리에서 물러났다. 그는 지난 1년간 국민의이 근본적인 혁신과 변화를 위해 나름대로 노력을 했지만 아직 부족한 점 투성이라면서 가장 심각한 문제는 내부분열과 반목이라고 지적했다. 김 위원장은 그러면서 이번에 국민들의 압도적인 지지로 서울 부산 보궐선거를 승리하면서 정권 교체와 민생 회복을 위한 최소한의 기반은 만들었다고 생각한다고도 했다. 또한 김 위원장은 서울시장 경선에서 봤듯이 정당이 스스로 강화할 생각을 하지 않고 외부 세력에 의존한다든지 그것에 더해 당을 뒤흔들 생각만 한다든지 수권의 의지는 없이 당권에 오로지 욕심을 부리는 사람이 아직 국민의 내부에 많다고 비판했다. 아울러 김 위원장은 욕심과 갈등은 국민 눈살을 찌푸리게 하고 언제든 정당 몰락이 재현될 조짐이 보인다며 이번 선거의 결과를 국민의 승리로 겸허히 받아들이지 않고 자신들이 승리한 것이라고 착각해 개혁의 고삐 늦추면 당은 다시 사분 오열 정권교체와 민생 회복을 이룩할 천재일우의 기회를 소멸하게 될 것이라고 강조했다.김경훈 기자 .                                     저작권자  서울경제 무단 전재 및 재배포 금지 ,2021-04-08,서울경제,김경훈,홍준표 무소속 의원이 4·7 재·보궐선거에서 국민의힘이 압승을 거두며 서울시장과 부산시장을 동시에 탈환한 가운데 김종인 국민의힘 비상대책위원장을 높게 평가하면서 이번 선거를 통해 노선은 달랐지만 총선 참패 이후 혼란했던 당을 수습하고 양대 보궐선거를 승리로 이끈 그분의 역량은 대단했다며 감사의 뜻을 전했다.,"'몽니'·'좀 빠져라' 김종인 비판했던 홍준표, 선거 압승 후 '그분의 역량 대단해'"
  유승민 전 미래통합당 의원연합뉴스..  .15589479793640 47재보궐선거에서 국민의이 서울시장과 부산시장 모두 승리할 가능성이 높아지자 야권 대선주자들은 7일 더욱 혁신하겠다고 밝혔다.유승민 전 미래통합당 의원은 본인의  계정을 통해 결코 자만하지 않고 국민이 갈망하시는 변화와 혁신을 하겠다고 전했다...  .15670434594650 유 전 의원은 민심은 무섭고 현명하다며 우리 당은 선거에서 나타난 국민의 메시지를 정확하게 읽어야 한다고 당부했다. 그러면서 대선까지 앞으로 11개월. 변화와 혁신의 방향을 읽었으니 그 길로 쭉 매진해야 한다고 강조했다.유 전 의원은 야당이 더 좋아서가 아니라 정부 여당이 미워서 나타난 표심이라며 조금이라도 착각하거나 자만하지 말고 겸허한 마음으로 국민이 원하는 개혁을 하겠다고 말했다.  ......1.8......0.. . 77  홍준표 무소속 의원도 출구조사를 보니 탄핵 대선 이후 4년만에 이겨 보는 눈물겨운 승리다. 모두가 하나 되니 하늘도 도우나 본다고 말했다.그러면서 김종인 주호영 두분 야권 지도자들께서도 참으로 수고하셨다. 안철수 대표에게도 감사드린다고 전했다. 이어 오세훈 박형준 두 후보님들 참으로 고생하셨다. 도와주신 국민 여러분 당원 동지 여러분 정말 감사하다고 강조했다.     홍준표 무소속 의원연합뉴스구경우 기자 .                                     저작권자  서울경제 무단 전재 및 재배포 금지 ,2021-04-07,서울경제,구경우,"4·7재보궐선거에서 국민의힘이 서울시장과 부산시장 모두 승리할 가능성이 높아지자 야권 대선주자들은 유승민 전 미래통합당 의원이 자신의 SNS 계정을 통해 국민이 기대하는 변화와 혁신을 하겠다고 밝히고 ""대선까지 앞으로 11개월. 변화와 혁신의 방향을 읽었으니 그 길로 쭉 매진해야 한다""고 강조했다.","野 압승 전망…홍준표 “김종인, 참 감사” 유승민 “자만 말고 개혁”"
