﻿date,title,reporter,content,press
2021-04-04,안철수·홍준표·유승민…‘신기루 윤석열’ 두려워할 이유 없다,성한용 선임기자 shy99@hani.co.kr,"4·7 재·보궐선거 이후는 대선 정국입니다. 8월 말~9월 초에 더불어민주당 대선후보 경선이 있습니다. 10월 말~11월 초에 국민의힘 대선후보 경선이 있습니다. 그 뒤에도 내년 3월 9일 대통령 선거일까지 합종연횡, 이합집산이 이어질 것입니다. 최근 4·7 재·보선 못지않게 차기 대선주자 지지도가 관심을 끄는 이유입니다.


4월 1일 발표한 전국지표조사(NBS) 대선 후보 적합도는 윤석열 25%, 이재명 24%, 이낙연 10%였습니다. 야권만 따로 물었더니 윤석열 28%, 홍준표 10%, 안철수 8% 순이었습니다.
4월 2일 발표한 한국갤럽 차기 정치 지도자 선호도는 이재명·윤석열 23%, 이낙연 7%, 안철수 4%, 홍준표 2%였습니다.(중앙선거여론조사심의위원회 누리집 참고)



두 회사의 조사 결과를 종합하면 윤석열 전 검찰총장과 이재명 경기지사 양강구도가 형성된 가운데 야권에서는 ‘윤석열 유일체제’가 지속되고 있다고 해석할 수 있을 것 같습니다. 그래서일까요? 국민의힘 사람들 사이에 최근 윤석열 전 총장에 대한 관심이 부쩍 커졌습니다. 이를테면 이런 말을 쉽게 들을 수 있습니다.


그런데 윤석열 전 총장에 대해 호기심 차원을 훨씬 뛰어넘는 관심을 가진 사람들이 있습니다. 야권의 다른 대선주자들입니다. 야권 대선후보 경선에서 승리하려면 어떤 식으로든 윤석열이라는 절대강자를 넘어서야 하기 때문일 것입니다. 안철수 대표, 홍준표 의원, 황교안 전 대표, 유승민 전 의원, 원희룡 제주지사, 오세훈 서울시장 후보 정도를 추릴 수 있습니다.
이들이 잠재적 경쟁 관계인 윤석열 전 총장에 대해 뭐라고 말했는지 찾아보았습니다. 무척 재미있습니다. 단어와 단어, 문장과 문장 사이에서 질투와 견제의 미묘한 감정을 느낄 수 있습니다. 발언을 소개하고 제 해설을 덧붙였습니다.


해설 : 2011년에 ‘안철수 현상’이 있었다면 2021년에 ‘윤석열 현상’이 있습니다. 두 사람은 몇 가지 공통점이 있습니다. 첫째, 반정치주의 바람을 타고 정치에 진입했다는 것입니다. 둘째, 문재인 대통령과 ‘같은 편’이었다가 ‘적’으로 돌아섰다는 것입니다. 셋째, 국민의힘 외부 제3 지대에 거점을 두고 있다는 것입니다. 윤석열 전 총장 지지도가 올라갈수록 안철수 대표가 최대의 피해자가 될 수 있는 구도입니다. 안철수 대표가 윤석열 전 총장 임기 전 사퇴를 극구 반대했던 이유를 이해할 수 있을 것 같습니다.


해설 : 홍준표 의원은 정치 입문 전에 특수부 검사로 이름을 날렸던 사람입니다. 윤석열 전 총장보다 나이도 많고 사법시험도 한참 선배입니다. 홍준표 의원은 윤석열 전 총장이 문재인 정부 초기 적폐청산 수사에 앞장섰던 ‘전력’을 집중 공격하고 있습니다. 언젠가 두 사람이 야권 대선후보 자리를 놓고 경쟁할 때를 대비한 포석 아닐까요? 아니라고요? 홍준표 의원은 2017년 대선에서 2등을 했던 사람입니다. 잊지 마시기 바랍니다.


해설 : 황교안 전 대표는 대통령 권한대행, 국무총리, 법무부 장관을 지낸 사람입니다. 이처럼 화려한 경력의 황교안 전 대표가 ‘겨우’ 검찰총장을 지낸 윤석열 전 총장을 어떻게 생각할까요? 한참 ‘아래’로 볼 가능성이 큽니다. 1980~1990년대 검찰의 양대 축은 공안부와 특수부였습니다. 공안부 검사들은 특수부 검사들에게 우월 의식을 갖고 있었습니다. 황교안 전 대표는 공안부 검사였습니다.


해설 : 유승민 전 의원 페이스북 상단에는 “결국은 경제다! 더 나은 세상을 향한 희망을!”이라는 구호가 있습니다. 유승민 전 의원은 경제와 복지 정책을 꽤 오랫동안 고민한 정치인입니다. 윤석열 전 총장이 반부패와 정의를 내세울 수 있다면, 유승민 전 의원은 경제와 복지를 내세울 수 있습니다. 대선후보 경선에서 여러 분야의 정책을 놓고 두 사람이 맞짱토론을 한다면 누가 이길까요? 답변이 필요하지 않은 것 같습니다.

해설 : 대선 국면에서 윤석열 전 총장의 역할은 상호모순적입니다. 야당 지지자들을 결집시켜 정권교체 가능성을 키우는 긍정적 역할을 하는 동시에, 유승민 원희룡 오세훈 등 국민의힘 대선주자들의 지지도 상승을 가로막고 있기 때문입니다. 원희룡 제주지사 인터뷰나 페이스북 글을 보면 협력과 견제의 이중적 감정을 느낄 수 있습니다.


해설 : 오세훈 후보가 10년 만에 서울시장으로 복귀한다면 정치적 재기에 성공하는 것입니다. 하지만 서울시장이 되더라도 차기 대선주자 자격은 상실했다는 평가가 지배적입니다. 서울시장 임기를 마쳐야 하기 때문이 아닙니다. 이번 재·보선 과정에서 드러난 여러 한계 때문입니다. 그래서일까요? 윤석열 전 총장에 대한 오세훈 후보의 언급은 ‘서울시장 당선에 어떻게든 도움을 받고 싶다’는 수준에서 벗어나지 않습니다. “경제, 외교 모를 가능성이 높지만 모른다고 하는 게 진짜 큰 힘”이라는 평가는 칭찬인지 비판인지 애매합니다.

마무리하겠습니다. 지금 윤석열 전 검찰총장의 높은 지지도는 신기루입니다. 반정치주의와 반문재인 정서가 결합해서 윤석열 전 총장 지지도를 밀어 올리고 있습니다. 그러나 2022년 3월9일 대통령 선거에 문재인 대통령은 출마하지 않습니다. 대선 날짜가 가까워질수록 이 자명한 현실을 유권자들이 깨닫게 될 것입니다.
문재인 대통령의 존재감은 점점 더 희미해질 수밖에 없고 반문재인 정서에 기댄 윤석열 전 총장 지지도 역시 거품처럼 가라앉을 것입니다.
야권의 대선주자들은 너무 초조하게 생각할 필요가 없을 것 같습니다. 대통령 선거는 대선주자가 다른 주자들과 경쟁해서 이기는 과정이 아니라, 대선주자가 국민 앞에 자신의 모든 것을 숨김없이 드러내고 평가받는 과정입니다. 
결국 자기 자신과의 싸움일 수밖에 없습니다. 윤석열 전 총장이라는 유령을 너무 두려워하지 마시기 바랍니다.",hankyoreh
2021-04-20,‘홍준표 꼬붕’에 발끈한 장제원 “김종인은 노태우 꼬붕”,박종오 기자 pjo2@hani.co.kr,"장제원 국민의힘 의원이 20일 자신을 ‘홍준표 의원 꼬붕’이라고 한 김종인 전 비상대책위원장을 향해 “노태우 꼬붕께서 하실 말씀은 아닌 듯하다”고 맞받아쳤다. 장 의원은 이날 자신의 페이스북에 “김종인 꼬붕이 아니어서 참으로 다행”이라며 이같이 썼다. 
그는 김 전 위원장을 겨냥해 “비판자의 말 모두가 정치적 의도와 배경이 있다고 생각하는 저렴한 인식이 역시 정치 거간꾼답다”며 “자신의 처지와 상황에 따라 그때그때 말을 바꾸어도 일말의 부끄러움조차 느끼지 못하는 ‘중증 인지 부조화’부터 치료하는 것이 시급해 보인다”고 적었다. 
김 전 위원장은 앞서 이날 <경향신문> 인터뷰에서 장 의원이 자신을 비판한 것을 두고 “홍준표 의원 꼬붕이니까. 난 상대도 안 한다”며 “지가 짖고 싶으면 짖으라는 거지”라고 일축했다. 장 의원은 지난 4·7 보궐선거 이후 국민의힘을 떠난 뒤 잇따라 쓴소리를 내놓고 있는 김 전 비대위원장과 사사건건 부딪혀왔다. 장 의원은 지난 15일 김 전 위원장이 국민의힘을 “아사리판”이라고 표현한 것을 놓고 “노욕에 찬 정치 기술자” “희대의 거간꾼” 같은 노골적인 표현으로 공격한 바 있다. ",hankyoreh
2021-04-25,"“조폭·양아치 리더십”…홍준표, 윤석열·이재명 동시 저격",장나래 기자 wing@hani.co.kr,"홍준표 무소속 의원이 “조폭 리더십이 형님 리더십으로 미화되고, 양아치 리더십이 사이다 리더십으로 둔갑하고, 응답률 5%도 안 되는 여론조사가 활개를 치는 나라가 돼서도 안 된다”고 밝혔다. 대선 출마를 노리고 있는 홍 의원이 ‘양강 대선 주자’인 윤석열 전 검찰총장과 이재명 경기지사를 겨냥한 것이다.
홍 의원은 지난 24일 페이스북에 글을 올려 “평상심이 지배하고 상식이 변칙을 누르는 정상사회로 돌아가야 한다”며 이렇게 밝혔다. 25일에도 홍 의원은 “문재인 정권 초기 검찰은 서울중앙지검 특수4부까지 신설해서 이명박·박근혜 정권의 사람들을 사냥하는데 견마지로를 다했다. 이른바 정치 수사를 자행했다”며 “그 바람에 어떤 사람은 벼락출세를 하기도 하고, 검찰이 마치 정의의 사도인 양 행세했다”고 비판했다. 
국가정보원 대선개입 사건을 수사하다 고검으로 좌천됐지만 문재인 정부 출범과 함께 서울중앙지검장으로 발탁돼 ‘적폐청산’에 앞장섰던 윤 전 총장의 전력을 비판한 것이다. 홍 의원은 또 “문재인 정권 입장에서는 이런 ‘사냥개 조직’을 그대로 두면 자신들이 퇴임 후 또 물릴 수 있다고 봤다”고 덧붙였다. 적폐청산을 매개로 밀월 관계를 유지하다 조국 전 법무부 장관 수사를 계기로 갈라선 문재인 정부와 윤 전 총장의 관계를 꼬집은 셈이다. 문재인 정부와 윤 전 총장을 한꺼번에 겨냥한 ‘모두까기’다. 
홍 의원은 “응답률 5%도 안 되는 여론조사가 활개를 치는 나라가 돼서도 안 된다”고도 했다. 이 지사와 윤 전 총장이 차기 대선주자 지지율에서 수위를 다투고 있는 여론조사를 부정한 셈이다. 엠브레인퍼블릭·케이스탯리서치·코리아리서치·한국리서치 4개 여론조사기관이 지난 19~21일 전국 유권자 1009명을 대상으로 조사한 전국지표조사 결과(신뢰수준 95%에 오차범위 ±3.1%포인트)를 보면, 이 지사의 대선주자 적합도는 25%, 윤 전 총장은 22%였지만, 홍 의원은 3%였다. 자세한 내용은 중앙선거여론조사심의위원회나 전국지표조사 누리집 참고. ",hankyoreh
2021-04-29,홍준표 “‘펑’하고 나타나는 사람 없다” 윤여정 소감으로 윤석열 견제구,장나래 기자 wing@hani.co.kr,"홍준표 무소속 의원이 “펑하고 나타나는 사람은 없다”며 “한국 사회가 들끓는 냄비처럼 쉽게 달궈지고 쉽게 식어버리는 그런 사회를 지난 지 오래 되었다”고 밝혔다. 배우 윤여정씨의 아카데미 여우조연상 수상소감을 인용하며 유력 대선주자인 윤석열 전 검찰총장을 우회적으로 겨냥한 것으로 풀이된다.
홍 의원은 29일 페이스북에 글을 올려 “‘펑하고 나타나는 사람은 없다. 끊임없는 각고의 노력으로 뜻이 이루어진다’는 윤여정 여사의 아카데미 조연상 수상 감회 보도를 봤다”고 운을 뗐다. 이어 홍 의원은 “쉬운 말로 소통하고 쉬운 말로 세상을 살면 무언가 천박스럽고 무언가 지적능력이 모자란다고 폄하되던 시대도 지났다”며 “진실과 진심이 위선과 가식을 몰아내고 절차탁마하지 않고 벼락치기로 반짝스타가 되어 대중을 속이려 하지 않았다는 윤여정 여사의 평범한 말에서 이 풍진 세상을 사는 법을 다시금 새겨 보는 목요일 아침”이라고 덧붙였다. 평소 거침없는 말투로 막말과 ‘사이다 발언’ 사이를 오간다는 평가를 받는 자신을 ‘쉬운 말과 진실·진심으로 소통하는’ 배우 윤여정에 빗댄 표현으로도 해석된다.",hankyoreh
2021-02-28,"홍준표 “이재명, 양아치 행동” 연일 때리기…노림수는?",노현웅 기자 goloke@hani.co.kr,"무소속 홍준표 의원이 차기 대통령선거 주자 여론조사에서 1위를 달리는 이재명 경기도지사에게 연이틀 ‘양아치’라는 단어를 사용하며 직격탄을 날렸다. 현실 정치에 거리를 두고 있는 윤석열 검찰총장을 제외하고는, 각종 여론조사에서 ‘도토리 키재기’ 수준의 존재감을 보이는 야권 후보군은 최근 이 지사를 겨냥하며 자신을 부각시키려는 모습이다.
홍 의원은 28일 자신의 페이스북에 “지난번 지방선거 때 위장 평화 거짓 선동에 가려졌지만, 형수에게 한 쌍욕, 어느 여배우와의 무상 연애는 양아치 같은 행동이었다”며 이 지사를 겨눴다. 앞서 이 지사는 배우 김부선씨와 이성 교제를 했다는 의혹에 휩싸인 바 있다. 또 2018년 지방선거를 앞두고는 형수와 통화하면서 심한 욕설을 내뱉는 음성 파일이 공개돼 곤욕을 치렀다. 홍 의원은 “최근 사회문제화된 학폭(학교폭력)처럼 이런 행동은 10년, 20년이 지나도 용서되지 않는다”고 덧붙였다.
홍 의원은 또 2017년 더불어민주당 대통령 후보 경선 과정에 불거진 문재인 대통령과 이 지사의 갈등 구도를 부각시키기도 했다. 그는 “문재인 (당시) 후보를 지난 당내 경선 때 그렇게 심하게 네거티브를 하고도 끝까지 살아 남을 거라고 보느냐”며 “문재인 후보와 지난 대선 때 경쟁했던 사람들은 모두 폐기 처분되었는데, 혼자 살려둔 것은 페이스메이커가 필요해서라고 보여질 수 있다”고 주장했다. 홍 의원은 이어 “민주당 당내 경선은 다이나믹하고 늘 새로운 인물을 만들어 내는 수준 높은 전당대회”라며 “(이 지사는) 그만 자중하시고 자신을 돌아 보기 바란다”고 적었다.
홍 의원은 연이틀 이 지사를 상대로 작심 발언을 이어가고 있다. 홍 의원은 전날에도 페이스북에 “그동안 양아치 같은 행동으로 주목을 끌고, 내가 보기엔 책 같지 않은 책 하나 읽어 보고 기본소득의 선지자인양 행세하고, 걸핏하면 남의 당명 가지고 조롱하면서 자기 돈도 아닌 세금으로 도민들에게 푼돈이나 나누어 주는 것이 잘하는 도정이냐”며 “지도자를 하고 싶다면 진중하게 처신하라”고 이 지사를 겨냥했다.
홍 의원이 가세하기 전부터 이미 유승민 전 의원, 원희룡 제주도지사 등 야권 대선 후보군은 일제히 ‘이재명 때리기’에 나선 바 있다. 특히 유 전 의원은 재난지원금 보편 지급을 ‘악성 포퓰리즘’으로 규정하고 하루 걸러 이 지사를 비판해 왔다. 유 전 의원은 “악성 포퓰리즘에 빠져 전국민을 상대로 돈을 뿌리면, 정작 코로나로 가장 큰 피해와 고통을 겪으며 국가의 도움을 애타게 기다리는 국민들이 외면 당하고 소외받고 있음을 알아야 한다”며 “위대한 국민을 우롱하고 모독하는 저급한 정치는 문 대통령과 이 지사가 하고 있다”고 비판한 바 있다. 원희룡 지사도 “무차별 기본소득이 도입되면 복지효과도 경제효과도 미미하면서 세금만 올리고 복지는 방해하는 ‘괴물’이 될 것”이라며 “이 지사가 주장하는 무차별 기본소득으로는 복지국가 건설이 어렵고 오히려 방해될 것”이라고 대립각을 세워왔다.",hankyoreh
2021-04-09,"홍준표, ‘복당 걸림돌’ 김종인 떠난 국민의힘 돌아갈까",오연서 기자 loveletter@hani.co.kr,"주호영 국민의힘 대표 권한대행 겸 원내대표가 9일 ‘야권 대통합’을 명분으로 홍준표 의원(무소속)의 복당에 대해 긍정적 반응을 보였다. 그동안 홍 의원의 복당에 대해 반대했던 김종인 전 비대위원장이 물러난 지 하루 만이다. 
주 권한대행은 9일 <한국방송>(KBS) 라디오 프로그램에 출연해 홍 의원의 복당 문제에 대한 질문에 “우리와 함께할 수 있는 사람, 함께했던 사람들은 표현이 그렇지만 지푸라기 하나라도 힘을 합쳐서 내년 대선을 치러야 할 것이기 때문에 모두 함께해야 한다”고 답했다. 이어 “야권 대통합을 위한 열린 플랫폼을 만들어야 한다고 다들 공감하고 있다”고도 했다. 이번 재보선의 승리 분위기를 대선까지 이어가기 위해선 대선 주자를 한데 불러 모아 야권 대통합을 이뤄야 한다는 주장이다. 
앞서 홍 의원은 21대 총선 공천을 앞두고 이른바 ‘험지’ 출마를 주문하는 당 지도부에 반발해 지난해 3월25일 탈당했다. 같은 이유로 탈당한 권성동·김태호 의원은 각각 지난해 9월과 올해 1월 복당했으나, 홍 의원과 윤상현 의원은 아직 입당하지 못했다. 
홍 의원은 지난달 26일 한 언론과의 인터뷰에서 “(대구·경북 신공항특별법을) 통과시키지 못했다. 티케이(TK) 관문 공항을 만들자는 것은 나중에 복당하면 대선 공약으로 삼겠다”고 말하면서 스스로 복당 의사를 내비친 바 있다. 그러나 ‘중도층 잡기’에 고심한 김종인 전 비대위원장은 강경 보수 이미지의 홍 의원의 계속 미뤄왔다. 
주 권한대행의 이날 발언은 그동안 홍 의원과 척을 졌던 김 전 위원장의 퇴임으로 인해 당내 복당 여론이 확산될 수 있다고 판단했기 때문인 것으로 보인다. 그는 이날 당 원내대책회의 후 기자들을 만나 “(홍 의원의 복당은) 절차들이 있고, 또 당원이나 결정하는 단위의 뜻을 확인해보겠다”고 말했다.
홍 의원은 이날 페이스북에 “이번 보궐선거는 우리가 이긴 것이 아니라 저들이 진 것”이라며 “야당은 자만하지 말고 더 밑으로 내려가야 한다”고 썼다. 그는 ‘물은 배를 띄울 수도 있지만 뒤집을 수도 있다’는 뜻의 고사성어인 ‘수가재주(水可載舟), 역가복주(亦可覆舟)’를 인용하면서 “보궐선거 패배 한 번으로 그들이 본질을 버리고 정책을 바꿀 리 있겠나. 저들이 물러날 때까지 더 기다려야 할 것”이라고 했다. ",hankyoreh
2021-02-04,홍준표 “대선 나가려 말 거칠어졌냐”…정세균 “본인 말씀 아닌지”,장나래 기자 wing@hani.co.kr,"4일 열린 국회 정치·외교·통일·안보 대정부질문에서는 북한 원전 건설 추진 의혹을 두고 날 선 공방이 이어졌다. 
권성동 국민의힘 의원은 “북한 원전 건설 추진 의혹에 대해 야당이 상식적으로 문제를 제기했지만 여당은 벌떼처럼 일어나 야당 대표를 겁박하고 있다”며 “이는 친문 벌떼 작전”이라고 비판했다. 이에 정세균 총리는 “북한 원전과 관련해서 야당의 문제 제기는 정상적이지 않았다. 그 문제를 전혀 현실성 없는 방향으로, 정치적으로 끌고 갔다”고 맞받았다. 권 의원의 국정조사 수용 요구에 정 총리는 “국회의 영역”이라고 맞받자, “민주당은 대통령 한마디에 말을 다 듣지 않냐. 거수기인데”라고 발언해 민주당 의원석에서 항의가 쏟아지기도 했다. 정 총리는 “무슨 말을 그렇게 하시냐”며 잠시 언성을 높이기도 했다. 2018년 남북 정상 회담 당시 문재인 대통령이 김정은 북한 국무위원장에게 건넸다는 이동식저장장치(USB) 공개 여부에 대해 몇 차례 이어진 질문에 정 총리는 “USB는 정상 간에 오고 간 내용이기 때문에 관례적으로도 그렇고 외교 관행상으로도 공개하지 않는 것이 원칙”이라는 입장을 분명히 했다.
여당에서는 ‘북한 원전 건설 추진 의혹’에 대해 야당이 과하게 문제제기를 하고 있다고 비판하면서도, 정쟁 확산을 막는 게 정부 역할이라고 강조했다. 이상민 민주당 의원은 “야당에서는 정부가 극비리에 북한 원전을 추진한다라고 의혹을 제기하는데, 중대한 오류가 있다고 생각한다. 정부가 국민께 소상히 설명해 소모적인 정쟁을 막아달라”고 요구하자 정 총리는 “이미 산업자원부에서 소상하게 내용을 밝혔고, 아마 대다수의 국민께서는 의혹에 대해서 이제는 해명이 된 것으로 느낀다”고 답했다. 
홍준표 무소속 의원과 정세균 총리는 차기 대선 주자로 신경전을 벌이기도 했다. 15년 만에 대정부질문에 나섰다고 밝힌 홍 의원이 첫 질문으로 “총리님의 요즘 말씀이 굉장히 거칠어지셨는데 대선 후보 경선에 나가려다 보니 그렇게 된 것 아니냐”고 묻자 정 총리는 “본인 말씀을 하는 건 아닌지 모르겠다”고 응수했다. “대선 안 나가냐”는 홍 의원에 질문에 “저는 지금 코로나와 싸우느라 정신이 없다”고 답했다. “대통령이 가족관리를 잘 하고 있냐” “대통령이 야당 비대위원장 고소 정치를 해도 되냐”는 홍 전 의원의 질문이 이어지자 정 총리는 “홍 의원님은 야권 지도자 중 한분이라고 생각한다. 총리를 불러서 지금같은 상황에서 질문하실 때는 국민의 눈물을 어떻게 닦아줄 건지, 어떻게 미래를 설계해서 다음 세대가 잘 살 수 있게 할건가. 또 남북문제도 있는데 이슈가 적절치 않은 것 아니냐”고 지적하기도 했다. 
부동산 문제에 대한 질문에 정 총리가 “저는 남 탓 하기 싫어서 말하지 않았지만 지금 공급되고 있는 주택 양은 사실은 홍 의원님이 함께 하시던 정당 두 분의 대통령이 집권하실 때 그 때 씨를 뿌려놓은 것들이 지금 나오고 있다”고 답하자 국민의힘에선 야유와 고성이 터져나오기도 했다. 또 “이명박·박근혜 전직 대통령 석방 없이 국민 통합을 얘기할 수 있냐”는 홍 의원의 질의에 정 총리는 “국민 통합에는 적극 찬동하지만 그 문제는 국민적 동의가 선행되지 않으면 실행하기 어렵다”고 잘라 말했다. 
박범계 법무부 장관이 취임 이후 첫 국회 대정부질문에 출석해 한명숙 전 총리 뇌물수수사건 검찰 수사와 검언유착 사건 등에 대한 입장을 밝히기도 했다. 박 장관은 홍영표 민주당 의원의 질의에 검언 유착 수사에 대해 “정확한 진상 파악이 충분히 돼 있지 않다”면서 “현재로서 무혐의에 가까운 결론을 내는 부분도 있고, 반대로 충분한 수사가 돼 있지 않다는, 휴대전화 포렌식이 이뤄지지 않은 상태에서 실체적 진실이 (밝혀진 게) 맞냐는 강력한 문제 제기가 있다”고 답했다. 박 장관은 한명숙 전 총리 뇌물수수 사건과 관련해 과거 검찰이 수감 중인 기결수를 불러 ‘증언 연습’을 시켰다는 의혹에 대해 “현재 감찰이 진행 중이다. 증인 연습이 있었다면 대단히 부적절한 일”이라며 “대검 감찰부에서 감찰 의지가 있다. 공소시효 문제를 걱정할 정도 상황은 아니다”라고 했다. ",hankyoreh
