﻿,Unnamed: 0,date,title,press,reporter,content
18,18,2021-05-01 3:00,정세균 “20세 맞은 청년에 1억씩 지급” 첫 공약… 이낙연 ‘아동수당-공공임대 확대’ 與 정책과제로,동아일보,김지현 기자 ,"

            여권 대선 주자들이 이재명 경기도지사의 ‘기본소득’에 대응하기 위한 복지 정책 및 공약들을 제시하고 나섰다. 더불어민주당 5·2 전당대회가 임박하면서 당 대표 선출 후 본격화될 대선 레이스를 염두에 둔 주자들의 어젠다 경쟁도 막이 오르는 양상이다. 정세균 전 국무총리는 첫 대선 공약으로 ‘20살 청년을 위한 1억 원 적립형 통장’을 내놓으며 2030세대 표심 잡기에 나섰다. 정 전 총리는 30일 YTN 라디오에서 “청년들이 너무 아프다. 청년들이 희망을 갖고 일할 수 있는 방안이 없을까 고민을 하고 있다”며 “재원 대책까지 마련된 완결된 정책을 만들어서 발표하겠다”고 했다. 정 전 총리는 전날 광주대 강연에서 “국가와 사회가 청년들의 자산 형성을 위해 사회적 상속 제도를 구축할 수 있도록 노력해야 한다”며 “미래씨앗통장 제도로 부모 찬스 없이도 (청년들이) 자립 기반을 구축할 수 있도록 20년 적립형으로 1억 원을 지원하는 정책을 설계 중”이라고 처음 언급했다. 정 전 총리 측은 “신종 코로나바이러스 감염증(코로나19) 이후 ‘더 나은 회복’을 위한 혁신경제와 돌봄사회 정책의 일환”이라고 했다.  이낙연 전 더불어민주당 대표의 ‘신복지 구상’도 구체화 단계에 돌입했다. 이 전 대표가 당 대표 시절인 2월 출범시켰던 당 내 국민생활기준 2030 범국민특별위원회는 30일 국회에서 중간보고 형태의 간담회를 열고 초등학생 온종일 돌봄제와 공공임대주택 확대, 아동수당 확대 등 국민 삶의 질을 높일 8개 정책 과제를 제시했다. 특위 공동위원장을 맡은 홍익표 민주당 정책위 의장은 “9월까지 구체적인 국민생활보장 최저기준과 적정기준을 마련하고, 국민 여론 수렴을 거쳐 이행 로드맵을 확정하겠다”고 했다. 함께 공동위원장을 맡은 김연명 전 대통령사회수석비서관은 “당과 협의를 거쳐 9월 확정될 대선 후보에게 보고하고 당 공약에 반영될 수 있도록 하겠다”고 했다.  이 전 대표는 8일 광주와 부산에서 열리는 ‘신복지2030’ 지역 포럼 창립총회에도 직접 참석해 대선 행보를 본격화할 것으로 전망된다. 이 전 대표 측은 “포럼을 통해 본인이 올해 2월 제시했던 대선 비전인 신복지제도를 구체화하고 지역 조직 관리에도 나설 것”이라고 했다.김지현 기자 jhk85@donga.com 
"
80,80,2021-04-24 3:00,"정세균 “尹, 검사밖에 해본게 없어”… 이낙연, 봉하마을 참배뒤 “사람사는 세상 중요”",동아일보,최혜령 기자 ,"

차기 대선 공식 도전을 앞두고 있는 정세균 전 국무총리와 더불어민주당 이낙연 전 대표가 사전 행보의 속도를 높여가고 있다. 정 전 총리는 각종 여론조사에서 선두권을 유지하고 있는 이재명 경기도지사와 윤석열 전 검찰총장을 동시에 겨냥했고, 이 전 대표는 경남 김해 봉하마을을 찾았다.  정 전 총리는 23일 CBS라디오에서 여론조사 지지율과 관련해 “(지지도는) 결정적일 때 있어야지 미리 지나가버리면 소용없다”며 “(과거 대선에서) 1년 전 높은 지지율을 보이다가도 그냥 순식간에 사라진 경우가 부지기수”라고 했다. 각종 여론조사에서 이 지사와 윤 전 총장만이 두 자릿수 지지율을 유지하고 있지만 이를 극복할 수 있다는 자신감을 내비친 것이다. 그는 윤 전 총장에 대해서는 “그분은 검사밖에 해보신 게 없다”고도 했다. 비공개 전국 순회 행보를 이어가고 있는 이 전 대표는 이날 오후 봉하마을을 찾아 노무현 전 대통령 묘소를 참배하고 권양숙 여사를 만났다. 여권 관계자는 “김대중 전 대통령의 권유로 정계에 입문한 이 전 대표가 노 전 대통령, 문재인 대통령으로 이어지는 민주당의 계보를 잇겠다는 뜻을 강조하기 위한 일정”이라고 말했다. 이 전 대표는 페이스북에 “당신이 추구하셨던 균형 발전과 사람 사는 세상은 여전히 가장 중요한 과제입니다”라고 적어 노 전 대통령을 계승하겠다는 의지를 드러냈다.  이 전 대표는 부산으로 이동해 24일에는 어민들을 만나 일본 후쿠시마 오염수 방류 대책 등에 대한 현장 의견을 들을 예정이다. 이 전 대표 측 인사는 “각종 민생 현장에서 다양한 분들의 의견을 경청하는 일정은 앞으로도 계속 가질 것”이라고 말했다. 최혜령 기자 herstory@donga.com 
"
115,115,2021-04-22 3:00,정세균 ‘민주당 직계’ 행보 vs 이낙연 ‘초심’ 행보,동아일보,김지현 기자 ,"

정세균 전 국무총리가 다음 달 초 공식 대선 출마 선언을 하고 대권 레이스에 뛰어든다. 정 전 총리는 21일 동아일보와의 통화에서 “다음 달 2일 더불어민주당 전당대회가 끝나는 대로 국민들에게 앞으로의 계획을 소상하게 밝히려고 한다”고 했다. 새 여당 지도부가 꾸려지고 당이 수습되고 나면 대선 출마 선언에 나서겠다는 뜻으로 풀이된다.  정 전 총리는 전당대회 기간 중에는 여의도와 거리를 둔 채 ‘민주당 직계’ 이미지를 강화할 수 있는 행보에 나선다는 계획이다. 정 전 총리는 “이번 주말 경남 김해 봉하마을을 찾아 노무현 전 대통령 묘소를 참배하고 권양숙 여사와 면담할 계획”이라고 했다. 정 전 총리 측 관계자는 “‘범친노(친노무현)’로서 민주당 내에서의 정통성을 내세우면서 당내 친노, 친문 인사들을 두루 접할 것”이라고 했다. 그가 16일 사임 후 첫 공식 일정으로 김대중(DJ) 전 대통령의 일산 사저를 찾은 것 역시 ‘DJ 후계자’라는 점을 강조하기 위해서인 것으로 풀이된다. 1995년 DJ의 제안으로 정계에 입문한 정 전 총리는 페이스북에 “‘다시 김대중’으로 돌아가기 위한 다짐”이라고 적었다.  정 전 총리가 본격 대선 행보에 나서면서 그동안 물밑에서 지원해 온 김영주 안규백 이원욱 의원 등 당내 이른바 ‘SK계’ 의원들도 본격적인 세력 구축에 착수했다. 정 전 총리와 가까운 한 의원은 “정 전 총리가 기업인 출신이라는 강점이 있기 때문에 ‘포스트 코로나’ 경제 재건에 대비할 수 있는 자질 등을 강조할 계획”이라고 했다. 정 전 총리의 전임자인 이낙연 전 대표도 물밑 행보를 이어가고 있다. 두 사람은 호남 기반의 여권 대선주자이자 문재인 정부 국무총리 출신이라는 공통점을 갖고 있다. 이 전 대표는 재·보선 참패 후폭풍 속에 호남을 시작으로 전국을 돌며 비공개 민생 순회 중이다. 이 전 대표 측근은 “전남지사와 총리 시절 찾았던 민생 현장을 다시 방문해 민심을 겸허하게 듣고 초심을 되찾겠다는 취지”라며 “이번 주에는 강원 고성·삼척, 경북 울진을 찾고 주말에는 부산·울산·경남으로 내려가 현장 목소리를 듣는 데 집중할 것”이라고 했다.  이 전 대표는 16일 자가 격리에서 해제된 직후 국립대전현충원을 찾아 세월호 사태 당시 순직한 고 김초원 교사의 부모를 위로한 것으로 알려졌다. 이어 고향이자 옛 지역구였던 전남 영광으로 향해 청년농업인 등을 만났다. 또 2020년 8월 집중호우로 피해를 입었던 섬진강 일대 현장도 다시 찾아 이재민들의 고충을 듣기도 했다. 한 여당 의원은 “총리 시절 현장 목소리를 직접 듣고 정책에 반영했듯이 다시 현장에서 반전의 계기를 만들겠다는 취지”라고 전했다.  두 사람의 경쟁에 대해 여권 관계자는 “정 전 총리는 여전히 한 자릿수로 미미한 지지율을 끌어올려야 하고, 이 전 대표는 연초부터 하락세로 접어든 지지율을 다시 반등시켜야 한다”며 “다음 달까지 두 사람 중 누가 먼저 눈에 띄는 지지율 변화를 만들어내는지가 첫 번째 승부가 될 것”이라고 했다. 김지현 기자 jhk85@donga.com 
"
173,173,2021-04-17 3:00,"정세균 “새로운 출발, 국민 큰뜻 받들겠다”… 이낙연 “죽는 한 있어도 文대통령 지킬 것”",동아일보,허동준 기자 ,"

정세균 전 국무총리가 16일 총리직에서 물러나며 여권의 차기 대선 레이스에 본격적으로 합류했다. 정 전 총리의 가세로 이재명 경기도지사, 더불어민주당 이낙연 전 대표의 3자 대결도 막이 올랐다.  정 전 총리는 이날 이임사에서 “국민의 큰 뜻을 받들어 더 크게 돌려드릴 수 있도록 끝까지 힘쓰겠습니다. 새로운 출발입니다”라고 했다. 사실상 대선 출마를 기정사실화한 것이다. 여권 관계자는 “국회의장, 총리까지 지낸 상황에서 남은 고지는 하나밖에 없지 않느냐”며 “정 전 총리는 이번 대선이 정치 인생의 마지막 도전이라고 생각하는 듯하다”고 전했다.  민주당이 다음 달 2일 전당대회를 앞두고 있는 만큼 정 전 총리는 당분간 당과는 거리를 두고 주변 조직 정비 등에 나설 것으로 보인다. 정 전 총리 측 인사는 “전당대회에서 특정 후보를 미는 일은 없을 것”이라며 “공식 도전에 앞서 새로운 화두 등을 고민하지 않겠느냐”고 했다. 정 전 총리의 핵심 지지 기반인 ‘광화문포럼’ 등은 4·7 재·보궐선거 참패 원인을 분석하는 등 정 전 총리의 등판을 준비해왔다.  3자 구도가 명확해지면서 다른 두 주자의 행보도 빨라지고 있다. 이 지사는 20일 서울 영등포구 여의도에서 국회의원 41명과 공동으로 ‘청소·경비노동자 휴게시설 개선 토론회’를 열고 여의도 행보를 재개한다. 다음 달 12일에도 부동산 관련 토론회를 준비하고 있다. 높은 지지율을 바탕으로 세 확산을 꾀하겠다는 의도다. 이에 맞서 이 전 대표는 다시 한 번 친문(친문재인) 지지층 결집에 나섰다. 이 전 대표는 전날(15일) 의원 20여 명과 모인 자리에서 “문재인 정부에서 절반 이상 2인자(총리)를 했는데 내가 다른 소리를 하는 것은 사기”라며 “죽는 한이 있어도 문 대통령을 지키고 가겠다”고 했다. 이 전 대표는 이날 페이스북에서도 “개인을 내려놓고 민주당 깃발 아래 하나가 됩시다”라며 “선당후사 마음으로 국민의 재신임을 받는 일에 집중합시다”라고 적었다. 허동준 기자 hungry@donga.com 
"
245,245,2021-04-10 3:00,속내 복잡한 與주자들… 이재명 “무거운 책임감” 이낙연 “성찰의 시간”,동아일보,김지현 기자 ,"

더불어민주당의 4·7 재·보궐선거 참패 이후 여권 내 대선주자들의 속내가 복잡해지는 모양새다. 선거 전면에 나섰던 이낙연 전 민주당 대표로선 패배 책임론을 딛고 재기의 발판을 마련하는 것이 시급한 과제다. 이달 중 사퇴가 유력시되는 정세균 국무총리의 ‘여의도 복귀’와 더불어 ‘1강’ 독주 체제를 이어가고 있는 이재명 경기도지사의 ‘당심(黨心) 회복’ 여부가 추후 당내 대선 판세의 흐름을 결정하는 관건이 될 것으로 보인다. “당의 일원으로서 무거운 책임감을 느낀다.” 이 지사는 선거 다음 날인 8일 페이스북을 통해 이렇게 밝혔다. 현역 지방자치단체장이란 신분 때문에 선거 전면에 나서지 않아 책임론에서 상대적으로 자유롭지만 ‘당의 일원’으로서 패배의 고통을 나눠지겠다고 강조한 것. 재·보선을 계기로 여권 안에선 이 지사의 독주 체제가 더욱 뚜렷해지는 형국이다. 이 지사는 엠브레인퍼블릭 케이스탯리서치 코리아리서치 한국리서치가 5∼7일 진행한 여론조사에서 24% 지지율을 유지하며 윤석열 전 검찰총장(18%)을 앞섰다. 다만 당내 견제를 극복하면서 지지율을 유지하는 과제가 남았다. 이 지사 측은 9일 “강성 친문 지지층 사이에선 한국토지주택공사(LH) 투기 의혹 폭로 배후를 이 지사와 엮어 선거 패배 책임을 물으려는 주장이 여전하다”며 “대선 경선을 앞두고 당 지지층의 여론을 살피지 않을 수 없겠지만 지금까지처럼 소신 있게 말하고 움직이는 것도 중요하다고 본다”고 했다. 이 지사는 당분간 당심을 살피며 ‘도정 챙기기’에 주력하되 의원들과의 개인적인 접점은 늘려나갈 것으로 보인다. 이 전 대표는 15일 자가 격리가 끝나는 대로 민생 현장을 직접 찾을 계획이다. 이 전 대표는 부인의 신종 코로나바이러스 감염증(코로나19) 확진자 접촉으로 7일부터 자택에서 자가 격리 중이다.  이 전 대표 측 관계자는 9일 “이 전 대표가 선거에서 드러난 민심을 겸허하게 수용하고 성찰하겠다고 약속한 만큼 여의도 정치와는 당분간 거리를 두되 국민의 삶을 찾아가 직접 성난 민심을 달래려고 한다”며 “온·오프라인을 가리지 않고 평범한 국민들을 만나고, 특히 계층과 세대, 지역을 불문하고 희망을 주는 사람들을 만나 경청할 것”이라고 했다. 이 전 대표는 전날 페이스북에 “국민의 실망과 분노를 제대로 헤아리지 못했다”며 “성찰의 시간을 갖겠다. 낮은 곳에서 국민을 뵙겠다”고 적었다. 이 전 대표가 찾을 첫 민생 현장은 자신의 정치적 텃밭인 호남이 될 가능성이 크다. 자신의 정치적 기반에서 다시 ‘초심’을 새기고 점차 전국으로 넓혀 나간다는 구상이다. 다만 당내에서 “이번 선거에서 후보를 공천하지 말았어야 한다”며 이 전 대표에게 책임을 묻는 목소리가 적지 않은 만큼 이를 극복하는 과제가 남아 있다.  정 총리는 이달 중 민주당으로 복귀해 본격적인 대선 레이스에 합류할 것으로 전망된다. 정 총리의 측근은 “정 총리가 여전히 민주당 상임고문직이고, 그 자리로 돌아올 것”이라며 “정 총리가 복귀하면 이른바 ‘SK(정세균)계’ 의원들의 움직임도 본격화될 것”이라고 했다.  정 총리가 이낙연-이재명 간 경쟁으로 오랫동안 굳어진 여권 내 양강 구도를 깨고 친문(친문재인) 계파를 얼마나 흡수할지에도 관심이 쏠린다. 민주당 설훈 의원은 9일 YTN 라디오에서 “대선 후보가 몇 개월 사이에 툭 떨어질 수 있는 상황은 아니기 때문에 이들 내에서 사람을 선택할 수밖에 없을 것”이라고 했다.김지현 기자 jhk85@donga.com  
"
307,307,2021-04-06 3:00,차기대권 레이스 걸린 이낙연… 반등기회 얻게 될까,동아일보,김지현 기자 ,"

“후보만큼이나 이번 선거에 절박한 사람이 바로 이낙연 상임선대위원장(사진)일 것이다.” 더불어민주당의 한 의원은 5일 이 상임위원장이 처한 상황에 대해 이같이 말했다. 이번 선거 결과에 이 위원장의 차기 대선 레이스가 걸려 있기 때문이다.  이 위원장은 지난달 초 당 대표직을 내려놓은 직후 선대위원장을 맡아 한 달간 선거 전면에 나섰다. 하지만 예기치 못한 한국토지주택공사(LH) 투기 의혹 사태로 당 지지율 하락과 함께 그의 차기 대선주자 지지율도 최근 한 자릿수까지 떨어진 상태.  민주당이 이번 선거에서 한 곳에서라도 승리할 경우 이 위원장은 ‘어려웠던 선거를 승리로 이끌었다’는 평가와 함께 당내 리더십은 물론이고 개인 지지율도 끌어올릴 기회를 얻을 가능성이 크다. 반면 서울과 부산 모두 질 경우 민주당은 물론이고 이 위원장도 적잖은 타격을 입을 것으로 보인다. 여권 관계자는 “이 위원장 지지율이 이미 한 자릿수로 떨어진 상황에서 선거까지 참패하면 대선 레이스를 이끌고 갈 동력을 마련하기가 쉽지 않다”고 말했다.  그러나 당 일각에서는 “선거에 패하더라도 이를 이 위원장 탓으로 돌리기는 어렵다”는 주장도 나온다. 한 여당 중진 의원은 “LH 파문 등 예기치 못한 변수로 이번 선거는 이순신 장군이 와도 이기기 어려운 선거”라고 했다. 수도권 지역의 한 여당 의원은 “이번 선거를 기점으로 정치권의 화두가 선명성 경쟁에서 사회 통합으로 변할 가능성이 있다”며 “중도층 확장 전략이 다시 여당의 과제가 되면 이 위원장의 목소리도 더 커질 수 있다”고 말했다. 김지현 기자 jhk85@donga.com  
"
366,366,2021-04-01 3:00,이낙연 “부동산정책 잘못 사죄”… 김종인 “文정부 실패 심판해야”,동아일보,"허동준 기자 , 강경석 기자 ","

“정부 여당은 주거의 현실을 제대로 보지 못했고 정책을 세밀히 만들지 못했다. 무한 책임을 느끼며 사죄드린다.” 더불어민주당 이낙연 상임선대위원장은 31일 ‘대국민호소 기자회견’을 열고 이같이 말했다. 4·7 재·보궐선거 사전 투표일을 이틀 앞두고 정부 여당이 추진해 온 부동산정책들에 대한 실패를 인정한 것. 그러면서도 이 위원장은 “국민 여러분과 함께 촛불을 들었던 그때의 그 간절한 초심으로 돌아가서 다시 시작하겠다”며 지지를 호소했다. 이 위원장은 이날 부동산 민심을 잡기 위해 주택담보인정비율(LTV), 총부채상환비율(DTI) 규제 완화 등을 담은 ‘내 집 마련 국가책임제’를 제시했다. 특히 각종 여론조사에서 민주당에 등을 돌린 것으로 나타나는 청년층을 향해서는 “청년과 신혼세대가 안심대출을 받아 내 집을 장만하고 그 빚을 갚는 데 어려움이 없도록 ‘50년 만기 모기지 대출 국가보증제’를 추진하겠다”고 약속했다. 이 위원장은 LTV, DTI와 관련해서는 “좀 더 대담한 완화가 필요하다”고 말했다.  국민의힘 김종인 비상대책위원장은 서울 은평구와 서대문구 등 서북권 지역을 찾아 유세에 나섰다. 이 지역은 지난해 4·15총선에서 민주당이 모두 석권한 지역이다. 김 위원장은 은평구 연신내역 앞에서 열린 지원 유세에서 “이번 선거는 문재인 정부의 모든 정책 실패를 냉엄하게 심판하는 선거”라며 ‘정권 심판론’을 강조했다. 최근 전셋값 인상 논란으로 사직한 김상조 전 대통령정책실장 사례를 언급하며 “이것이 문재인 정부가 국민에게 보여준 민낯”이라고 비판했다. 허동준 hungry@donga.com·강경석 기자  
"
436,436,2021-03-26 3:00,이낙연 “통렬히 반성” 읍소전략… 김종인 “정권교체 발판” 바람몰이,동아일보,"김지현 기자 , 유성열 기자 ","

25일 4·7 재·보궐선거의 공식 선거운동 시작과 함께 더불어민주당 이낙연 상임선대위원장과 국민의힘 김종인 비상대책위원장 간 13일간의 치열한 전략 싸움도 막이 올랐다. 더 물러설 곳 없는 여야 두 수장 간 자존심 대결이자 각자의 다음 정치 행보까지 결정지을 벼랑 끝 수 싸움이다. 한국토지주택공사(LH) 투기 의혹 파문 등으로 인한 비판 여론을 의식한 이 위원장은 선거운동 첫날부터 ‘읍소 전략’을 본격적으로 꺼내 들었다. 조직 총동원을 통한 ‘집토끼’ 지키기와 함께 ‘도와 달라’는 호소로 흩어진 중도층과 지지층의 민심을 되찾아 오겠다는 것. 반면 서울 구청장 25명 가운데 24명, 서울시의회 의원 109명 중 101명을 민주당이 차지하고 있는 현실에 맞서야 하는 김 위원장은 최근 내부 회의에서 수차례 “서울 선거는 바람이 조직을 이긴다”고 강조했다. 이 위원장은 이날 페이스북에 “국민 여러분, 도와주십시오”라는 제목의 글을 올리며 절절한 호소에 나섰다. 그는 “민주당은 절박하고 겸손한 마음으로 국민 여러분을 뵙겠다”며 “잘못은 통렬히 반성하고 혁신하며, 미래를 다부지게 개척하겠다”고 했다. 그동안은 조직 총동원령을 통한 지지층 결집에 나섰다면 남은 2주간은 ‘반성 모드’로 중도층 표심 되찾기에 나선 것이다. 이날 이 위원장이 최근 박원순 전 서울시장을 두둔해 논란을 일으킨 임종석 전 대통령비서실장을 향해 “신중했으면 한다”고 공개 질타한 것도 이 같은 전략의 연장선으로 해석된다. 이 위원장은 이날 MBC라디오에 출연해 전날 박영선 서울시장 후보가 “임 전 실장의 발언이 선거에 도움이 안 된다”고 한 것을 언급하며 “후보의 생각을 존중하는 것이 옳다고 생각한다”고 했다. 이 위원장을 필두로 민주당 의원들도 일제히 저자세로 몸을 낮췄다. 청와대 출신인 고민정 윤건영 의원과 친문(친문재인) 성향 김종민 최고위원 등은 이날 각자 페이스북에 “파란색이 미운 당신, 그 마음 쉽게 돌릴 수는 없겠지만 파란색 정부가 남은 기간 힘을 낼 수 있도록 해 달라”고 읍소하는 내용의 동영상을 공유했다. 부산 지원 유세에 나선 홍영표 의원은 “부산 시민들 부동산 문제에 화 나 있는 것을 잘 안다. 민주당에 화를 내시고 김영춘 후보는 뽑아달라”고 호소했다. 양향자 최고위원도 “저희가 잘못했다”고 했다. 동시에 야당이 펼치는 ‘정권심판론’ 차단에도 주력했다. 이 위원장은 박 후보 유세 출정식 자리에 “정권을 심판하겠다는 것은 정부와 싸움만 하면서 1년을 보내겠다는 것”이라고 했다. 김 위원장은 서울선대위 회의에서 “우리 당이 현재 최고의 지지율을 자랑하고 있다”며 “오세훈 후보 지지율도 박 후보에 비해서 한 20%(포인트) 가까운 차이를 보여주고 있다”고 강조했다. 평소 여론조사를 두고 “신경 쓰지 않는다”는 태도를 보여 온 김 위원장이 이례적으로 수치까지 언급하면서 ‘정권 심판 바람몰이’에 나선 것. 김 위원장은 덕수궁 대한문 앞 유세에서도 “오 후보를 당선시키고 내년 정권 교체를 하면 잘못된 조세정책에 대한 전면적 재검토를 약속하겠다”고 했다. 김 위원장은 최근 기회가 있을 때마다 “서울 선거는 바람의 선거”라고 수차례 강조했다. 그러면서 구체적 사례로 2006년 ‘꼬마 민주당’ 시절 자신이 선거대책위원장을 맡아 치렀던 서울 성북을 국회의원 보궐선거를 자주 언급했다. 이 선거에서 민주당(9석)의 조순형 후보는 여론조사에서 10%포인트 이상 뒤처졌지만, 당시 여당인 열린우리당(152석)과 제1야당인 한나라당(121석) 후보를 모두 물리치고 당선되는 이변을 일으켰다. 김 위원장은 “모두가 조순형이 진다고 했지만, 여당에 대한 심판 여론 등으로 조 후보의 바람이 이겼다”고 강조했다. 당시 열린우리당은 당 조직을 총동원해 선거를 치렀지만 선거구 4곳에서 모두 패배했다.김지현 jhk85@donga.com·유성열 기자 
"
488,488,2021-03-22 3:00,이낙연 “지인들에 전화-문자 호소를”… 지지층 결집 사활 건 민주,동아일보,강성휘 기자 ,"

“사실상 조직 총동원령이 내려진 상태다.” 더불어민주당 관계자는 21일 서울시장과 관련한 당내 분위기에 대해 이같이 말했다. 한국 토지주택공사(LH) 사태와 박원순 전 시장 성추문 피해자 기자회견 등 악재가 계속되는 상황에서 조직표 등 지지층 결집을 통해 돌파구를 마련하겠다는 의도다. 여기에 야권이 막판 후보 단일화에 합의했다는 점도 민주당이 ‘조직 총동원령’을 내린 배경이다. 민주당 이낙연 상임선대위원장은 전날(20일) 페이스북을 통해 “선거가 긴박하다. 전화든, 문자로든 가까운 분들에게 호소드리자”고 적었다. 이 위원장은 “저도 전화로 공조직을 독려했다”며 전화 통화에 나선 모습을 담은 사진까지 올렸다. 앞서 이 위원장은 “공중전은 여의도에 맡기고 의원님들과 저는 보병전에 치중했으면 하는 마음”이라고도 했다. 이를 두고 당 안팎에서는 “이 위원장까지 나서 조직 동원을 강조하는 ‘백병전’에 나선 것”이라는 분위기다.  실제로 민주당은 일찌감치 당 차원에서 조직표 동원 캠페인을 진행 중이다. 민주당은 최근 소속 의원과 보좌진, 권리당원 등을 대상으로 ‘연고자 찾기’ 운동을 하고 있다. 보궐선거 후보들이 연락할 수 있도록 서울과 부산 거주 지인들의 연락처를 공유해달라는 취지다. 여권 관계자는 “한 수도권 의원은 5000여 명의 서울 지역 유권자 연락처를 제출하기도 했다”며 “일부 의원실은 보좌진에게 의무 할당량을 정해주기도 했다”고 전했다.  민주당이 조직 총동원령에 사활을 거는 것은 보궐선거의 특성상 투표율이 낮고, 결국 지지층을 얼마나 많이 투표장으로 이끌어내느냐가 승부를 가른다고 보기 때문이다. 민주당 고위 관계자는 “이번 서울시장 투표율은 45%에도 미치지 못할 것 같다”고 했다. 이는 2011년 서울시장 보궐선거 투표율(48.6%)보다도 낮은 것이다. 재·보궐선거 투표일인 다음 달 7일은 임시 공휴일이 아닌 평일이다. 박영선 후보 캠프 관계자도 “투표율이 낮을 것으로 예상되고, 야권 단일화로 사실상 1 대 1 구도로 치러지기 때문에 5%포인트 안팎의 박빙 승부가 예상된다”며 “결국 ‘집토끼’를 얼마나 많이 투표장으로 불러내느냐가 관건”이라고 했다. 특히 민주당은 지난 대선, 총선에서 여권의 핵심 지지층이었던 2030세대가 LH 파문 등으로 대거 기권할 것으로 보고 그 몫을 조직표로 채운다는 계획이다. 민주당은 야권과의 조직 대결에 대해서는 “전혀 밀리지 않을 것”이라고 자신하고 있다. 앞서 치러진 지난해 총선과 2018년 지방선거의 압승 때문이다. 현재 서울 지역 의원 49명 중 41명이 민주당 소속이고, 서울 25개 구(區) 중 서초구를 제외한 24곳을 민주당 구청장이 이끌고 있다. 여기에 ‘풀뿌리 조직’의 대명사인 시의원의 경우 전체 109명 중 101명이 민주당 의원이다. 국민의힘 시의원은 6명에 불과하다. 민주당 서울시당 관계자는 “가장 박빙이었던 2010년 서울시장 선거에서 1위와 2위 후보의 차이는 2만6000여 표에 불과했다”며 “이번에도 비슷한 양상이 벌어질 수 있어 대대적인 홍보 캠페인을 벌이는 것”이라고 설명했다.  다만 여권 내에서도 “바람이 불기 시작하면 조직만으로는 한계가 있다”는 말이 나온다. 야권 단일화가 어떤 영향을 미칠지 모르기 때문에 민주당은 국민의힘 오세훈 후보에 대한 공세의 고삐도 놓지 않고 있다.  여기에 차기 대선의 전초전으로 꼽히는 이번 서울시장 선거도 중도층의 표심이 승패를 가를 것이라는 관측도 나온다. 수도권 지역의 한 여당 의원은 “현재 민주당이 수세에 몰린 것은 국민의힘이 잘해서가 아니라, 극성 지지층만 바라보는 민주당에 대한 반감이라는 점을 잊어선 안 된다”며 “자칫 지지층 결집에만 매달렸다가는 오히려 중도층의 외면을 받는 상황이 벌어질 수도 있다”고 말했다. 강성휘 기자 yolo@donga.com  
"
540,540,2021-03-15 3:00,‘LH 사태’가 검찰 탓이라는 이낙연-추미애,동아일보,허동준 기자 ,"

한국토지주택공사(LH) 직원들의 투기 의혹 파장이 확산되는 가운데, 여권 인사들이 잇따라 부동산 의혹에 대한 ‘검찰 책임론’을 제기해 논란이 일고 있다. 더불어민주당 이낙연 상임선대위원장은 14일 페이스북에 “추미애 전 법무부 장관이 (재직 시절) 부동산 범죄를 수사하라고 검찰에 지시했지만 검찰은 아무것도 하지 않았다”고 쓰며 검찰에 화살을 돌렸다. 추 장관은 “‘검찰공화국’과 ‘부패공화국’은 동전의 양면이다. 부동산 시장의 부패에 검찰의 책임이 가장 크다”고 페이스북에 썼다. 추 장관은 또 부산 해운대 엘시티(LCT) 특혜분양 의혹 사건을 언급하며 “이영복(엘시티 회장)과 같은 부동산 불패신화를 조장한 세력은 바로 막강한 수사·기소 권한을 가지고도 제대로 수사·기소를 하지 않고 유착한 검찰”이라고도 했다. LH 의혹에 대한 특검 도입을 제안한 민주당 박영선 서울시장 후보는 이날 서울 종로구 선거캠프 사무실에서 열린 기자회견에서 국민의당 안철수 후보의 ‘검찰 수사 촉구’ 청와대 국민청원 게재와 관련해 “정치에 검찰을 끌어들이는 것이다. 만약 대망을 품고 있었던 검찰총장의 마음이 담겨 검찰이 수사를 지휘하면 과연 공정한 수사라고 시민들이 신뢰하겠느냐”고 공세를 펼쳤다. 이에 대해 국민의힘 김은혜 대변인은 “어떻게든 부동산 투기 수사의 본원인 검찰을 빼려는 여권의 무리수를 보면, 국민들은 이 정부의 힘 있고 ‘빽’ 있는 분들에게 뭔가 켕기는 것이 있긴 있나 보다 생각할 것”이라고 비판했다.허동준 기자 hungry@donga.com  
"
548,548,2021-03-13 3:00,"이낙연, 올해 6번째 부산 찾아 “김영춘 밀어달라”",동아일보,한상준 기자 ,"

더불어민주당 이낙연 상임선거대책위원장이 12일 부산을 찾아 가덕도 신공항 특별법을 앞세워 김영춘 후보 지원 사격에 나섰다. 이 위원장은 올해 들어 부산을 여섯 차례 찾았다. 이 위원장은 이날 민주당 부산시당에서 열린 ‘상임선대위원장-부산지역 선대위원장 연석회의’에 참석해 “부산시장 선거는 공교롭게도 가덕도 신공항을 처음 추진했던 노무현 대통령의 꿈을 이어받은 후보와, 가덕도 신공항 계획을 중단시켰던 이명박 정부의 사람이 대결하게 됐다”며 “누가 부산의 꿈을, 부산의 미래를 앞당길 것인가는 이 대진표만으로도 이미 자명해졌다고 생각한다”고 말했다. 이번 부산시장 선거는 사실상 김 후보와 국민의힘 박형준 후보의 양자 대결로 치러진다. 이 위원장은 또 “(선출된 시장의 잔여 임기인) 짧은 1년을 황금처럼 쓴다는 마음으로 가덕도 신공항 초기 진도를 앞당길 수 있는 김 후보에게 일을 맡겨 주시기를 바란다”며 “중앙당도 문재인 정부와 최선을 다해서 ‘김영춘 동지’와 협력하면서 가덕도 신공항 공정을 앞당길 수 있도록 노력하겠다”고 말했다. 김 후보도 “절망에 빠진 위기의 도시 부산을 살려내는 경제 시장을 뽑아야 한다. 가장 중요한 마중물은 공항”이라고 했다. 한상준 기자 alwaysj@donga.com  
"
579,579,2021-03-10 3:00,대표직 마친 이낙연 ‘대선 출정식’… 보선 성적표가 첫 분수령,동아일보,김지현 기자 ,"

“우선은 4·7 재·보궐선거에서 승리하도록 최선을 다하겠다.” 더불어민주당 이낙연 대표가 한 달 앞으로 다가온 재·보궐선거 승리 의지를 거듭 강조하며 9일 당 대표직에서 물러났다. 지난해 8월 29일 당 대표 취임 이후 192일 만이다. 당 대표 취임 당시 각종 여론조사에서 이 대표의 지지율은 20%를 넘나들며 선두를 지켰다. 그러나 현재 이 대표의 지지율은 10%대로 바뀌었고, 윤석열 전 검찰총장과 이재명 경기도지사에 이어 3위로 내려갔다. 이에 따라 이 대표는 4·7 재·보궐선거 승리를 발판 삼아 지지율 반등에 나선다는 계획이다. 여권 관계자는 “선거에 직접 출마한 후보들 못지않게 이 대표로서도 정치 인생을 걸어야 하는 선거”라며 “특히 서울시장 선거 결과에 따라 이 대표 지지율이 부활하느냐, 아니면 대선까지 물 건너가느냐가 달렸다”고 했다. 이 대표는 이날 오후 국회에서 열린 퇴임기념 기자회견에서 “앞으로 문재인 정부의 성공과 대한민국 발전을 위해 어느 곳에서 무엇을 하든 제 역할과 책임을 다하겠다”며 4·7 재·보궐선거 승리를 첫 목표로 내세웠다. 특히 서울시장 선거를 앞두고 야권에서 주장하는 ‘정권 심판론’을 겨냥해 “보궐선거이기 때문에 임기가 길지 않다. 그 짧은 임기 동안 정부와 매번 싸우는 정권 심판론자들에게 맡기는 것이 현명한가, 정부와 협력하고 얻을 건 얻으면서 발전을 위해 노력하는 길을 선택할 것인가에 대한 시민들의 현명한 판단을 기대한다”고 했다. 이 대표는 대표 재임 시절의 성과 중 하나로 지난달 국회를 통과한 부산 가덕도 신공항 특별법을 강조했다. 이 대표는 “2030년 부산 엑스포를 유치하고 성공시키려면 번듯한 국제공항이 있어야 한다는 것은 상식에 속하는 일”이라며 예비타당성조사 면제 논란을 반박했다. 이 대표는 기자회견에 앞서 이날 서울 여의도 한 호텔에서 ‘민주당 국민생활기준 2030 범국민특별위원회’ 주최로 열린 토론회에서 기조연설을 통해 △아동수당 지급 확대 △만 5세 전면의무교육 시행 △온종일 초등학교제 △유치원 무상급식 등을 담은 돌봄국가책임제를 제안했다. 2월 교섭단체 대표연설에서 발표한 신복지제도의 첫 정책이다. 이날 행사에는 민주당 의원 83명이 참석했다. 민주당 관계자는 “이 대표의 퇴임 날 열린 대선 출정식”이라며 “지지율 1위는 내줬지만 여전히 유력 대선 주자라는 점을 강조하는 세 과시에 나선 것”이라고 말했다. 이날 오전 국회에서 열린 당무위원회에는 이 대표의 대선 경쟁자인 이재명 경기도지사가 이례적으로 참석해 눈길을 끌었다. 그동안 당무위에 거의 참석한 적이 없던 이 지사는 이날 회의 후 기자들과 만나 “저도 당무위원이기 때문에 이 대표의 마지막 당무위에 그동안 고생했다는 말씀을 드리러 왔다”고 설명했다. 이 지사는 “일부 다른 의견이 있을 수 있지만 거대 여당을 이끄는 정말 어려운 일을 잘해내셨다”며 “그것 때문에 본인이 혹여라도 손실을 봤을 수 있지만 국민과 당을 위한 헌신이라 생각한다”고 평가했다. 이를 두고 여권에서는 “연초부터 자신의 대표 정책인 ‘기본소득’을 놓고 이 대표와 신경전을 이어왔던 이 지사가 대권을 딱 1년 남긴 날 국회를 찾아 자신의 존재감을 과시한 것”이라고 했다. 한 여당 의원은 “윤 전 총장이라는 공동의 적이 떠올랐으니 일단 내부 갈등은 피하자는 의도도 있어 보인다”고 해석했다. 실제로 이 지사는 윤 전 총장에 대해 “지지율은 바람 같은 것이어서 언제 또 어떻게 갈지 모르는 것 아니겠느냐”며 “구태정치를 하지 말고 미래지향적 정치를 해주시면 국민과 국가, 본인에게도 도움이 될 것”이라고 꼬집었다. 이 대표도 기자회견에서 정치인으로서 윤 전 총장의 장단점을 묻는 질문에 “그분을 잘 모른다. 검찰총장 임명장을 받고 총리실에 인사하러 오셨던 게 접촉한 전부”라고 답했다. 윤 전 총장의 지지율에 대해서도 “국민의 마음은 늘 움직이는 것”이라고 말했다.김지현 기자 jhk85@donga.com  
"
592,592,2021-03-09 3:00,윤석열에 긴장하는 與… 이재명-이낙연 구도 흔들리나,동아일보,박민우 기자 ,"

윤석열 전 검찰총장이 차기 대선 구도의 핵심 변수로 부상하면서 여권 주자들의 경쟁에도 적잖은 영향을 미칠 것으로 보인다. 당장 지난해부터 지속된 이재명 경기도지사와 더불어민주당 이낙연 대표의 ‘이(李)-이(李) 구도’에 변화의 조짐이 보이면서 ‘제3후보론’도 한층 힘을 받을 가능성도 제기된다. 민주당 관계자는 8일 “윤 전 총장의 지지율이 계속 고공 행진을 한다면 대선 레이스의 관심이 ‘윤 전 총장을 꺾을 후보가 누구인가’에 쏠릴 가능성이 있다”며 “여기에 4·7 재·보궐선거 결과에 따라 본격적인 다자(多者) 구도에 접어들 수도 있다”고 말했다. 1년 전보다 지지율이 크게 하락한 이 대표는 4월 보궐선거 상임선대위원장을 맡으며 총력전에 나섰다. 이 대표가 선거를 승리로 이끌 경우 지지율 반등을 기대할 수 있지만 패배할 경우 이 지사와의 격차 좁히기가 어려워질 수 있기 때문이다. 윤 전 총장이 반문(반문재인) 진영 결집에 나선다면 이에 맞춰 여권에서도 친문(친문재인) 결집을 앞세운 후보가 떠오를 가능성도 있다. 당장 지난해 말 이른바 ‘추-윤 갈등’으로 윤 전 총장과 대립각을 세웠던 추미애 전 법무부 장관은 최근 부동산 문제 등에 대해 목소리를 내며 대선 레이스를 앞두고 예열에 나섰다. 한 중진 의원은 “정세균 국무총리가 윤 전 총장의 퇴임 전부터 공개적인 질책에 나선 것도 이런 흐름과 무관하지 않다”고 말했다.  ‘윤석열 효과’는 당장 여권의 입법 활동에도 영향을 미치고 있다. 윤 전 총장의 사퇴 명분이 된 중대범죄수사청(중수청)의 경우 민주당은 ‘3월 발의, 6월 입법’이라는 당초 목표에서 한발 물러선 상황이다. 민주당 핵심 관계자는 “언론 관련 6개 법안도 일부 보완할 점이 있어 상임위 처리 전에 조금 더 논의하는 시간을 가질 것”이라고 말했다. 박민우 기자 minwoo@donga.com  
"
593,593,2021-03-09 3:00,윤석열 ‘바람’-이재명 ‘확장성’-이낙연 ‘결집력’이 승부 가른다,동아일보,"전주영 기자 , 유성열 기자 ","

20대 대통령 선거가 9일로 정확히 1년 앞으로 다가왔지만 대선 구도는 더 짙은 안갯속으로 빠져들고 있다. ‘징계 정국’을 지난 뒤 10%대로 내려앉았던 윤석열 전 검찰총장의 대선주자 지지율은 사퇴한 직후 8일 발표된 각종 여론조사에선 최고치를 경신하는 결과들이 잇따라 나왔고, 여야의 정당 지지율도 한 주를 걸러 엎치락뒤치락하는 양상. 과거 대선과 비교할 때 이례적인 ‘변동성 장세’가 지속돼 예측불허의 경쟁이 당분간 이어질 것으로 전망된다. 지난주 윤 전 총장 사퇴 파동과 대선 출마 가능성을 놓고 기싸움을 벌였던 정치권은 이날 수직 상승한 윤 전 총장의 대선주자 지지율을 놓고 원인 분석에 들어갔다. 한국사회여론연구소(KSOI)가 TBS 의뢰로 윤 전 총장 사퇴 다음 날(5일) 실시한 대선 후보 적합도 조사에선 윤 전 총장이 32.4%를 얻어 직전 조사(14.6%)의 두 배 이상으로 지지율이 올라갔다(표본오차 95% 신뢰수준에 ±3.1%포인트·자세한 내용은 중앙선거여론조사심의위원회 홈페이지 참조). 문화일보·리얼미터가 6, 7일 실시한 대선 후보 선호도 조사에서도 윤 전 총장이 28.3%, 이재명 경기지사는 22.4%로 나타났다(표본오차 95% 신뢰수준에 ±3.1%포인트·자세한 내용은 중앙선거여론조사심의위원회 홈페이지 참조). 더불어민주당은 이날 공식 반응을 내놓지 않았지만 내부에선 “악재에 대응해야 한다”는 반응도 나왔다. 강훈식 의원은 이날 KBS 라디오에서 “본인을 검증하며 떨어지는 것도 분명히 있을 것”이라고 했다. 국민의힘에선 김종인 비상대책위원장이 “윤 전 총장이 별의 순간을 잡은 것같다”고 평가하면서도 “(지금은) 당장 만날 이유가 하나도 없다”고 말했다. D-1년을 기점으로 한 여론조사들에선 이재명 경기지사의 확장성과 민주당 이낙연 대표에 대한 표의 결집력이 변수로 떠올랐다. KSOI 조사에서 이 지사는 전체 지지율은 2위(24.1%)였지만 지역별로 대구경북 지지율(18.6%)이 오히려 직전 조사(12.5%)보다 크게 올라갔다. 호남 지역 지지율(35.2%)이 가장 높은 이 대표는 ‘윤석열 변수’가 몰아치는 와중에도 지난 조사에 비해 친문(친문재인) 지지층(문재인 대통령의 국정 운영을 긍정적으로 평가한 답변자) 결집 양상(25.9%→34%)이 더 나타났다. 여권 관계자는 “향후 이 지사가 비문(비문재인), 반문(반문재인)으로의 확장을 얼마나 하느냐, 이 대표가 확실한 친문 및 호남주자로 자리매김하느냐가 대선판의 핵심 변수”라고 분석했다.  또 신흥 친문 주자가 부상하지 않고 문 대통령의 국정 지지도가 유지된다면, 이 지사와 이 대표 투톱 간에 막판 문심(文心)을 얻는 사람이 승리한다는 얘기도 나온다. 친문과 비문의 제휴와 결합이 40대를 제외한 모든 연령층에서 가장 높은 지지율을 얻은 윤 전 총장의 ‘바람’을 차단할 수 있다는 해석이다. 특히 윤 전 총장의 중도층 지지율은 1월 같은 조사에선 13%였지만 이번 조사에선 35%로 급등하기도 했다. 김형준 명지대 정치학과 교수는 “윤 전 총장의 뚜렷한 저항 메시지와 한국토지주택공사(LH) 임직원의 신도시 땅 투기 의혹 등 전국적 상황이 가져온 시너지 효과”라고 분석했다.  하지만 정치권에선 이런 지지율 구도가 지속될 것이라고 보는 사람은 많지 않다. 서울시장 보궐선거 결과에 따라 균형추가 한쪽으로 급속하게 쏠릴 가능성이 높고, ‘정치 초보’인 윤 전 총장이 정계에 연착륙할지에 대한 의구심이 많아서다. 김 교수는 “여권 주자가 뚜렷한 자기 메시지를 내놓고 윤 전 총장이 본인의 새로운 이미지를 유지하지 못한다면 대선 구도는 얼마든지 요동칠 수 있다”고 말했다. 전주영 aimhigh@donga.com·유성열 기자 
"
614,614,2021-03-06 3:00,"이낙연 “윤석열, 비상식적 처신” 비판… 김종인 “야권 인물” 기대감",동아일보,"강성휘 기자 , 전주영 기자 ","

            더불어민주당은 윤석열 전 검찰총장 사퇴 다음 날인 5일에도 윤 전 총장을 향해 십자포화를 쏟아부었다. 반면 야당은 윤 전 총장의 정계 진출에 대한 기대감을 내보이면서도 향후 야권 구도에 어떤 변수가 될지 등을 두고 고민에 빠진 모습이다. 민주당 이낙연 대표는 5일 당 최고위원회의에서 윤 전 총장의 사퇴와 관련해 “공직자로서 상식적이지 않은 뜬금없는 처신”이라고 비판했다. 이어 “본인 스스로가 검찰총장 재임 시절부터 선택적 수사와 선택적 기소 논란으로 검찰의 정치적 중립성에 대한 격렬한 시비를 일으키더니 사퇴도 그렇게 했다”며 “윤 전 총장의 정치 진입은 기정사실로 받아들여지고 있다”고 덧붙였다. 다른 지도부 의원들도 거들었다. 김태년 원내대표는 “(윤 전 총장은) 권력욕에 취해 검찰총장의 직위를 이용한 최악의 총장으로 기록될 것”이라고 했다. 이 밖에도 “결국 소모품으로 이용만 당하고 사라진 이회창, 황교안 전 총리의 전철을 밟을 것”(노웅래 최고위원) “‘별의 순간’을 달콤하게 꿈꿀지 모르겠으나 어느 순간부터 정신 번쩍 들게 하는 ‘벌의 순간’이 도래할 것”(신동근 최고위원) 등 윤 전 총장을 향한 날 선 발언이 이어졌다. 이런 민주당의 반응은 윤 전 총장을 ‘검찰개혁의 반대자’로 각인시키겠다는 의도다.  반면 국민의힘 김종인 비상대책위원장은 이날 윤 전 총장에 대해 “이 정부 하고 정면충돌해서 나온 사람 아니냐. 야권에 속할 수밖에 없다고 본다. 야인이 됐으니 야권 인물이 될 수 있다”고 환영 메시지를 보냈다. 하지만 윤 전 총장의 국민의힘 입당에 대해서는 “두고 봐야 알지 단적으로 말할 수 없다”며 확답을 피했다. 이어 “(국민의힘이) 국민의 호응을 많이 받는다 생각하면 본인도 (입당을) 생각할 것이라 본다”고 덧붙였다. 국민의당 안철수 대표 역시 이날 기자들과 만난 자리에서 “(윤 전 총장이) 정치를 할지 안 할지는 본인의 결심에 따를 문제이지만 정권 교체에 도움을 주는 역할을 해주면 좋겠다”고 말하면서도 윤 전 총장을 만날 의향이 있느냐는 질문에는 대답하지 않았다.강성휘 yolo@donga.com·전주영 기자 
"
617,617,2021-03-06 3:00,‘문재인의 대선 길’ 벤치마킹하는 이낙연,동아일보,김지현 기자 ,"

차기 대선을 1년 앞두고 8일 당 대표직에서 물러나는 더불어민주당 이낙연 대표가 앞으로 한 달간 4·7 재·보궐선거 총력 지원에 나선다. 동시에 저서 출간, TV 예능 프로그램 출연 등을 이어가며 본격적인 대선 행보에도 착수할 예정이다. 박광온 민주당 사무총장, 오영훈 비서실장 등 이 대표 측근 의원들은 5일 회동을 갖고 이 대표의 선거 지원 방식 등에 대해 논의했다. 이 대표는 김태년 원내대표 등과 함께 공동 상임선대위원장을 맡는다. 앞서 이 대표는 “(국회가 있는) 여의도로 출근하지 않고 바로 선거 현장으로 뛰기 시작할 것”, “서울도 부산도 ‘후보보다 이낙연이 더 뛰더라’라는 말을 듣고 싶다” 등 의지를 밝힌 바 있다. 한 중진 의원은 “4월 재·보선 결과에 자신의 정치 운명이 달려 있는 이 대표가 후보들보다도 솔직히 더 절박한 심정 아니겠냐”고 했다.  여권에서는 이 대표가 2016년 1월 당 대표직에서 사퇴한 뒤 그해 4월 총선 승리를 이끌어냈던 문재인 대통령의 행보를 벤치마킹할 것이라는 전망도 나온다. 당시 2016년 총선을 앞두고 문 대통령은 국민의당과의 분당(分黨), 비문(비문재인) 진영의 공격 등 최대 위기에 직면한 상황이었다. 여권 관계자는 “당시 문 대통령의 상황처럼 최근 이 대표도 ‘사면 발언’ 후폭풍으로 이재명 경기도지사와 지지율 격차가 벌어지는 등 위기감이 커졌다는 점이 흡사하다”며 “이 대표가 문재인 정부의 연속성을 강조하며 문 대통령과 비슷한 방식으로 ‘대선 후보의 길’을 걸으려 할 것으로 보인다”고 말했다.  책 출간 역시 마찬가지다. 이 대표는 최근까지 공동 집필한 저서를 4월 재·보선 이후 출간할 계획이다. 책에는 이 대표의 유년기와 기자 시절, 정치인 시절을 비롯해 최근 현안 등에 대한 고민 등이 담긴 것으로 알려졌다. 문 대통령도 2017년 1월 ‘대한민국이 묻는다’ 출간을 기점으로 대선 레이스의 가속 페달을 밟았다. 이 대표 측근들이 서울 마포구 광흥창에 별도 사무실을 마련해 모이고 있는 것도 문 대통령 대선 캠프 핵심 조직이었던 ‘광흥창팀’과 유사하다.  본격적인 대선 준비에 앞서 이 대표는 국무총리 시절부터 이어졌던 ‘엄중 낙연’이라는 이미지에서 탈피하려는 노력에도 적극 나서고 있다. 여당 관계자는 “이 대표가 최근 보좌진에게 ‘나 때문에 고생이 많다’고 문자메시지를 보내는 등 주변과의 스킨십을 부쩍 늘리고 있다”고 했다.  이 대표가 이날 한 예능 프로그램에 출연해 아이들과 소통에 나선 것도 이런 행보의 일환이다. 이 대표는 평균 10세 어린이 6명과 반말로 인터뷰를 갖는 예능에 출연했다. 이 대표 측은 “2월 초 미리 촬영한 것”이라며 “어린이 MC들의 동심 가득한 질문 세례에 이 대표도 처음엔 당황했지만 ‘낙연이 대신 연이라고 불러줘’라고 말하는 등 아이들과 눈높이를 맞췄다”고 설명했다. 아울러 이 대표는 소셜네트워크서비스(SNS)에 동네 빵집과 만두가게 등을 직접 찾아 친환경 용기에 음식을 포장해 가는 모습을 올리는 등 자신이 처음 제안한 ‘한 끼 포장’ 캠페인도 꾸준히 이어가고 있다.김지현 기자 jhk85@donga.com  
"
635,635,2021-03-04 3:00,대선급 선대위 꾸린 與… 이낙연-김태년 선대위원장 맡아,동아일보,박민우 기자 ,"

더불어민주당이 3일 중앙선거대책위원회를 구성하며 본격적인 4·7 재·보궐선거 대응체제로의 전환에 나섰다. 내년 대선 출마를 위해 8일 대표직에서 물러나는 이낙연 대표가 김태년 원내대표와 함께 공동 선대위원장을 맡는다. 민주당은 이날 국회에서 열린 당 최고위원회의에 앞서 4·7 재·보궐선거 중앙선대위 구성을 의결했다. 이 대표는 “김 원내대표와 제가 책임을 맡고 거당적으로 선거를 지원하기로 결정했다”며 “이제 당은 본격적인 선거체제로 진입한다”고 밝혔다. 그러면서 “당의 모든 역량을 후보자 지원과 지역 발전 공약 수립 등 선거 지원에 총동원할 것”이라고 강조했다. 민주당은 10일 선대위 첫 회의 개최를 고려 중이다.  이 대표는 선대위원장과 함께 ‘가덕도신공항 특별위원회’도 직접 지휘하기로 했다. 가덕도 신공항 공약을 앞세워 부산 표심을 공략하겠다는 취지다. 특위 간사를 맡은 민주당 최인호 수석대변인은 기자들과 만나 “(가덕도 신공항에 대한) 사전타당성조사를 올해 추석 전에 완료하고 올해 안에 예비타당성조사(예타) 면제를 추진하겠다”며 향후 계획을 밝혔다. 부산시장 선거에 출마한 민주당 김영춘 후보도 “민주당 부산시장이 하루빨리 가세해서 그 이후 과정도 더 압축적으로 신속하게 추진해야겠다”고 말했다.  민주당은 이번 선거가 내년 대선의 전초전 성격인 만큼 당 차원의 총력 지원에 나서기로 했다. 선대위 역시 대선 수준으로 꾸려졌다. 공동 선대위원장에는 당 최고위원 전원과 기동민 서울시당 위원장, 박재호 부산시당 위원장, 박정 경기도당 위원장(서울 선거지원단장), 김정호 의원(부산 선거지원단장) 등 11명이 이름을 올렸다. 선거대책본부장은 박광온 사무총장, 정책비전본부장은 홍익표 정책위의장, 의원선거지원본부장은 김영진 원내수석부대표, 종합상황실장 겸 전략본부장은 정태호 전략기획위원장이 각각 맡기로 했다. 박민우 기자 minwoo@donga.com 
"
649,649,2021-03-03 3:00,울산 찾은 이낙연 “공공의료원 예타 면제”,동아일보,박민우 기자 ,"

더불어민주당 이낙연 대표가 4·7 재·보궐선거를 앞두고 울산을 방문해 공공의료원 건립 예비타당성조사(예타) 면제를 약속했다. 가덕도 신공항에 이어 또 지역 현안 사업에 예타 면제를 약속한 것이다. 민주당 내에서는 철도 등 광역교통 인프라에 대해서도 예타를 면제하는 법안이 발의됐다. 예타가 현 정부에서 사실상 유명무실해지고 있다는 지적이 나온다. 부산 가덕도 신공항 특별법이 국회 본회의를 통과한 26일, 민주당 최종윤 의원은 사업시행자가 80% 이상 재원을 부담하는 광역교통시설과 광역버스운송 사업을 예타 대상에서 제외하는 내용의 국가재정법 개정안을 발의했다.  이낙연 대표는 2일 울산 남구청장 재선거와 울주군의원 보궐선거가 치러지는 울산을 찾아 “송철호 울산시장과 함께 울산 공공의료원을 반드시 유치하고 그를 위해 예타 면제도 추진하겠다”고 밝혔다. 울산에서는 4월 7일 남구청장 선거가 예정돼 있다. 야당은 “가덕도 신공항에 이어 또다시 재·보궐선거 지역에 예타 면제를 선물했다”고 비판했다.  이날 울산에 이어 부산시장 보궐선거 후보 선출 경선대회가 열린 가덕도를 방문한 이 대표는 “가덕도 신공항을 앞으로 8년 안에 완공하고 2030 엑스포까지 성공시키겠다”고 강조했다. 이 대표의 부산행은 올해 들어서만 네 번째로 지난달 25일 문재인 대통령의 가덕도 방문에 동행한 지 닷새 만이다. 4월 선거와 내년 3월 대선을 앞두고 연간 수천억 원의 예산이 소요되는 국가재정사업에 예타가 남발되면서 ‘재정 낭비’에 대한 우려가 커지고 있다. 김소영 서울대 경제학부 교수는 “재원이 (어느 정도) 확보됐다고 해서 예타를 면제한다는 것은 말이 안 된다”며 “민간투자 비율이 80% 이상이라 하더라도 20%에 대해서는 예타가 반드시 필요하다”고 말했다. 박민우 기자 minwoo@donga.com 
"
668,668,2021-03-01 3:00,“이번 추경은 이낙연표 추경” 치켜세운 丁총리,동아일보,김지현 기자 ,"

            “이번 추가경정예산(추경)안은 한마디로 ‘이낙연표 추경’이다.” 정세균 국무총리가 28일 국회에서 열린 고위 당정청 협의회에서 더불어민주당 이낙연 대표를 한껏 치켜세웠다. 4차 재난지원금 지급을 위한 추경 규모를 확정하기 위해 열린 이날 회의에서 정 총리는 “정부는 신속하고 넓고 두터운 지원이 필요하다는 당의 요구를 수용해 20조 원 수준의 추가 지원방안을 마련했다”며 이같이 말했다. 이어 “(이 대표가) 정말 큰 열정으로 푸시해 주셔서 우리가 합의에 이른 것 같다”며 “국가 부채 증가 수준을 생각하지 않을 수 없었지만, 당장 민생 회복이 최우선이라는 데 당정이 의견을 같이했다”고 했다. 정 총리의 ‘이낙연표 추경’이란 표현에 좌중에 웃음이 터졌고 이 대표도 반색했다.  이 대표는 최근 고위 당정청 협의회에서 4차 재난지원금 지급 대상 및 규모를 두고 홍남기 경제부총리 겸 기획재정부 장관, 김상조 대통령정책실장과 갈등을 빚어왔다. 이 대표도 이날 “홍 부총리와 김 실장이 애를 많이 써줘 전례 없는 재난지원이 이뤄지게 된 것을 고맙게 생각한다”며 갈등을 봉합하려는 모습을 보였다. 다만 홍 부총리는 이날 비공개 회의 내내 특별한 발언을 하지 않은 것으로 전해졌다.  정 총리는 모두발언 말미에 “이날 회의가 공개적으로는 이 대표가 함께하는 마지막 회의일 것”이라며 “그동안 이 대표가 잘 이끌어줘 고위공직자범죄수사처(공수처) 출범, 경제민주화 추진 등 많은 결실을 볼 수 있었다”고 칭찬을 이어갔다. 대권주자인 이 대표는 민주당의 대권·당권 분리 규정에 따라 이달 9일 전에 당 대표직을 내려놔야 한다. 여권 내 또 다른 대권주자로 꼽히는 정 총리는 발언 도중 이 대표를 바라보며 “혹시 이 대표가 또 변심하면 상황이 달라질 수는 있겠지만요”라고 농담을 건네 회의장에 또 한 차례 웃음이 터졌다. 김지현 기자 jhk85@donga.com 
"
705,705,2021-02-25 3:00,"이낙연, 홍남기 면전서 “정말 나쁜 사람” 비판",동아일보,최혜령 기자 ,"

더불어민주당 이낙연 대표가 4차 재난지원금을 두고 이견을 빚었던 홍남기 경제부총리 겸 기획재정부 장관(사진)을 향해 면전에서 “정말 나쁜 사람”이라고 비판한 사실이 뒤늦게 알려졌다. 두 사람은 국무총리와 국무조정실장으로 호흡을 맞춘 바 있지만 신종 코로나바이러스 감염증(코로나19) 지원책을 놓고 결국 얼굴을 붉히는 사이가 된 것이다. 24일 복수의 여권 관계자들에 따르면 이 대표는 14일 열린 고위 당정청 회의에서 작심하고 홍 부총리와 김상조 대통령정책실장을 몰아세웠다. 당시 회의에서는 4차 재난지원금의 규모를 두고 “12조 원 이상은 어렵다”는 기재부와 “그 정도로는 부족하다”는 민주당이 강하게 격돌했다.  이 자리에서 이 대표는 홍 부총리를 향해 “정말 나쁜 사람”이라며 “지금 소상공인들이 저렇게 힘든데 재정 걱정을 하고 있다”고 했다. 또 홍 부총리 편을 든 김 실장을 향해서는 “애국은 혼자 하는 것이 아니다”고도 말했다. 홍 부총리와 김 실장이 재정 건전성을 앞세웠지만 소상공인과 자영업자들의 어려움을 돕는 것 역시 나라를 위하는 길이라는 의미다.  또 이 대표는 2일 교섭단체 대표연설 뒤 벌어진 일에 대해서도 강한 유감을 표한 것으로 알려졌다. 이 대표는 연설에서 “추가경정예산(추경) 편성에서 맞춤형 지원과 전 국민 지급을 함께 정부와 협의하겠다”고 말했다. 그러나 연설 직후 홍 부총리는 페이스북을 통해 “(선별, 보편 지급을) 한꺼번에 모두 하겠다는 것은 받아들이기 어렵다”고 공개 반발했다.  이를 두고 이 대표는 당시 고위 당정청 회의에서 “여당 대표가 여러 의견을 듣고 고심 끝에 꺼낸 제안을 어떻게 (연설 직후) 몇시간 만에 페이스북으로 반박할 수 있느냐”고 한 것으로 알려졌다. 이에 홍 부총리는 굳은 표정으로 “재정당국자로서 어쩔 수 없었다. 죄송하다”고 답했다고 한다.  당시 회의 내용이 뒤늦게 알려지면서 여권 내에서는 “그토록 가까웠던 두 사람의 사이가 재정 주도권을 두고 결국 멀어졌다”는 말이 나왔다. 이 대표는 총리 시절 홍 부총리에 대해 주변에 “무슨 일이라도 믿고 맡길 수 있는 준비된 관료” “사심이 없는 사람” 등의 표현을 쓰며 극찬했고, 문재인 대통령에게 직접 경제부총리로 천거하기도 했다. 최혜령 기자 herstory@donga.com 
"
747,747,2021-02-22 3:00,‘포스트 이낙연’ 송영길-우원식-홍영표 경쟁,동아일보,강성휘 기자 ,"

더불어민주당 이낙연 대표의 대표직 사퇴가 2주 앞으로 다가오면서 차기 당권 주자 간 경쟁이 본격화될 것으로 전망된다. 민주당 관계자는 21일 “이 대표가 사퇴 시한인 다음 달 9일에 맞춰 하루 전인 8일 최고위원회의를 끝으로 대표직을 내려놓을 것으로 보인다”고 했다. 이 대표의 사퇴 날짜가 구체화되면서 차기 당 대표를 뽑는 전당대회 출마를 준비 중인 후보들의 면면에 관심이 쏠리고 있다. 민주당에서는 5선 송영길 의원과 4선 우원식 홍영표 의원이 경쟁하는 3파전으로 당 대표 선거가 치러질 것으로 보고 있다. 국회 외교통일위원장인 송 의원은 2017년 대선에서 문재인 캠프 총괄선거대책본부장을 맡는 등 ‘범친문(친문재인)’으로 분류된다. 우 의원은 당내 최대 계파인 ‘더좋은미래’(더미래) 소속으로 ‘을지로위원회’ 초대 위원장을 지내는 등 당내 개혁 성향 의원들과 친분이 두텁다. 홍 의원은 ‘부엉이 모임’을 주도한 친문 핵심이자 최근 친문 의원들 주도로 꾸려진 당내 싱크탱크 ‘민주주의 4.0’의 멤버이기도 하다. 임성근 부산고법 부장판사 탄핵 국면에서 열성 당원과 지지층을 의식해 앞다퉈 적극 찬성 의사를 밝히며 존재감을 드러낸 세 사람은 신종 코로나바이러스 감염증(코로나19) 피해 지원책을 두고도 아이디어 경쟁을 벌이고 있다. 송 의원은 국가가 소상공인 임대료 일부를 분담하게 하는 법안을 발의했다. 우 의원은 ‘손실보상금 선(先)대출, 후(後)감면 또는 면제’를 제안했다. 홍 의원은 지난달 긴급재정명령으로 100조 원을 투입해 코로나19에 대응해야 한다는 국민의힘 김종인 비상대책위원장의 제안에 찬성한다는 입장을 밝혔다.  이들은 지방을 돌면서 지역 당심 공략 행보도 본격화하고 있다. 송 의원은 호남 출신임에도 7일 부산 가덕도를 찾아 ‘가덕도신공항’ 추진의 필요성을 강조했다. 최근 민주당 이해찬 전 대표를 후원회장으로 영입하며 친노(친노무현) 포섭에 나선 우 의원은 19일 광주에 이어 다음 날인 20일 울산을 찾았다. 홍 의원도 호남과 영남을 오가며 조직 기반을 다지고 있는 것으로 알려졌다.  민주당 관계자는 “일정 기간 김태년 원내대표의 대표 대행 체제를 거쳐 4·7 재·보궐선거 이후 차기 당 대표 선출을 위한 전당대회가 열릴 것”이라며 “차기 당 대표는 내년 3월 대선을 앞두고 당내 경선을 관리하게 되는 만큼 대선후보 계파 간 물밑 경쟁이 치열한 상황”이라고 말했다. 강성휘 기자 yolo@donga.com  
"
755,755,2021-02-20 3:00,이낙연 “달도 해도 선거 맞춰 뜨고진다는 얘기냐”,동아일보,허동준 기자 ,"

            “마치 달도, 해도 선거에 맞춰서 뜨고 진다는 이야기냐.” 더불어민주당 이낙연 대표가 국가정보원의 불법 사찰 의혹과 관련해 “4월 보궐선거용”이라는 야당의 주장을 정면으로 반박했다.  이 대표는 19일 당 최고위원회의에서 “지금 나온 사찰 정보들은 모두 법원의 판결에 따라 공개되고 있는데 야당은 선거를 염두에 둔 정치 공세라고 비난하고 있다. 그것은 지난 3년에 걸친 법원의 1, 2, 3심 과정이 모두 이번 4월 선거에 맞춰 진행되었다고 주장하는 것과 다름이 없다”며 이같이 말했다. 2017년 민주당 김영배 의원 등의 정보 공개 청구에 따라 2009년 이명박 정부 당시 국정원의 사찰 의혹 문건 일부가 공개된 상황이다.  이에 대해 국민의힘 윤희석 대변인은 이날 “이미 김대중 정부에서 국정원장이 불법 감청을 실토하고 대통령이 사과했다”며 “선거를 앞두고 기획한 저열한 정치 공세가 아니라면 소상히 밝히면 될 일”이라고 맞섰다. 허동준 기자 hungry@donga.com 
"
772,772,2021-02-19 3:00,이낙연 “기재부와 4차지원금 두고 싸웠다”,동아일보,최혜령 기자 ,"

더불어민주당 이낙연 대표가 18일 신종 코로나바이러스 감염증(코로나19) 확산에 따른 4차 재난지원금을 논의하면서 ‘기획재정부와의 싸움’을 언급했다. 4차 재난지원금 규모를 놓고 여당과 기재부가 맞서고 있는 상황에서 싸움이라고 표현할 정도로 강하게 압박했다는 의미다. 이 대표는 이날 국회에서 열린 민주당 시도당 연석회의에서 “(14일) 당정청 회의에 가기 전에 이 자리에서 ‘싸울 준비를 하고 가겠다’는 말씀을 드렸는데 실제로 그런 일이 벌어졌었다”고 말했다. 4차 재난지원금 규모로 12조 원을 제시한 것으로 알려진 기재부에 규모 확대를 강하게 주문했다는 것이다. 이 대표는 14일 당정청 회의 전 국회에서 열린 기자간담회에서 “(4차 지원금을) 더 넓게, 더 두텁게 하겠다”며 “오늘 저녁에 제가 약간 싸울 준비를 하고 가겠다는 말씀을 드린다”고 말했다. 이 대표는 “그 (싸움의) 결과는 며칠 이내에 드러날 것으로 보인다”고 말해 4차 지원금 규모가 정부 제안보다 커질 것이라고 자신했다. 여당과 기재부는 일자리 예산을 포함한 4차 재난지원금 규모를 15조 원 안팎으로 조율 중이다. 이 대표는 또 “코로나19 시기가 좋은 편이 아니어서 경기 진작 이야기를 꺼내기에는 적절하지 않은 시점”이라고 말했다. 내수 활성화 등을 위한 전 국민 재난지원금을 이야기할 때가 아니라는 뜻이다.최혜령 기자 herstory@donga.com  
"
813,813,2021-02-16 3:00,"이낙연 “MB국정원 사찰, 덮고갈 수 없는 중대범죄”",동아일보,강성휘 기자 ,"

            더불어민주당이 이명박 정부 당시 국가정보원이 국회의원과 시민사회단체 인사 등 각계 인사들을 불법 사찰했다는 의혹과 관련해 진상규명을 요구하고 나섰다. 4·7 재·보궐선거를 50여 일 앞두고 여권에서 불거진 민간인 사찰 의혹에 대해 야당은 “선거용 정치공작”이라고 반발했다.  민주당 이낙연 대표는 15일 당 최고위원회의에서 “2009년 18대 국회의원 전원과 법조인, 언론인, 시민단체 인사 등 1000명의 인사 동향을 파악한 자료가 있다는 사실이 드러났다”며 “오래전 일이라고 하더라도 결코 덮어놓고 갈 수는 없는 중대한 범죄”라고 강조했다. 이어 “정치적 유불리를 떠나 반드시 진상을 밝힐 것”이라고 했다. 다만 민주당은 후속 대응 방법을 고심하고 있다. 여당 관계자는 “16일 국회 정보위원회 전체회의에서 박지원 국정원장으로부터 관련 현안 보고가 있을 예정”이라며 “진상조사나 자료 공개 여부 등은 국정원 보고 후 결정하게 될 것”이라고 했다. 이에 국민의힘 정진석 공천관리위원장은 이날 페이스북에 ‘국정원 정치공작이 부활하는가? 박지원 원장이 답하라’는 글을 올렸다. 그는 “문재인 정부 들어 국정원 메인 컴퓨터는 물론이고 직원들의 컴퓨터까지 탈탈 털렸는데, 그때도 나오지 않던 국회의원 동향 사찰 문건이 갑자기 어디서 쑥 튀어나왔다”며 “뭔가 거대한 정치공작이 진행되고 있는 건 아닌지(의심스럽다)”라고 했다.강성휘 기자 yolo@donga.com  
"
833,833,2021-02-11 3:00,정세균-이낙연 ‘호남공략’ 경쟁… 이재명-임종석 ‘기본소득’ 2차전,동아일보,박민우 기자 ,"

내년 3월 치러지는 차기 대선이 1년여 앞으로 다가오면서 그동안 물밑 신경전을 벌였던 여권 대선 주자들이 이제는 공개적인 경쟁도 마다하지 않고 있다. 정세균 국무총리와 더불어민주당 이낙연 대표는 같은 날 호남을 찾았고, 이재명 경기도지사와 임종석 전 대통령비서실장은 이 지사가 주장하는 ‘기본소득’을 놓고 또 한 번 충돌했다.  정 총리는 10일 민주당의 텃밭인 광주를 방문했다. 그는 페이스북에 “광주를 생각하면 제일 먼저 김대중 (전) 대통령님이 떠오른다”며 “오늘 광주행은 광주의 새로운 역사를 함께 열기 위해서다”라고 밝혔다. 이날 오전 광주시청에서 신종 코로나바이러스 감염증(코로나19) 대응 중앙재난안전대책본부 회의를 주재한 정 총리는 오후에는 김대중컨벤션센터에서 열린 ‘수소연료전지 발전소 투자협약 및 착수식’에 참석했다. 이어 광주의 대표적인 전통시장인 양동시장과 ‘광주형 일자리’를 상징하는 광주글로벌모터스도 방문했다.  이 대표도 이날 오전 국회에서 일정을 마친 뒤 광주전남 지역 1박 2일 일정을 위해 호남행 기차를 탔다. 올해 들어 세 번째 광주 방문이다. 이 대표는 전남 나주 한국에너지공대(한전공대) 부지를 방문해 “내년 3월 (한전공대가) 개교하려면 늦어도 특별법이 금년 3월까지 처리가 돼야 한다”며 “가급적이면 2월 국회 안에 처리하도록 최선을 다하겠다”고 밝혔다. 이 대표는 11일에는 광주 국립아시아문화전당을 찾을 예정이다. 광주전남 지역의 숙원인 한전공대와 아시아문화전당을 직접 챙긴 것이다. 전·현직 총리의 동시 방문에 대해 한 여당 의원은 “결국 호남을 잡아야 대선 후보 자리도 쟁취할 수 있기 때문에 두 사람 모두 ‘호남의 적자’라는 점을 강조하겠다는 의도”라며 “같은 날 호남을 찾으면 경쟁 구도로 비친다는 걸 뻔히 알면서도 정 총리도, 이 대표도 피하지 않은 것”이라고 말했다. 정 총리는 전북 진안, 이 대표는 전남 영광이 고향이다.  또 다른 대선 주자인 이 지사와 임 전 실장은 ‘교황의 뜻’을 두고 공방을 벌였다. 이 지사는 9일 페이스북을 통해 “교황께서도 기본소득을 지지하며 ‘기술관료 패러다임이 이번 위기나 인류에게 영향을 미치는 다른 거대한 문제들에 대응하는 데 있어 충분치 못하다는 점을 정부들이 이해했으면 한다’고 말씀하셨다”고 밝혔다. 이어 “기본소득은 더 이상 낯설거나 새로운 정책이 아니다. 이제는 보다 구체적인 세부 논의로 들어가야 할 때”라고 덧붙였다. 이 지사가 소개한 내용은 프란치스코 교황의 지난해 4월 부활절 서한으로, 당시 교황은 ‘유니버설 베이식 웨지(universal basic wage)’를 언급했다. 일부 언론은 이를 기본소득이라고 번역했다. 그러나 임 전 실장은 10일 페이스북에 교황의 언급에 대해 “이탈리아어로 ‘살라리오 우니베르살레(salario universale)’, 우리말로 옮기면 ‘보편적 임금’ 또는 ‘보편적 기본임금’이 될 것”이라고 했다. 이 지사의 주장처럼 교황이 기본소득을 지지한 것은 아니라는 의미다. 임 전 실장은 또 “황송하게도 저의 가톨릭 본명은 (교황과 같은) 프란치스코”라고도 했다. 이 지사는 종교가 없다. 앞서 임 전 실장은 8일에도 페이스북에서 “지도자에게 철학과 비전만이 필요한 것이 아니라 때론 말과 태도가 훨씬 중요하다”고 밝혔다. 이 대표를 향해 “사대적 열패의식”이라고 비판한 이 지사를 겨냥한 발언이다. 여권 관계자는 이런 임 전 실장의 행보를 두고 “대선 레이스 참전 선언을 앞두고 지지율 선두인 이 지사를 집중 겨냥하고 있는 것으로 보인다”고 했다.박민우 기자 minwoo@donga.com 
"
866,866,2021-02-09 3:00,이낙연-정세균-임종석 ‘기본소득 반대’ 협공에… 이재명 “고인 물”,동아일보,박민우 기자 ,"

차기 대선을 노리는 여권 인사들의 신경전이 날이 갈수록 고조되고 있다. 이슈는 이재명 경기도지사가 주장하는 ‘기본소득’이다. 최근 이 지사가 차기 대선 주자 지지율에서 선전하자 더불어민주당 이낙연 대표와 정세균 국무총리에 이어 임종석 전 대통령비서실장까지 기본소득에 부정적인 입장을 보이면서 견제구를 던진 것. 그러나 이 지사는 “고인 물은 썩기 마련이고 정책에도 경쟁이 필요하다”며 역공에 나섰다. 이 지사는 8일 페이스북에 최근 이 대표가 제안한 ‘신복지체제’에 대해 “전적으로 공감한다”면서도 “지금처럼 경제의 구조적 침체와 저성장 극복이 주요 과제인 시대에는 복지 확대와 경제 활성화를 동시에 추진해야 한다”고 밝혔다. 자신의 핵심 정책인 기본소득제의 당위성을 거듭 강조한 것이다. 앞서 이 대표는 2일 국회 교섭단체 대표 연설에서 아동소득 지급 범위 확대 등을 담은 ‘신복지체제’ 구상을 밝힌 바 있다. 이런 이 지사의 반응을 두고 여권 일각에선 이 지사가 이 대표의 신복지체제 구상을 패러다임의 변화 없이 기존 복지정책 기조를 답습한 “고인 물”이라고 깎아내린 것이 아니냐는 해석도 나왔다. 이에 대해 민주당 최인호 수석대변인은 “신복지체제는 기존 복지의 영역이나 개념을 훨씬 뛰어넘는 새로운 복지 비전”이라고 설명했다. 기본소득 논쟁이 격화하자 여권의 또 다른 대선 주자로 꼽히는 임 전 실장까지 참전했다. 임 전 실장은 8일 페이스북에 이 지사를 겨냥해 “(이 지사의) ‘사대적 열패의식’이라는 반격은 비판이 아니라 비난으로 들린다. 지도자에게 철학과 비전만이 필요한 것이 아니라 때론 말과 태도가 훨씬 중요하다”고 비판했다. 그러면서 “기본소득이라는 아이디어가 지금 우리 현실에서 공정하고 정의롭냐는 문제의식을 떨칠 수 없다”며 양극화가 심화되는 시대에 ‘평등(Equality)’보다 ‘공정(Equity)’을 중요한 가치로 평가했다. 임 전 실장은 또 “‘알래스카 외에는 하는 곳이 없고 기존 복지제도의 대체재가 될 수 없다’는 이 대표의 표현이 틀린 말도 아닌데 (이 지사가) 화를 많이 냈다”고도 했다. 이에 대해 이 지사 측 관계자는 “최근 이 지사의 지지율이 고공행진을 하다 보니 집중 견제를 당하고 있는 것”이라며 “대권 잠룡들이 이 지사와의 기본소득 논쟁을 자신들의 존재감을 알릴 기회로 보는 것 같다”고 말했다. 이 지사 역시 최근 기본소득과 관련한 일련의 비판에 대해 “사대적 열패의식” “불가능을 가능하게 하는 것이 정치” 등의 강한 표현을 쓰며 계속 밀어붙이겠다는 뜻을 분명히 했다. 전날 밤엔 기본소득의 필요성과 재원 마련 방법, 시행 시기 등을 A4용지 6장 분량으로 정리해 페이스북에 올리기도 했다. 앞서 이 대표는 2일 국회 교섭단체 대표 연설 후 기자들과 만나 “(기본소득이) 기존 복지제도의 대체재가 될 수는 없다”고 했다. 정 총리도 4일 블룸버그 인터뷰에서 “지구상에서 기본소득 제도를 성공리에 운영한 나라가 없고 한국의 규모를 감안할 때 실험적으로 실시하기엔 적절치 않다”고 지적했다. 이런 난타전은 최근 이 지사, 정 총리, 그리고 이 대표 사이의 물고 물리는 신경전과도 연관이 있다. 정 총리와 이 대표가 공개적으로 기본소득제에 부정적인 입장을 나타내자 이 지사는 “정치적 억지나 폄훼가 아닌 상식과 합리성에 기초한 건설적 논쟁을 기대한다”며 “1인당 연간 100만 원(분기별 25만 원씩) 기본소득은 결단만 하면 수년 내 얼마든지 시행 가능하다”고 반격했다. 이 지사는 또 8일 OBS 방송에 출연해 ‘일부에서 탈당설을 제기한다’는 질문에 “저 인간 좀 나갔으면 좋겠다고 생각하는 극히 소수의 사람들이 있다”며 “민주당 지지자와 문재인 대통령님 지지자들이 압도적으로 응원하는데 제가 왜 나가느냐”고 답했다. 이어 이 지사는 “저는 2005년부터 16년간 계속 (민주당) 당원인데 왜 탈당하느냐”고 반문했다.박민우 기자 minwoo@donga.com 
"
877,877,2021-02-08 3:00,"정세균-이낙연, 10일 나란히 광주行",동아일보,김지현 기자 ,"

정세균 국무총리와 더불어민주당 이낙연 대표가 설 연휴 하루 전인 10일 나란히 광주를 찾아 설 민심 잡기에 나선다. 차기 대선을 앞두고 여권의 전통적 지지 기반인 호남 민심을 선점하겠다는 의도다.  7일 총리실에 따르면 정 총리는 10일 광주시청에서 신종 코로나바이러스 감염증(코로나19) 대응 중앙재난안전대책본부 회의를 주재한다. 오후에는 광주 김대중컨벤션센터와 제1하수처리장 간 이원 중계로 열리는 ‘빛고을 에코 연료전지발전사업 착공식’에 참석한다. 광주의 대표적 전통시장인 양동시장과 ‘광주형 일자리’의 상징인 광주글로벌모터스 공장도 찾을 예정이다. 전북 진안이 고향인 정 총리는 앞서 6일에는 전북 지역 내 싱크탱크 겸 지지자 모임인 ‘전북국민시대’의 신년 인사회에도 온라인으로 참석했다. 정 총리는 이날 축사에서 “국민이 행복한 나라, 위대한 대한민국을 만들겠다”며 “국민이 행복한 나라를 만들기 위해 국민과 함께하고, ‘K방역’에 총력을 기울여 바이러스로부터 자유로운 희망의 봄을 맞이하자”고 강조했다. 이를 두고 여권에서는 사실상의 ‘대선 출사표’라는 해석이 나왔다. 총리실 측은 “이전부터 광주를 찾을 계획이 있었지만 코로나19 때문에 연기됐다”며 “이번 설 명절을 앞두고 호남 민심을 챙기고 현안을 점검하자는 취지”라고 했다. 전남 영광이 고향인 이 대표도 10일 광주전남 지역 주요 현장을 찾아 지역 현안 현장을 시찰할 예정이다. 이 대표는 이달 초 교섭단체 대표연설에서 밝혔던 신복지체계 등 주요 비전 및 정책에 맞춘 민생 현장을 방문할 예정이다. 아울러 지역 최대 현안 법안인 ‘국립아시아문화중심도시조성에 관한 특별법’ 개정안과 ‘한국에너지공대특별법’의 2월 임시국회 처리 의지도 밝힐 것으로 보인다. 이 대표는 다음 달 7일경 당 대표직을 내려놓을 예정이다. 이 대표의 광주 방문은 올해 들어서만 세 번째다. 이 대표는 새해 벽두에 던진 전직 대통령 사면론으로 호남 지역의 민심 이탈이 심상치 않자 지난달 18일 국립5·18민주묘지를 찾아 긴급히 지역 민심 달래기에 나섰다. 이어 6일에도 민주화 운동가인 고 강신석 목사의 빈소가 마련된 광주 조선대병원 장례식장을 찾아 조문했다. 이 대표는 조문 후 페이스북에 “목사님의 불굴의 노력이 있었기에 감춰졌던 5·18민주화운동의 진실이 세상에 알려질 수 있었다”며 ‘광주 정신’을 거듭 강조했다. 이 대표 측은 최근 연이은 광주 방문으로 호남 지지율 회복에 어느 정도 성과를 거뒀다고 보고 있다. 한국갤럽의 정기 여론조사에 따르면 새해 들어 이어진 ‘사면론 후폭풍’ 속에 이 대표의 호남 지지율은 지난해 12월 26%에서 지난달 21%로 급락했다가 이달 들어 29%를 기록하며 8%포인트 반등에 성공했다. 한편 이재명 경기도지사는 자신의 기본소득 정책에 부정적 입장을 밝힌 이 대표를 향해 “사대적 열패의식을 버려야 한다”고 직격했다. 이 지사는 7일 페이스북에 “불가능을 가능하게 하는 것이 정치이며, 우리가 얼마든지 세계를 선도할 수 있다”고 했다. 이 대표가 2일 이 지사의 기본소득 정책에 대해 “알래스카 빼고는 하는 곳이 없다”고 한 데 대한 반박인 셈이다. 지난해 12월부터 호남 지역 지지율 1위를 달리고 있는 이 지사도 지난달 말 1박 2일 일정으로 광주를 찾은 바 있다. 김지현 기자 jhk85@donga.com  
"
910,910,2021-02-04 3:00,"임기 한달 남은 이낙연, 연일 정책 승부수",동아일보,김지현 기자 ,"

            당 대표 임기를 한 달여 남겨둔 더불어민주당 이낙연 대표가 연일 ‘이낙연표 정책’ 제시에 나서고 있다. 신종 코로나바이러스 감염증(코로나19) 불평등 해소 정책인 이익공유제와 4차 재난지원금 지급에 이어 이 대표는 전날 국회 교섭단체 대표연설에서 ‘신복지체계’ 구상을 밝혔다. 본격적인 대선 레이스 준비에 나서겠다는 의도다. 내년 대선 출마가 유력한 이 대표는 당헌 당규에 따라 다음 달 9일 이전에 당 대표직에서 물러나야 한다.  이 대표는 3일 “적지 않은 분들이 이미 한계 상황에 놓였다”며 “재정의 역할을 더 확대할 때가 됐다”고 말했다. 20조 원 이상의 예산이 필요한 4차 재난지원금은 물론이고 아동수당 확대 등을 담은 신복지체계도 본격적으로 추진하겠다는 의미다. 이 대표는 국회 연설에서 현재 만 7세인 아동수당 대상을 만 18세까지 확대하는 내용 등을 담은 ‘국민생활기준 2030’을 선언했다.  민주당 관계자는 “이재명 경기도지사의 ‘기본소득’에 맞대응하는 이 대표만의 복지 구상으로 봐야 한다”고 말했다. 지난해 8월 당 대표 취임 이후 고위공직자범죄수사처(공수처)법과 ‘경제 3법’ 등 경제·사회 분야의 입법 성과를 달성했으니 이제 ‘포스트 코로나’ 시대에 맞는 복지 구상을 펼치겠다는 의도다.  입법 성과에 대해 이 대표 스스로도 “1987년 민주화 이후 가장 크고 많은 개혁을 이뤄냈다”(지난해 12월 11일)고 평가했다. 그러나 법안 처리 과정에서 야당을 배제한 ‘입법 폭주’를 이어갔다는 지적도 나온다. 자연히 당 대표 취임 직후부터 이 대표가 강조했던 여야 협치도 별다른 결과를 내지 못했다. 한 여당 의원은 “입법 드라이브는 당의 열성 지지층의 호응을 받았지만 국무총리 시절 쌓았던 합리적 이미지가 약해졌다”며 “두 전직 대통령의 사면 발언으로도 적잖은 상처를 입었다”고 평가했다. 실제로 이 대표의 지지율은 당 대표 재직 기간에 고전을 면치 못했다. 지난해 1월 24%였던 이 대표의 차기 정치 지도자로서의 선호도(한국갤럽 조사)는 1년 만인 올해 1월 10%대로 떨어졌다. 반면 같은 기간 이 지사의 지지율은 3%에서 23%로 올랐다.  이런 흐름에 대해 “겸허하게 받아들인다”고 밝힌 이 대표는 남은 임기 한 달 동안 이익공유제 등 이른바 ‘상생연대 3법’의 입법을 통해 반전의 계기를 만든다는 구상이다. 이 대표 측 인사는 “아직 대선까지는 1년도 더 남았다”며 “4월 서울·부산시장 보궐선거에서 승리하고 포스트 코로나 시대에 맞춘 ‘이낙연표 정책’ 제안으로 충분히 뒤집을 수 있다”고 말했다. 김지현 기자 jhk85@donga.com 
"
924,924,2021-02-03 3:00,"이낙연 “4차 지원금, 맞춤형-전국민 모두 추진”",동아일보,최혜령 기자 ,"

            문재인 대통령이 2일 국무회의에서 신종 코로나바이러스 감염증(코로나19) 피해 지원과 관련해 “소상공인과 자영업자의 어려움을 덜어드리는 것 또한 놓칠 수 없는 과제”라고 말했다. 전날에 이어 다시 한번 4차 재난지원금 필요성을 강조한 것이다. 더불어민주당 이낙연 대표도 “추가경정예산(추경)을 편성해 4차 재난지원금을 준비하겠다”고 했다. 이 대표는 이날 국회 교섭단체 대표연설에서 4차 재난지원금과 관련해 “늦지 않게, 충분한 규모의 추경을 편성하도록 하겠다”며 “추경 편성에서는 맞춤형 지원과 전 국민 지원을 함께 협의하겠다”고 말했다. 소상공인, 자영업자를 대상으로 한 선별 지원과 전 국민을 대상으로 한 보편 지원을 모두 추진하겠다는 의미다. 다만 이 대표는 전 국민 지원에 대해 “코로나19 추이를 살피며 지급 시기를 결정하겠다”고 했다. 당정이 4차 재난지원금 추진을 선언하면서 2월 임시국회에서 추경 논의도 본격화될 것으로 전망된다. 전 국민에게 지급됐던 1차 재난지원금에 약 14조 원의 재정이 투입됐던 점을 감안하면 선별과 보편 지원이 모두 담긴 올해 첫 추경은 최소 20조 원 규모가 될 것으로 보인다.  그러나 홍남기 경제부총리 겸 기획재정부 장관은 “국가재정은 국내총생산(GDP) 대비 숫자로만 비교되고 또 그것으로 끝날 사안이 아니다. 물론 화수분도 아니다”라며 추경 반대의 뜻을 밝혔다. 또 “보편 지원과 선별 지원을 한꺼번에 모두 하겠다는 것은 정부로서는 받아들이기 어렵다”고 했다.최혜령 기자 herstory@donga.com 
"
925,925,2021-02-03 3:00,"이낙연 ‘선별+보편지원’ 밝히자, 홍남기 “수용 어려워” 또 반기",동아일보,"김지현 기자 , 전주영 기자 ","

“늦지 않게 충분한 규모의 추가경정예산(추경)을 편성해 맞춤형 지원과 전 국민 지원을 함께 협의하겠다.”  더불어민주당 이낙연 대표는 2일 국회 교섭단체 대표연설에서 신종 코로나바이러스 감염증(코로나19) 피해 계층에 대한 선별 지급 외에 경기 진작을 위한 전 국민 보편 지급도 함께 진행하겠다는 계획을 밝혔다. 문재인 대통령이 전날에 이어 이날도 소상공인과 자영업자들을 위한 지원 대책 마련을 강조한 가운데 이 대표도 4차 재난지원금 지급을 공식화하면서 정부의 논의에 속도가 붙을 것으로 보인다. 그러나 국가 재정 부담에 대한 우려도 만만치 않은 상황이다. 여기에 새해 초부터 추경 카드를 쓰는 것에 대한 부담도 있기 때문에 전 국민 재난지원금 지급을 위한 ‘슈퍼 추경’까지는 험난한 과정이 될 것으로 보인다. 이 대표는 이날 ‘국민이 국가의 역할을 묻습니다, 코로나를 넘어 신복지국가로’라는 제목의 연설에서 “나라 곳간을 풀 때는 풀어야 다시 채울 수 있다”며 적극적인 재정 정책의 필요성을 강조했다. 그는 “(지난해) 우리는 59년 만에 한 해 네 차례 추경을 집행했다. 558조 원, 사상 최대의 올해 예산도 상반기에 72.4%를 집행할 계획이다. 그래도 부족하다”고 했다. 다만 선별 지원금과 보편 지원금 간 지급 시차를 둘 수 있다는 가능성은 열어뒀다. 이 대표는 “방역 조치로 벼랑 끝에 몰린 취약계층과 피해 계층은 두텁게 돕겠다”며 “경기 진작을 위한 전 국민 지원은 코로나 추이를 살피며 지급 시기를 결정하겠다”고 했다. 이 대표는 4차 재난지원금 외에도 손실보상제와 협력이익공유제, 사회연대기금 등 이른바 ‘상생연대 3법’ 도입도 재차 강조했다. 그는 “‘벼락 거지’라는 말을 들어봤느냐”며 “갑자기 가난해진 사람들이 많다. 불평등의 심화를 차단하고 서민과 중산층의 붕괴를 저지해야 한다”고 했다. 그러면서 자신이 새해 화두로 제안했던 이익공유제에 대해 “재정으로 충분하지 않고 민간의 상부상조가 필요하다”며 기업들의 참여를 당부했다. 또 “정부, 기업, 개인이 사회연대기금을 만들어 피해자들을 돕자”며 문 대통령이 신년 기자회견에서 모범 사례로 제안했던 2015년 한중 자유무역협정(FTA) 당시 ‘농어촌상생협력기금’을 다시 한 번 언급하기도 했다. 야당은 “4월 보궐선거를 앞두고 집권여당이 시간에 쫓기듯 던질 수 있는 카드는 다 던지고 있다”고 비판했다. 국민의힘 주호영 원내대표는 “효과를 분석해 꼭 필요한 곳에, 재원의 범위 안에서라는 문 대통령의 말을 지키는 범위에서 4차 재난지원금이 이뤄져야 한다”고 했다. 국민의힘 배준영 대변인도 동아일보와의 통화에서 “연초 이익공유제를 꺼냈다가 손실보상제까지 얘기했지만 4월 보궐선거 전 지급이 불가능할 것 같으니 이제 와서 4차 재난지원금까지 꺼낸 것”이라며 “불공정 금권선거”라고 비판했다. 한편 이 대표는 포스트 코로나에 대비한 자신의 신(新)복지체계 구상인 ‘국민생활기준 2030’도 이날 제안했다. 소득 주거 교육 등 전 영역에서 국민 생활의 최저기준을 보장하면서 적정 기준을 지향하자는 제안으로 △아동수당 지급 대상을 만 7세에서 만 18세까지 확대 △전 국민 상병수당 도입 △공공 노인요양시설 확대 등을 담겠다는 계획이다.  대표 임기 만료를 한 달여 앞둔 이 대표가 여권 ‘이낙연표 복지’ 정책을 처음 공개한 만큼 앞으로 대선 주자들 간 정책 경쟁도 본격화될 것으로 보인다. 이 대표는 이날 기자들과 만나 이재명 경기도지사가 추진하고 있는 ‘기본소득’ 정책에 대해서는 “(미국) 알래스카 말고는 그것을 하는 곳이 없다”고 답했다. 김지현 jhk85@donga.com·전주영 기자 
"
947,947,2021-02-01 3:00,"이낙연 “원전 문건, 턱없는 억측”… 김종인 “정상회담 보답 의심”",동아일보,"최혜령 기자 , 윤다빈 기자 ","

2018년 남북 정상회담 과정에서 북한에 원자력발전소를 건설하는 방안이 추진됐다는 의혹에 대해 더불어민주당이 “턱없는 억측”이라며 반격에 나섰다. 이에 국민의힘 김종인 비상대책위원장은 “경천동지할 중대 사안”이라며 국정조사와 특별검사 수사를 추진하기로 했다. 민주당 이낙연 대표는 지난달 30일 페이스북에 “국민의힘 김 위원장의 발언을 읽고 제 눈을 의심했다”며 “공무원의 컴퓨터 폴더에 무엇이 있었다면, 그것이 당연히 남북 정상회담에서 추진됐다고 주장하시는 것이냐. 그렇다면 너무 턱없는 억측”이라고 썼다. 이어 “김 위원장께서 본인의 발언을 책임 있게 정리하시는 것이 옳다고 생각한다”고 덧붙였다. 남북 정상회담 당시 대통령국민소통수석비서관을 지낸 민주당 윤영찬 의원도 지난달 30일 페이스북에 “월성 1호기 폐쇄와 북한 원전 건설 추진 문건은 논리적 연결성이 전혀 없다”고 썼다. 민주당 윤준병 의원은 “530개 삭제 파일 중 220여 개는 박근혜 정부 당시 (산업통상자원부) 원전국 문서”라고 주장했다가 이날 오후 산업통상자원부가 “박근혜 정부 때 만든 자료가 아니다”라고 밝히자 “박근혜 정부 때에도 검토됐을 것이란 추론이었다”고 했다.  국민의힘은 31일 당 진상조사특별위원회를 꾸리고 여권에 국정조사와 특검 수사를 요구하는 등 총력 대응에 나섰다. 김 위원장은 “유엔 제재 대상인 북한에 원전을 지어 준다는 것은 우리나라가 ‘세컨더리 보이콧’(2차 제재)을 감수하는 것을 전제로 하는 것”이라며 “일부 공무원이 자발적으로 검토했다는 것은 누구도 납득하기 어렵다”고 했다. 이어 “남북 정상회담 성사를 위해 정권 차원의 보답으로 북한 원전을 추진한 것 아니냐는 합리적 의구심을 가질 수밖에 없다”고 강조했다.  주호영 원내대표도 페이스북에 “북한 원전 지원이 ‘이적행위’가 아니면 무엇이 이적행위인가”라며 “(노무현 정부 당시) 문재인 대통령민정수석비서관이 특검으로 김대중 정부의 대북 비밀송금을 밝혔듯이 이번 의혹도 특검을 실시해 달라”며 “문 대통령이 특검을 거부한다면 우리가 특검과 국정조사로 진실을 밝히겠다”고 밝혔다. 최혜령 herstory@donga.com·윤다빈 기자  
"
