﻿,Unnamed: 0,date,title,press,reporter,content
331,331,2021.04.17 15:19,이명박·박근혜 사면론 꺼낸 홍준표 “권력은 영원하지 않다”,경향신문,이혜리 기자 lhr@kyunghyang.com,"홍준표 무소속 의원이 17일 이명박·박근혜 전 대통령 사면을 요구했다.홍 의원은 이날 자신의 사회관계망서비스(SNS)에 “온 누리에 부처님의 가피(加被·자비를 베풀어 중생에게 힘을 줌)가 펼쳐지는 초파일이 다가온다”며 “(문재인 대통령이) 자신의 업보로 될 두 전직 대통령도 이젠 사면하시고 늦었지만 화해와 화합의 국정을 펼치시길 기대한다”고 썼다.홍 의원은 “시간이 지나면 텅 비는 모래시계처럼 권력은 영원하지 않다”며 “레임덕을 막으려고 몸부림치면 칠 수록 권력은 더 깊은 수렁으로 빠지게 된다”고 덧붙였다.홍 의원은 지난 1월 이낙연 당시 더불어민주당 대표가 사면론을 꺼냈을 때는 사면이 아니라 ‘석방 요구’가 맞다고 했었다. 홍 의원은 “(박·이 전 대통령) 두 분 다 죄가 없는 정치재판의 희생양인데 죄가 있다는 것을 전제로 사면을 요구하는 것은 자가당착이 아닌가”라며 “사면 요구할 것이 아니라 석방 요구를 하는 것이 도리에 맞고 이치에 맞는 주장”이라고 했다.이 대표가 새해 벽두 띄웠던 ‘전직 대통령 특별사면론’은 반대에 부딪혀 무산된 바 있다. 당시 한국갤럽 여론조사에서 ‘현 정부에서 사면해선 안 된다’는 답변이 54%로 절반을 넘었다. 특별사면은 대통령이 결정하면 시행되지만, 범죄를 저지른 사람을 자의적으로 풀어주면 형평성에 맞지 않다는 비판이 나왔다. 문재인 대통령도 지난 1월 신년 기자회견에서 “국민 공감대에 토대하지 않은 대통령의 일방적인 사면권 행사는 지금 어렵다고 생각한다”고 일축했다. 이 전 대통령은 징역 17년, 박 전 대통령은 징역 20년을 확정받고 현재 교도소에 수감 중이다.▶관련기사 : [정리뉴스]문 대통령은 통제하자고 했던...‘특별히 불평등한’ 특별사면의 역사"
382,382,2021.04.15 10:57,홍준표 “외부 사람 영입하는 마당에 일시 외출했던 자기 집 사람의 귀가도 막는다면”,경향신문,임지선 기자 vision@kyunghyang.com,"홍준표 무소속 의원은 15일 지지부진한 국민의힘 복당 문제와 관련해 “외부 사람도 합당하고, 영입하자고 외치는 마당에 일시 외출했던 자기 집 사람의 귀가도 막는다면 당원과 국민들이 용납치 않을 것”이라고 말했다.홍 의원은 최근 국민의힘 내부에서 복당 반대 의견이 새어나오자 자신의 사회관계망서비스(SNS)에서 이같이 말했다. 안철수 대표가 이끄는 국민의당과도 합당을 하고, 윤석열 전 검찰총장 영입설마저 나오는 상황에서 자신의 복당을 막을 명분이 없다는 의미로 해석된다.그는 “비대위가 끝났음에도 전임 비대위원장(김종인)이 데리고 온 일부 측근이 아직도 사퇴하지 않고 남아서 복당을 반대하고 있다”고 말했다. 홍 의원의 복당을 반대한 김종인 비대위 체제가 끝나면서 복당 문제가 해결되리라고 기대해왔으나 일부 비대위원이 공개적으로 반대 의견을 제시하자 이를 지적한 것이다.앞서 김재섭 비상대책위원은 지난 12일 “홍 의원 복당의 명분으로 야권의 더 큰 화합을 내세우기에는 그 명분이 궁색하다”며 “홍 의원에게 화합이란 수식어는 어울리지 않는다”고 비판했다. 김 비대위원은 “(홍 의원은) 대표로 있던 2018년 당시 지방선거에서 야권 단일화에 실패해 처참하게 패배했고, 대통령선거 정국에서도 안철수 대표와 단일화를 거부했다. 2017년 대선에서도 국민의 열망인 안철수 후보와의 단일화에 실패하며 분열 정치의 서막을 열었다”고도 했다.홍 의원은 일각의 반대 의견에도 “당과 대립각을 세워 풀어갈 생각이 전혀 없다”며 “자연스럽게 해결되기를 기대한다”고 말했다.홍 의원은 지난해 총선을 앞두고 당시 미래통합당 소속이었지만 공천 결정에 불복해 탈당했다."
467,467,2021.04.09 20:33,안철수 ‘합당’ 홍준표 ‘복당’ 윤석열 ‘입당’ 문제에 ‘초선 당대표론’ 분출까지…국민의힘이 풀어야 할 ‘고차방정식’,경향신문,박순봉 기자 gabgu@kyunghyang.com,"4·7 서울·부산 시장 보궐선거에서 승리를 거둔 국민의힘 앞에 고차방정식이 던져졌다. 내년 대통령선거 승리란 결승골을 위해 내·외부의 넘어야 할 장애가 만만치 않다. 내부에선 재·보선 민심을 이어받아 중도 확장을 하기 위한 ‘초선 당대표론’이 나온다. 세대교체가 필요하다는 것이다. 실제로 김웅 의원 등이 준비를 하고 있다. 외부에선 국민의당 등 제3지대와의 합당 문제를 비롯해 홍준표 무소속 의원(가운데 사진) 등 외곽 보수들의 입당 숙제도 풀어야 한다. 유력 대권주자로 부상한 윤석열 전 검찰총장(오른쪽 사진)과의 관계 설정도 과제다.김종인 비상대책위원장이 물러난 다음날인 9일 국민의힘 초선 의원들 사이에선 지도부에 새 얼굴이 필요하다는 의견이 분출했다. 김웅·윤희숙 등 이른바 ‘70년대생’ 의원들이 당대표에 나서야 한다는 것이다. 한 초선 의원은 기자와 통화하면서 “(초선 의원들이) 소규모 모임으로 나눠서 모임별로 논의를 하고 있다”며 “오는 13일 모임도 있고, 다른 모임들도 있는 상황”이라고 했다. 다른 초선 의원은 “누가 나오겠다고 명확히 밝혀진 상황은 아니지만, 우리끼리의 연대 의식은 있다”고 말했다.중진 의원과 원로 인사들도 선거운동에 돌입한 상태다. 주호영 원내대표가 당권 도전을 고민하고 있고, 이외에도 정진석·서병수·조경태·권영세·홍문표·윤영석 의원 등도 거론된다. 김무성·나경원 전 의원의 도전설도 나온다. 혁신을 내세우는 초선들과 그간 소외됐다 당권에 도전하려는 중진들 간의 대립 양상은 불가피하다. 초선 박수영 의원은 사회관계망서비스에 “새 술은 새 부대에 담아야 한다”며 새 지도부 구성을 강조했다.당 외부 과제들은 더욱 복잡하다. 먼저 서울시장 보궐선거에서 단일화한 안철수 국민의당 대표(왼쪽 사진)와의 관계 설정과 국민의당과의 합당 문제는 처리가 쉽지 않다. 오세훈 서울시장이 약속한 서울시 공동운영론을 지켜야 하고, 합당 문제도 정리해야 한다. 다만 국민의당이 “당원들의 의견을 들어야 한다”며 적극적으로 나서지 않고 있고, 합당시 안 대표의 전당대회 출마 여부와 대선 도전 등에 따라 시기와 방식도 복잡해진다.홍준표·윤상현 무소속 의원 등 ‘외곽 보수’의 복당 문제도 의견이 첨예하게 갈리는 사안이다. ‘김종인 비대위’ 체제에선 복당을 미뤘지만 김 위원장이 위원장직을 내려놓자 곧바로 당내에선 홍 의원 등의 복당이 필요하다는 주장이 나왔다. 주 원내대표는 KBS 라디오에서 “지푸라기 하나라도 힘을 합쳐 대선을 치러야 하므로 모두 함께해야 한다”며 홍 의원 복당에 긍정적이었다. 전날 의원총회에서 김태호·하영제 의원 등이 이 같은 주장을 내놨다. 외곽 보수의 복당을 ‘강경보수 정당으로의 회귀’ 신호로 우려하는 시선도 있다.대권주자인 윤 전 총장의 영입 문제는 최종 관문이다. 유력 주자가 없는 국민의힘으로선 윤 전 총장을 영입해야 하는 입장이고, 윤 전 총장도 제3지대에서 활동하기 쉽지 않아 양측은 서로 만날 수밖에 없는 상황이다. ‘별의 순간’을 언급해온 김 위원장이 어떤 식으로 윤 전 총장을 지원할지도 관건이다."
830,830,2021.03.25 10:09,“군소야당 안철수 하나 제쳤다고…” 김종인 향해 다시 날 세운 홍준표,경향신문,심진용 기자 sim@kyunghyang.com,"홍준표 무소속 의원(68)이 김종인 국민의힘 비상대책위원장을 향해 “마무리 잘 하시고 아름답게 퇴임하시라”며 또다시 날을 세웠다.홍 의원은 25일 사회관계망서비스(SNS)에서 “군소야당 출신인 안철수 후보 하나 제쳤다고 모두 이긴 양 오만방자한 모습은 큰 정치인답지 않다”며 이같이 밝혔다.홍 의원은 그간 안철수 국민의당 대표를 지지하는 듯한 행보를 보인 것을 두고 SNS에서 “빅쓰리의 아름다운 단일화를 위해서 각 후보 진영을 격려했고, 거대 야당을 상대로 고군분투 하는 안철수 후보가 어려움에 처했을때 그때마다 적절한 칭찬으로 끝까지 용기를 갖고 대의를 위해 단일화 해달라고 요청한 사실만 있고, 단일화를 어렵게 하고 있던 분의 자제를 당부하는 자세만 견지했을 뿐 후보자 어느 누구를 지지하거나 폄하한 일이 없다”고 설명했다.홍 의원은 이어 김 위원장을 향해 “100석의 거대 야당이 후보자를 못낼 지경까지 당을 막판까지 몰아간 것을 반성하셔야지, 군소야당 출신인 안철수 후보 하나 제쳤다고 모두 이긴양 오만 방자한 모습은 큰 정치인 답지 않다”면서 “마무리 잘 하시고, 아름답게 퇴임하시라. 그게 어른다운 행동”이라고 비판했다."
