﻿date,title,press,reporter,content
2021-05-01 3:00,文대통령 2차 접종… ‘백신 바꿔치기’ 논란 간호사 “마음고생 있었다”,동아일보,청와대사진기자단,"
문재인 대통령이 30일 오전 서울 종로구 보건소에서 아스트라제네카(AZ)의 신종 코로나바이러스 감염증(코로나19) 백신 2차 접종을 하고 있다. 문 대통령은 지난달 23일 1차 접종을 받았던 황모 간호사에게 이날 2차 백신 주사도 맞았다. 황 간호사는 1차 접종 때의 백신 바꿔치기 논란을 의식한 듯 이동식 트레이(원 안)를 놓고 공개된 장소에서 백신을 주사기로 옮겼다. 김정숙 여사가 “정말 고생이 많았죠”라고 하자 황 간호사는 “네, 마음고생이 조금 있었습니다”라고 답했다. 청와대사진기자단  
"
2021-05-01 3:00,[단독]반도체 고리로 한미협력 강화… 백신-북핵 동맹이슈 시험대,동아일보,"황형준 기자 , 최지선 기자 , 워싱턴=이정은 특파원 ","

정부가 미국 주도의 반도체 글로벌 공급망 재편에 동참하겠다는 입장을 미국에 전달하면서 21일(현지 시간) 개최가 확정된 한미 정상회담에서 양국 간 반도체 협력이 핵심 의제로 떠오를 것으로 보인다. 미중 기술패권 경쟁 속에서 조 바이든 미 대통령이 국가안보 사안으로 다루겠다고 한 반도체 문제에서는 중국을 견제하는 미국 주도의 공급망 동참으로 우리 정부가 기조를 정한 것으로 풀이된다. 이번 한미 정상회담은 바이든 대통령이 1월 취임 후 스가 요시히데 일본 총리에 이어 두 번째로 백악관에서 진행되는 대면 회담이다. 미국이 중국을 견제하기 위해 인도태평양 지역에 외교안보 정책의 초점을 맞추고 있는 상황에서 한일과의 동맹관계를 그만큼 중시하고 있다는 메시지다. 다만 미국의 백신 지원, 대북정책, 미국의 중국 압박 동참, 한일 갈등 등 한미동맹 이슈에서 여전히 엇박자가 날 수 있는 대목이 적지 않다는 지적이 나온다. 정부가 미국에 요청한 한미 백신 스와프 등 단기적 백신 지원 문제는 정상회담 정식 의제에는 오르지 않을 가능성이 높은 것으로 알려졌다. 문재인 대통령이 바이든 대통령을 만나 동맹 이슈를 둘러싼 한미 간 간극을 줄이고 백악관이 강조한 ‘철통같은 한미동맹’을 어떻게 복원할지가 핵심 과제로 떠올랐다.  정부 관계자들은 “바이든 대통령이 2월 말 100일 동안 반도체, 자동차용 배터리, 희토류, 의약품 등 글로벌 공급망을 검토하라는 행정명령을 내린 만큼 미국이 자체 공급망을 갖추는 구상을 마무리하기 전에 미국에 동참 의사를 밝히는 것이 중요했다”고 설명했다. 미국이 6월 반도체 등의 글로벌 공급망 재편 방안을 결정해 구상을 발표한 뒤에는 참여가 더욱 어려워지고 국내 반도체 산업에 미칠 타격이 크다고 판단했다는 것.  이에 따라 바이든 행정부의 반도체 공급망 구상 발표에 앞서 21일 열리는 한미 정상회담에서 문 대통령이 공급망 재편에 동참하겠다는 뜻을 재확인하고 한미 정상회담 공동성명에도 양국 반도체와 자동차용 배터리 협력 등이 명시될 것으로 전망된다.  미국 주도의 글로벌 공급망 재편을 자국 견제를 위한 것으로 보는 중국이 불만을 제기할 가능성도 있다. 삼성 등의 중국에 대한 반도체 투자도 적지 않다. 정부는 미국의 공급망 재편이 중국과 반도체 협력을 완전히 단절하려는 것은 아니라고 보고 있다.  반도체가 주요 의제에 포함될 것으로 예상되는 반면 한미 백신 스와프 등 단기적 백신 지원은 의제에 오르기 어려울 것으로 보인다. 수급 계획에 따라 백신이 충분히 확보됐기 때문이라는 게 정부의 설명이다. 그 대신 장기적인 관점에서 미국 기업의 백신을 한국에서 위탁생산하는 한미 간 백신 기술·생산·공급 협력 방안 등 백신·방역에 대한 포괄적인 협력 논의 가능성이 제기된다. 정부는 열흘 전만 해도 “어려울 때 친구가 진정한 친구”라며 백신 지원을 요청했다. 문 대통령이 미국을 겨냥해 “백신 개발국의 자국 우선주의, 강대국의 백신 사재기” 등을 비판하면서 백신 협력에서 엇박자가 나는 것 아니냐는 지적도 나온다.  북핵 문제에서는 발표가 임박한 미국의 새 대북정책에 대해 한미 정상이 “함께 추진하자”는 합의를 내놓을 것으로 알려졌다. 워싱턴의 외교소식통에 따르면 바이든 행정부는 이르면 이달 초 이를 발표할 가능성이 높다. 문 대통령은 바이든 대통령에게 새 대북정책을 바탕으로 한 조속한 북-미 비핵화 협상을 강조할 것으로 전망된다. 다만 문 대통령이 강조해온 2018년 싱가포르 북-미 공동성명 계승 표현이 직접적으로 미국 대북정책에 포함될 가능성은 낮다. 바이든 행정부가 북한 비핵화를 강조하는 반면 우리 정부는 한반도 비핵화를 고수하고 있어 한미 정상이 공동으로 내놓을 성명에 비핵화 표현이 빠질 가능성도 있다.  바이든 대통령이 한일관계 개선을 주문하는 가운데 일본의 후쿠시마 오염수 방류 문제를 둘러싼 한미 간 이견이 큰 점도 걸림돌이다. 중국 견제 성격의 미국 일본 호주 인도 4국 협의체인 ‘쿼드’ 참여에 대한 명시적 요청이 없더라도 협력의 필요성을 바이든 대통령이 강조하며 우회적으로 압박할 가능성이 있다. 황형준 기자 constant25@donga.com·최지선 기자 / 워싱턴=이정은 특파원  
"
2021-04-28 3:00,이재명 “백신 남는게 낫다”… 정세균 “과도할까봐 걱정”,동아일보,"김지현 기자 , 윤다빈 기자 ","

“(신종 코로나바이러스 감염증 백신은) 부족한 것보다 남는 게 낫다.”(이재명 경기도지사) “지금 이미 그렇다. 후반기에 과도하게 들어올까 봐 걱정이다.”(정세균 전 국무총리) 여권 대선주자인 정 전 총리와 이 지사가 러시아산 스푸트니크V 백신 추가 도입 문제를 둘러싸고 연일 각을 세우고 있다. 정 전 총리는 27일 KBS 라디오에서 이 지사가 “부족한 것보다 남는 게 낫다”며 스푸트니크V 백신 추가 도입 주장을 거두지 않고 있는 것에 대해 “정부가 지금 이미 그렇게(남게) 한 것”이라고 일축했다.  그는 ‘이 지사가 상황을 잘 모르고 하는 얘기냐’는 질문에 “그럴 수 있다”며 “원래 국민 숫자보다 적은 4000만 명분 정도 계약할 생각이었는데 점차 늘어서 7900만 명분까지 갔다가 (현재) 9900만 명분으로 늘어난 것”이라고 강조했다. 이어 “정부는 (백신이) 남을 경우 내년으로 돌리는 계획까지 다 세웠다”고 했다. 정 전 총리는 전날 MBC 라디오에서도 “그분이 중대본 회의에 잘 참석했으면 그런(러시아 백신 도입) 말씀을 하기 어려울 것”이라고 이 지사를 겨냥했다. 그러자 이 지사도 페이스북에 “늑장보다 과잉이 나은 것처럼 생명과 안전에 관한 한 부족한 것보다 남는 것이 낫다”며 “국민 건강을 두고 백신 패권 대결에 편승하거나 이념 대결과 편 가르기에 나서면 안 된다”고 했다.  이를 두고 정치권에서는 문재인 대통령이 전날 야당을 향해 백신 정쟁화 중단을 요청했지만 도리어 여당 내 설전이 과열되고 있다는 지적이 나온다. 국민의힘 윤희석 대변인은 이날 구두논평에서 “대권 놀음에 백신까지 끌어들이는 행태는 책임 있는 여당 인사들의 자세가 아니다”라며 “백신 정치화로 국민 불안을 가중시켜서는 안 된다. 국민은 안전한 백신을 빨리 맞고 싶을 뿐”이라고 비판했다. 김지현 jhk85@donga.com·윤다빈 기자 
"
2021-04-27 3:00,한미정상회담 우선 이슈… “백신＞한일현안＞경제”,동아일보,곽도영 기자 ,"

            다음 달로 예정된 한미 정상회담을 앞두고 국민들은 무엇보다 신종 코로나바이러스 감염증(코로나19) 백신 확보 성과를 기대하는 것으로 나타났다. 26일 전국경제인연합회에 따르면 ‘한미 정상회담에 국민이 거는 기대’ 인식 조사(전국 성인 남녀 1004명 대상)를 진행한 결과 대통령이 방미 기간 중 정상회담 외 우선적으로 해야 할 활동으로 ‘백신 공급을 위해 직접 미국 민간기업과 소통’(71.7%)을 첫 번째로 꼽았다.  정상회담에서 한국이 얻어야 할 가장 주요한 성과로도 ‘백신 스와프’(31.2%)를 ‘한일 현안’(21.1%), ‘경제’(18.6%), ‘대북 이슈’(14.8%)보다 최우선적으로 꼽았다.  한국의 대외전략과 관련해서는 ‘일본, 호주와 같이 미국의 역내 리더십 움직임에 적극적으로 동참해야 한다’는 응답이 1위(44.3%)를 차지했다. ‘미중 관계 균형을 고려한 전략적 모호성 유지’(37.7%), ‘미국과 적당한 거리 두기 시행 및 친중국 포지션 확대’(9.9%)가 뒤를 이었다. 한미 경제 이슈 중 무엇이 우선시돼야 하는지에 대해서는 ‘미국 핵심 부품 공급망 재검토 기회 활용, 경제 실익 확보’(41.7%), ‘기술 선진국 간 5세대(5G) 이동통신 첨단기술 동맹 구축’(26.3%) 등 응답이 많았다. 곽도영 기자 now@donga.com 
"
2021-04-27 3:00,文 “각국 백신 각자도생… 연대도 공조도 뒷전”,동아일보,황형준 기자 ,"

            문재인 대통령이 26일 “신종 코로나바이러스 감염증(코로나19) 백신 개발국의 자국 우선주의와 강대국들의 백신 사재기 속에서 필요한 백신 물량을 확보했다”며 “모든 나라가 한목소리로 연대와 협력을 말했지만 자국 사정이 급해지자 연합도, 국제 공조도 모두 뒷전이 돼 국경 봉쇄와 백신 수출 통제, 사재기 등으로 각자도생에 나서고 있다”고 비판했다.  문 대통령은 이날 청와대 수석·보좌관회의에서 “다른 어떤 문제보다 국제적인 연대와 협력이 필요한데도 국제정치의 현실은 그렇지 않다”며 “그런 냉엄한 국제정치의 현실을 직시해야 한다. 우리도 내부적으로 단합해 지혜롭게 대응해 나가야 한다”고 말했다.  백신 개발국이면서 백신 수출을 통제하는 국가는 미국이다. 문 대통령이 특정 국가를 거론하지는 않았지만 사실상 미국을 겨냥한 셈. 다음 달 하순 한미 정상회담을 앞두고 문 대통령이 한미 백신 스와프 요청을 사실상 거부한 미국을 비판한 것으로 해석되면서 파장이 예상된다. 문 대통령은 또 “정부 계획대로 4월 말까지 300만 명, 상반기 중으로 1200만 명, 그 이상 접종이 시행될지 조금만 지켜보면 알 수 있다. 지금 단계에서 백신 문제를 지나치게 정치화해 백신 수급과 접종에 대해 막연한 불안감을 부추기는 일이 없도록 해달라”며 야당을 겨냥했다. 낮은 접종률에 대한 비판을 의식한 듯 “우리와 형편이 다른 나라와 비교할 것 없이 우리 형편에 맞게 계획대로 차질 없이 진행하는 게 무엇보다 중요하다”며 “정부는 11월 집단면역 목표를 제시했으며 이행을 자신하고 있다. 플러스알파로 집단면역 시기를 더 앞당기려는 목표도 갖고 있다”고도 했다.  문 대통령은 20일 중국 보아오포럼 화상 연설에서 “개발도상국에 대한 백신 기부 등의 활동을 펼치고 있는 중국 정부의 노력을 높이 평가한다”고 했다. 시진핑 중국 국가주석이 미국을 비판한 포럼에 참석해 중국의 백신 외교를 칭찬한 지 6일 만에 미국의 백신 통제를 비판하는 모양새를 보인 것. 중국 관영 글로벌타임스는 26일 미국의 백신 정책을 비판하면서 “도널드 트럼프 행정부의 미국 우선주의를 조 바이든 행정부가 그대로 실천하고 있다”는 진창룽 런민대 교수의 발언을 보도했다. 문 대통령의 “자국 우선주의” 비판과 겹친다.  이 때문에 가뜩이나 미중 갈등 격화 속 정부의 전략적 모호성에 대한 비판이 커지는 상황에서 문 대통령의 발언 수위나 시기가 적절했느냐는 지적이 나온다. 워싱턴에서 바이든 대통령을 만나 공고한 한미동맹을 재확인하고 북핵 협상 재개를 설득해야 하는 상황에서 불필요한 오해를 일으킬 필요가 없다고 전문가들은 지적했다. 황형준 기자 constant25@donga.com 
"
2021-04-24 3:00,"美日, 정상이 ‘쿼드 백신협력’ 합의… 韓은 “쿼드 없어도 협력 가능”",동아일보,"최지선 기자 , 박효목 기자 ","

            미국이 한국의 백신 스와프 요청을 사실상 거부한 가운데 정부는 “쿼드(Quad·미국 일본 호주 인도의 4자 협의체)에 참가하지 않고도 미국 정부 등 쿼드 국가들과 백신 협력을 할 수 있다”고 말했다. 일본이 최근 미일 정상회담에서 “쿼드 백신 파트너십”을 명시하고 이를 통한 백신 생산 협력을 강조한 뒤 스가 요시히데 일본 총리가 미국 백신 기업 화이자로부터 추가 백신 공급 약속을 얻어낸 것과 대비된다는 지적이 나온다. 한미 스와프도 미국의 ‘선의’에 기댈 게 아니라 쿼드 차원의 백신 협력에 동참했다면 ‘동맹의 기여’를 내세워 설득할 수 있었다는 것. 다음 달 하순 한미 정상회담에서 백신 스와프 등 당장 다음 달과 6월에 닥칠 ‘2분기 백신 가뭄’을 해결할 협력 방안은 의제에 오를 가능성이 낮은 것으로 알려졌다.  정부 당국자들은 23일 “꼭 쿼드라는 틀이 아니더라도 미국은 물론 일본 호주 인도 등 쿼드 참가국들과 개별적으로 백신 협력을 할 수 있다”고 말했다. 다만 쿼드 국가들과 양자 관계 차원에서 구체적으로 어떤 백신 관련 협력이 진행되는지는 밝히지 않고 있다. 반면 일본은 미국과 쿼드를 통한 백신 협력을 강조하고 있다. 백악관은 16일(현지 시간) 미일 정상회담 직후 발표한 ‘미일 간 경쟁력과 회복력의 파트너십’ 자료에서 “미일은 쿼드 백신 파트너십을 통해 인도태평양 지역에 안전하고 효과적인 코로나19 백신 생산과 조달을 제공하기 위해 긴밀히 협력할 것”이라고 명시했다. 정상 공동성명에서는 “양국은 팬데믹을 끝내는 데 필요한 글로벌 백신 공급과 생산에서 협력할 것”이라고 했다. 미국 언론은 중국이 아시아 지역에서 자국 생산 백신 지원을 통해 영향력을 확대하는 것을 견제하기 위해 미국이 ‘쿼드 백신 파트너십’을 구상했다고 본다. 쿼드 백신 파트너십은 쿼드 참여국들이 기술과 재정을 투입해 인도의 대량 백신 생산 시설을 통해 아시아 지역 개발도상국 등에 백신을 공급하겠다는 계획. 자국산 백신 물량을 선점해온 미국이 쿼드를 통해 세계에 대한 기여를 높이겠다는 외교적 계산도 깔려 있다.  백신 협력이 쿼드나 미중 갈등과 관련 없다는 정부 입장과 달리 미국은 백신을 외교안보 문제와 연계시킨 것. 외교부는 23일 “미국이 백신 여유분을 외국에 제공하는 것과 쿼드 참여는 관계가 없다”고 했지만 쿼드 백신 파트너십에 참여하지 않은 한국이 백신 스와프라는 ‘아쉬운 소리’를 하기가 쉽지 않다는 지적도 나온다. 최강 아산정책연구원 부원장은 “쿼드에 동참하지 않고 개별적으로 백신 협력만 하겠다는 건 현실성이 떨어진다”고 했다.  청와대는 다음 달 한미 정상회담에서 백신이 의제에 포함될지에 대해 말을 아끼고 있다. 일각에서는 한미 간 백신 스와프가 어려워진 상황에서 정상회담에서도 백신 관련 마땅한 성과가 나오지 않을 수 있다는 판단에 의제 공개를 꺼리는 것 아니냐는 관측도 나온다. 청와대 관계자는 “정상회담이 다음 달 하순 열리는 만큼 하반기 백신 물량을 논의할 수밖에 없다. 장기적인 백신 공급 방안이 논의될 것”이라고 했다. 정부가 당장 급한 2분기 백신 수급은 의제에 포함시키기 어렵다는 것. 다만 한국이 백신 생산 능력을 보유하고 있는 만큼 장기적 차원에서 미국산 백신의 위탁생산에 대한 논의가 진행되고 있는 것으로 알려졌다. 미국에 대한 여권의 불만을 반영한 듯 정세균 전 국무총리는 이날 CBS 인터뷰에서 미국이 화이자 등 자국산 백신의 수출을 금지할 수 있다는 우려에 대해 “미국이 그런 깡패 짓을 하겠느냐”며 “상당히 불평등하고 불공정한 계약임에도 국민들이 걱정하지 않도록 계약을 제때 했다”고 말했다. 최지선 aurinko@donga.com·박효목 기자  
"
2021-04-23 3:00,바이든 “백신 여유 없다” 희박해진 ‘한미 스와프’,동아일보,"워싱턴=이정은 특파원 , 박효목 기자, 이미지 기자 ","

조 바이든 미국 대통령이 21일(현지 시간) 미국이 보유한 신종 코로나바이러스 감염증(코로나19) 백신을 다른 나라에 보낼 만큼 충분하지 않다며 미국 내 접종에 집중하겠다고 밝혔다. 백신 부족을 겪고 있는 한국 정부가 미국에 ‘백신 스와프’를 요청했다는 사실이 알려진 지 이틀 만에 바이든 대통령이 이를 사실상 거부한 것이라는 해석이 나온다. 이날 바이든 대통령은 코로나19 백신 접종의 성과를 설명하는 백악관 연설에서 해외 백신 공유와 관련한 취재진의 질문에 “우리가 중앙아메리카를 비롯해 다른 나라들을 도울 수 있다고 확신하지만 지금은 백신을 줄 수 있을 정도로 충분히 보유하고 있지 않다”고 했다. 이어 “우리가 백신을 보내도 안전한지 확실히 해야 한다”고 덧붙였다. 네드 프라이스 미 국무부 대변인도 이날 브리핑에서 한국이 제안한 백신 스와프를 미국 정부가 신중하게 고려 중인지 묻는 질문에 “이 사안에 관해 한국이나 다른 나라의 비공개 외교적 대화를 언급하진 않겠다”면서도 “내가 말하고자 하는 것은 (미국) 국내에서의 백신 접종 노력이다. 우리는 이에 초점을 맞추고 있고, 미국인에 대해 그렇게 할 특별한 의무가 있다”고 답변했다. 바이든 행정부가 한국의 백신 스와프 제안을 사실상 거절한 배경에는 백신 수급 문제 외에 외교 안보적 상황에 대한 판단이 깔려 있는 게 아니냐는 해석도 나온다. 프라이스 대변인은 브리핑에서 백신 수급에 대해 “캐나다, 멕시코 및 ‘쿼드(QUAD·미국 일본 호주 인도 4개국 안보협의체)’와도 논의해 왔다”고 밝혔다. 미국이 중국을 견제하기 위해 구축한 쿼드에 동참하지 않고 있는 한국에 대한 압박용이라는 것이다. 일본은 미일 정상회담 다음 날(17일) 화이자로부터 백신 5000만 회분 추가 공급 약속을 받아냈다. 이에 대해 청와대 관계자는 “바이든 대통령의 발언은 자국민을 대상으로 한 것”이라며 “코로나19가 심각한 미국 국내 상황을 고려한 것”이라고 22일 말했다. 다른 청와대 관계자는 “백신 스와프 외에도 여러 경로를 통해 백신 확보를 위해 노력 중”이라고 말했다. 국내 전문가들은 코로나19 재확산과 백신 수급에 변수가 많은 만큼 동원 가능한 모든 방안을 마련해야 한다고 지적했다. 예컨대 웃돈을 주고서라도 도입 시기를 앞당기거나, 이미 백신을 다량 확보했고 접종률도 높은 이스라엘 등에서 여유분을 도입해야 한다는 것이다.워싱턴=이정은 특파원 lightee@donga.com / 박효목·이미지 기자 
"
2021-04-23 3:00,"美 “쿼드와는 백신 협력”… 한국, 백신 외교전서 설자리 좁아져",동아일보,"최지선 기자 , 이은택 기자 ","

정의용 외교부 장관이 “(백신 스와프를) 미국과 진지하게 협의하고 있다”고 밝힌 지 이틀 만에 조 바이든 미국 대통령이 요청을 사실상 거절하면서 백신 수급 문제가 계속될 것이라는 우려가 나온다. 미국은 자국의 신종 코로나바이러스 감염증(코로나19) 상황이 아직 안정되지 않았다며 당분간 국내에 물량을 쏟아붓겠다는 뜻을 밝혔다.  그러면서도 미국은 캐나다 등 인접국과 ‘쿼드(QUAD·미국 일본 호주 인도의 4자 협의체)’ 참가국과는 백신 협력을 논의했다고 밝혔다. 백신을 외교적 수단으로 활용할 수 있다는 뜻을 숨기지 않은 것. 우리 정부가 중국을 견제하는 쿼드에 참여하지 않고 미중 사이 ‘줄타기 외교’를 해왔지만 백신 사태로 한계가 드러났다는 분석이 나온다.미국이 백신 스와프와 관련해 거절 의사를 밝힌 표면적인 이유는 ‘미국 우선 접종’ 방침이다. 바이든 대통령은 21일(현지 시간) 연설에서 “백신은 공짜고, 안전하며 스스로와 가족 및 주변 사람들을 보호하는 일”이라면서 “지금은 (다른 나라에) 백신을 줄 만큼 충분히 보유하지 못했다”고 말했다. 미국에서는 ‘부스터 샷’(3차 접종)까지 접종하게 될 경우를 대비해 백신을 섣불리 해외에 나눠줘서는 안 된다는 의견이 상당수다. 그러나 이면으로는 백신 수급 문제를 외교 현안과 연결시킬 수 있다는 기류를 내비쳤다. 네드 프라이스 미 국무부 대변인은 이날 백신 수급 상황을 설명하던 중 “캐나다, 멕시코 및 ‘쿼드 국가’와도 논의해 왔다”고 했다. 백악관 국가안보회의(NSC)는 트위터를 통해 “어제 미국이 주최한 쿼드 백신 전문가 그룹 회의에서 전 세계에 2022년까지 최소 백신 10억 도스를 제공하고, 인도태평양 지역 백신 접종을 강화하는 다음 단계를 논의했다”고 밝혔다. 중국을 견제하는 안보협의체인 쿼드가 백신 협력으로도 연계, 확대되고 있음을 강조한 것이다. 문제는 정부가 미국의 줄기찬 쿼드 합류 요구에도 불구하고 미온적으로 대처해 왔다는 점이다. 정 장관은 전날 관훈클럽 토론회에서 미국과 백신 스와프를 하려면 쿼드에 가입해야 하지 않느냐는 질문에 “미중 갈등에서 우리 역할과 백신은 연관이 없다. 팬데믹 상황에서 양국 협력은 외교적 분야에서의 논의와는 별개”라고 했다. 다만 “분야에 따라서는 협력할 수 있다”고 했다. 외교부는 코로나19 방역이나 백신 분야에서는 쿼드 국가들과 협력할 수 있다는 입장이다. 그러나 미국이 백신 개발 기술을, 일본과 호주가 재정 지원을, 인도가 대량 생산을 맡으며 쿼드 내 백신 협력이 견고해지는 상황에서 참가국도 아닌 한국이 낄 자리가 없다는 지적이 나온다. 한미 외교가에서 “백신 문제의 핵심은 한미 동맹에 대한 백악관의 인식”이라는 말이 나오는 이유다.백악관의 부정적 반응에도 불구하고 정부는 계속해서 미국과 백신 공급 문제를 상의하겠다는 계획이다. 외교부 당국자는 22일 “정 장관이 관훈클럽 토론회와 국회 외교통일위원회에서 현실적으로는 미국 측이 자기네 상황도 여유가 있지 않다는 입장을 표명했다는 걸 두 차례 설명했다”고 말했다. 이어 “그럼에도 불구하고 우리 정부, 외교부 입장에서는 노력하고 있다”고 했다. 정부는 다음 달 하순경 한미 정상회담이 예정돼 있는 만큼 그때까지 최대한 물밑 협상을 통해 백신 논의를 진척시키고, 양국 정상 대화 테이블에 의제로 올리겠다는 계획이다. 청와대는 이날 NSC를 열고 “글로벌 백신 공급 상황을 면밀히 점검하고 백신 물량의 추가 확보와 신속한 도입을 위해 외교적 노력을 지속적으로 경주하기로 했다”고 밝혔다.  문재인 대통령에 앞서 미국을 찾았던 스가 요시히데(菅義偉) 일본 총리의 행보를 참고할 필요가 있다는 지적도 있다. 스가 총리는 방미에서 알베르트 부를라 화이자 최고경영자(CEO)와 통화해 백신 추가 공급을 약속받은 바 있다. 박원곤 이화여대 북한학과 교수는 “일본의 경우처럼 미 행정부가 직접 발을 담그지 않으면서도 기업에서 결정하는 형태로 만드는 접근 방법을 고려할 필요가 있다”며 “미국 정부를 직접적으로 끌어들이기보다는 비공개로 물밑에서 움직여야 한다”고 말했다.최지선 aurinko@donga.com·이은택 기자 
"
2021-04-23 3:00,美에 거절당한 ‘백신 스와프’… 대미외교 난맥상 드러내,동아일보,"박효목 기자 , 권오혁 기자 , 최지선 기자","

정의용 외교부 장관이 한미 간 ‘백신 스와프’를 거론한 지 이틀 만에 미국이 사실상 거절 의사를 밝히면서 문재인 정부의 누적된 대미(對美) 외교 난맥상이 고스란히 드러났다는 지적이 나온다. 갈수록 심화되는 미중 갈등 속에서 정부는 물론 여권 전체가 전략적 모호성만 강조해온 결과가 결국 최우방국인 미국의 우선 지원 순위에서 밀려난 것 아니냐는 우려도 커지고 있다.  조 바이든 미 대통령이 “해외로 보낼 만큼 신종 코로나바이러스 감염증(코로나19) 백신이 충분치 않다”는 입장을 밝힌 것에 대해 청와대 관계자는 22일 “미국 자국민을 대상으로 한 발언일 것”이라며 “한미 간 백신 협력을 위한 노력을 계속하고 있다”고 말했다. 여전히 낙관적인 전망을 유지하고 있다는 의미다.  그러나 전문가들은 이번 백신 문제가 대미라인의 실종과 대미전략의 부재로 인한 결과라는 지적이다. 청와대는 그동안 미국의 중국 압박에도 불구하고 미중 사이에서 계속 줄타기를 해 왔다. 청와대는 미국이 주도하고 있는 반(反)중국 연합체인 쿼드(Quad·미국 일본 호주 인도 4개국 참여)에는 계속 모호한 입장을 유지해 온 반면 20일 중국이 주도하는 보아오 포럼에는 미국 동맹국 중 유일하게 참석했다. 한 외교 소식통은 “미국 입장에서 청와대의 속내에 대한 근본적인 의문을 갖고 있을 것”이라며 “백신 스와프에 대한 사실상 거절 역시 그 연장선상으로 봐야 한다”고 했다.  윤덕민 전 국립외교원장도 “정 장관이 미국을 방문하는 등 쓸 수 있는 카드를 총동원해서라도 미국과의 신뢰를 쌓는 분위기를 만들어야 한다”며 “쿼드 가입은 부정적으로 얘기하면서 반도체와 배터리를 한미 백신의 지렛대로 삼는 외교 방식은 옳지 않다”고 말했다. 반도체와 배터리가 전 세계적으로 첨예한 전략 자산화되어 가는 건 맞지만, 그보다 한미 간의 근본적인 신뢰 회복이 중요하다는 의미다. 앞서 정 장관은 21일 관훈토론회에서 “우리 기업이 능력 있는 배터리 등의 분야에서 (미국과의) 협력을 확대한다면 미국 조야로부터 한국이 백신 때문에 어려움에 처했을 때 도움을 줘야겠다는 여론 형성에는 도움이 되지 않을까”라고 말한 바 있다.  또 현재의 외교·안보라인에 미국 전문가가 없다는 점도 대미 외교 난맥상의 한 원인으로 꼽힌다. 문재인 정부 출범 이후 미국과 접점이 있었던 이도훈 전 외교부 한반도평화교섭본부장과 김현종 전 국가안보실 2차장은 물러난 상황. 여기에 대미 외교의 최일선에서 뛰어야 할 이수혁 주미 대사는 지난해 국정감사에서 “70년 전에 미국을 선택했기 때문에 앞으로도 70년간 미국을 선택해야 하는 것이 아니다”라는 발언으로 논란의 중심에 선 바 있다. 신범철 경제사회연구원 외교안보센터장은 “통상 전문가인 정 장관을 비롯해 정부와 청와대의 최고 결정자들, 그리고 여당 내에도 미국 전문가가 없는 것이 문제”라고 했다. 여권 관계자 역시 “여당 의원들 가운데 ‘중국통’은 많지만 ‘미국통’은 찾기 어려운 것이 현실”이라고 전했다. 공식 외교 라인과 별도로 의회 외교 채널조차 구축하기 쉽지 않다는 의미다.  정 장관이 미국과의 충분한 협의 없이 백신 스와프를 수면 위로 끌어올려 미 행정부의 선택지가 더 좁아졌다는 지적도 있다. 박원곤 이화여대 북한학과 교수는 “아직 논의 중인 백신 스와프 문제를 공개한 것에 대해 미국에서는 난감했을 것”이라며 “화이자나 모더나 등 기업과 접촉을 하면서 물밑으로 미국 정부와 협상을 해야 미국도 부담을 줄일 수 있을 것”이라고 조언했다. 박효목 tree624@donga.com·권오혁·최지선 기자 
"
2021-04-23 3:00,"정부 “러시아 백신 도입, 유럽 허가 여부 참고”",동아일보,"김성규 기자 , 김민 기자 ","

정부가 유럽의 판단을 참고해 러시아 스푸트니크V 신종 코로나바이러스 감염증(코로나19) 백신 도입을 결정하겠다고 밝혔다.  손영래 중앙사고수습본부(중수본) 사회전략반장은 22일 브리핑에서 “유럽의약품청(EMA)이 스푸트니크V의 허가 심사에 착수한 지 꽤 됐다”며 “조만간 결론이 나올 것으로 보이는 만큼, EMA 데이터와 (식품의약품안전처 등) 허가당국의 의견을 참고할 것”이라고 밝혔다. 앞서 스푸트니크V 백신 개발 지원과 해외 생산 및 공급을 담당하는 ‘러시아직접투자펀드(RDIF)’는 1월 29일(현지 시간) EMA에 백신 등록 신청서를 제출한 바 있다. 식품의약품안전처는 이날 “외교부에 공문을 보내 재외공관을 활용한 정보 수집을 진행 중”이라며 “혈전 발생 등 이상반응과 관련한 안전성 정보를 수집하고 있다”고 전했다. 이런 상황에서 EMA 결과가 나오면 믿을 만한 데이터를 확보할 수 있어 객관적 검증이 수월하리란 기대가 나온다. 스푸트니크V는 현재 전 세계 61개국에서 사용되고 있다. 하지만 대부분 멕시코, 인도, 이집트, 몽골 등 개발도상국에서 쓰이고 있고, 유럽 등 선진국에서 사용한 사례는 한 건도 없다. 세르게이 베르시닌 러시아 외교차관은 이날 “5월에 2차 조사가 끝나면 스푸트니크V 백신이 세계보건기구(WHO)의 긴급 승인을 받을 것으로 기대한다”고 말했다.김성규 sunggyu@donga.com·김민 기자 
"
2021-04-22 3:00,"美, 스와프 난색에… 정의용 “반도체 美 투자, 백신 확보에 도움”",동아일보,"최지선 기자 , 이미지 기자 , 워싱턴=이정은 특파원 ","

정의용 외교부 장관이 21일 한미 백신 스와프와 관련해 신종 코로나바이러스 감염증(코로나19) 백신과 반도체가 “교환 대상은 아니다”라면서도 우리 기업의 대미 반도체 및 자동차용 배터리 투자가 미국의 백신 지원에 도움이 될 것이라고 밝혀 배경이 주목된다. 전날 한미 간 백신 스와프 협의를 처음 공개한 정 장관은 발언 하루 만인 이날 미국이 이 제안에 부정적이라는 점을 인정했다.  6월까지 한국의 ‘백신 기근’이 예고된 상황에서 백신을 빌려주고 나중에 백신으로 갚는 스와프에 미국이 국내 사정을 내세워 일단 난색을 표하자 다급해진 정부가 반도체 투자를 지렛대 삼아 백신 지원을 미국에 설득하는 여론전에 나선 것으로 풀이된다.  정 장관은 이날 관훈클럽 초청 토론회에서 “미국이 국내 사정이 매우 어렵다며 올해 여름까지 집단면역 계획이 있어 이를 위한 미국 국내 백신 비축분이 여유가 없다는 입장을 설명했다”고 말했다. “스와프라는 개념보다는 서로 어려울 때 도와줄 수 있는 방안에서 미국 측과 협의하고 있다”고 했다. 백신을 빌리고 나중에 백신으로 갚는 스와프 방식은 현재로선 쉽지 않음을 시사한 것이다.  미국은 현재 인구의 2배가량 되는 6억 회분의 백신을 확보해놓고 있지만, 백신 효과를 높이기 위해 ‘부스터샷’(접종 완료 후 추가 접종)도 검토하고 있다. 방역당국은 6월 이후부터 노바백스 코로나19 백신이 국내에서 생산되고, 8월부터 다른 코로나19 백신도 국내 위탁생산이 시작되는 만큼 수급난이 다소 풀릴 것으로 보고 있다. 한국 입장에서는 백신 부족 사태가 예상되는 5, 6월에 당장 백신이 필요하지만 백신 교환 방식으로는 미국이 이때 빌려줄 가능성이 높지 않다는 것. 이를 감안한 듯 정 장관은 “지난해 코로나19 초기 한국이 한미동맹의 특별한 관계를 감안해 진단키트와 미국이 굉장히 부족한 마스크를 대량으로 지원한 바 있다. 이를 미국에 설명하고 어려울 때 친구가 진정한 친구라는 걸 강조하며 백신 지원을 요청하고 있다”며 선의에 기대는 발언도 했다. 청와대는 한국의 대미 반도체 협력을 강조하면 미국 백신 확보 가능성을 높일 수 있다고 보는 것으로 알려졌다. 백신과 백신을 맞바꾸는 방안에 미국이 일단 난색을 표하자 조 바이든 대통령이 국가안보 사안으로 다루며 삼성전자 등에 공격적 투자를 강조한 반도체를 카드로 내세우기 시작한 것.  다만 청와대와 외교부는 민간기업의 투자에 직접 개입한다는 지적을 피하기 위해 백신과 반도체를 직접 맞교환하는 방식 대신 “한국이 반도체 등에서 협력할 것이니 미국도 한국에 백신을 지원해야 진정한 친구”라는 논리를 강조하는 것으로 보인다. 미 국무부도 ‘한미 백신 스와프’ 협의와 관련한 입장을 묻는 본보 질의에 “우리는 비공개인(private) 외교적 대화의 세부 사항에 대해서는 언급하지 않을 것”이라고 답변했다. 긍정도 부정도 하지 않은 채 한미 간에 물밑에서 협의가 진행되고 있음을 에둘러 밝힌 것이다. 이에 따라 다음 달 문재인 대통령과 바이든 대통령 간 정상회담을 앞두고 백신과 반도체가 본격적인 한미 간 현안으로 떠올랐다. 정 장관은 이날 ‘한미 간 백신 스와프의 반대급부가 무엇이냐’는 질문에 “미국과 협력할 분야는 백신뿐 아니라 바이든 대통령이 큰 관심을 갖고 있는 (반도체) 글로벌 공급망에서 우리가 미국을 도와줄 수 있는 분야도 많이 있기 때문에 여러 가지로 협의할 수 있다”고 말했다.  그는 ‘반도체가 백신과 교환의 대상이냐’는 질문에 “교환 대상이라고 보지 않는다. (반도체와 배터리는) 민간기업이 주도하는 것이라 정부가 나서서 미 측과 협의 대상으로 할 수 없다”고 했다. 그러면서도 “반도체 분야나 미국이 관심을 갖고 있는, 우리 기업이 능력 있는 자동차용 배터리 등 여러 협력 분야가 있다”며 “(미국에 대한) 민간기업의 협력 확대가 미국 조야로부터 한국이 지금 백신 때문에 어려움에 처했을 때 도움을 줘야 한다는 여론 형성에는 도움이 될 것”이라고 말했다. 특히 정 장관은 “듣기로 이미 (민간에서) 상당 규모의 대미 투자를 구상하는 것 같다. 우리 기업의 이런 노력이 한미 관계 개선에 도움을 줄 것이 분명하다”고 했다. 최지선 aurinko@donga.com·이미지 기자 / 워싱턴=이정은 특파원 
"
2021-04-22 3:00,"文대통령, 러시아 백신 도입 가능성 점검 지시",동아일보,"박효목 기자 , 김소영 기자 , 수원=이경진 기자 ","

문재인 대통령이 러시아에서 개발한 신종 코로나바이러스 감염증(코로나19) 백신 ‘스푸트니크V’ 도입 가능성을 점검해보라는 지시를 내린 것으로 21일 알려졌다. 백신 수급 불안이 점차 커지면서 문 대통령이 직접 백신 확보 총력전에 나선 것으로 풀이된다.  청와대 관계자는 이날 “백신 수급에 대한 우려가 있는 만큼 문 대통령이 다양한 가능성을 열어놓고 검토를 해보자는 취지에서 이 같은 지시를 했다”고 말했다. 이에 따라 청와대는 스푸트니크V 백신의 사용 실태 및 부작용에 대해 점검하고 있는 것으로 전해졌다. 앞서 국가안전보장회의(NSC)는 15일 상임위원회 회의에서 러시아산 백신 도입 문제를 검토한 것으로 전해졌다. 청와대는 당시 NSC 상임위 회의 결과 보도자료를 통해 “코로나 백신 추가 확보에 주력하기로 했다”고 밝힌 바 있다. 국내에서는 아직 스푸트니크V의 허가 검증은 물론이고 허가 신청조차 진행되지 않은 상황이다.  이재명 경기도지사도 이날 스푸트니크V 백신을 포함한 다양한 백신의 공개 검증을 청와대에 요청했다. 이 지사는 이날 백신 조기 도입 방안과 관련한 경기도 관계부서 대책회의에서도 러시아 백신을 직접 언급하며 개방적인 백신 검증을 강조했다.  하지만 전문가들은 대체로 부정적이다. 김우주 고려대구로병원 감염내과 교수는 “스푸트니크V 백신은 아스트라제네카, 얀센 등과 같은 ‘아데노바이러스’ 기반이라 혈전 등 안전성 담보가 되지 않은 상태”라고 설명했다. 미국 뉴욕타임스에 따르면 러시아 등 전 세계 61개 국가가 이 백신의 사용을 승인했다. 그러나 미국, 유럽연합(EU) 등은 사용하지 않고 있다. 박효목 tree624@donga.com·김소영 / 수원=이경진 기자 
"
2021-04-22 3:00,"文 “백신수급에 대한 불안보다, 접종 속도 못 내는게 더 문제”",동아일보,"황형준 기자 , 윤다빈 기자 ","

국민의힘 소속인 오세훈 서울시장과 박형준 부산시장이 21일 문재인 대통령과의 오찬에서 이명박 박근혜 전 대통령에 대한 사면을 직접 요청하면서 사면 논의가 다시 수면 위로 등장했다. 올해 1월 초 더불어민주당 이낙연 전 대표가 사면론을 띄웠다가 여론의 뭇매를 맞은 지 석 달 만이다.  그러나 여전히 문 대통령은 “국민 공감대를 생각하지 않을 수 없고 국민 통합에 도움이 되도록 작용돼야 한다”고 원론적으로 답했다. 또 문 대통령은 신종 코로나바이러스 감염증(코로나19) 백신과 관련해 “수급에 대한 불안보다는 우리가 갖고 있는 백신을 적시에 속도감 있게 접종하지 못하는 것이 더 문제”라고 말했다. 정부의 백신 확보에는 문제가 없고, 현장의 접종 과정에서 문제가 빚어지고 있다는 뜻으로 해석될 수 있는 대목이다. 박 시장은 이날 청와대에서 문 대통령을 만나 두 전직 대통령에 대한 사면 필요성을 제기했다. 청와대 고위 관계자는 문 대통령의 반응에 대해 “이해하기로는 동의나 거절 이런 차원의 말씀은 아니었던 것 같다”며 “고령의 두 전직 대통령이 영어의 몸이 된 데 대해 인간적으로 안타깝게 생각하는 마음을 갖고 있는 것”이라고 말했다. 이어 “개인적으로 결정할 문제가 아니라 국민 공감대, 국민 통합, 이 두 가지 기준에 비춰 판단해야 되지 않느냐는 것으로 이해했다”고 설명했다. 박 시장도 오찬 뒤 부산시청에서 가진 기자간담회에서 “사면에 문 대통령이 ‘충분히 제기할 만한 사안’이라고 답변했다”며 “(적절한) 시간을 보고 있다는 느낌을 받았다”고 했다. 이날 간담회에서 이재용 삼성전자 부회장의 사면에 대한 언급은 없었다.  문 대통령의 이날 답변은 1월 신년 기자회견 때와는 온도 차가 있다. 당시 문 대통령은 “지금은 사면을 말할 때가 아니다. 하물며 과거의 잘못을 부정하고 또 재판 결과를 인정하지 않는 차원에서 사면을 요구하는 움직임에 대해서는 국민들의 상식이 용납하지 않을 것이라고 생각하고 저 역시 받아들이기 어렵다”고 선을 그었다.  여권 일각에선 문 대통령이 사면에 대해 동의나 거절의 뜻을 분명히 밝히지 않은 것 자체가 임기 말 사면 가능성을 열어두겠다는 뜻 아니냐는 관측이 나왔다. 한 참석자는 “오히려 (문 대통령이) 고심을 하고 있는 것으로 느꼈다”고 전했다.  문 대통령은 코로나19 백신과 관련해 “질병관리청이 명단을 정해서 지방자치단체에 통보하는 방식이어서 속도가 잘 안 났는데, 이제는 지자체가 자율성을 갖고 선정하고 방역 당국은 물량을 공급하는 식으로 바꿀 생각”이라고 말했다. 백신 수급을 둘러싼 불안이 커지고 있지만 접종 방식이 더 문제라는 의미다. 문 대통령은 또 “초기에 노인을 비롯한 고위험군에 대한 접종이 먼저 이루어져서 확진자 수는 그렇게 줄지 않고 있지만 위중증 환자는 많이 줄었고 사망자도 줄어들어서 그나마 다행스럽다”고도 했다. 접종 방식에 대해 방역당국은 5월부터 접종 전 절차를 간소화하고 대상자가 직접 시간과 기관을 선택하는 예약시스템 도입을 검토 중이라고 밝혔다. 또 이날 오찬에서는 기모란 대통령방역기획관도 거론됐다. 유영민 대통령비서실장은 “아직도 청와대에 오면 마치 벼슬을 하는 것처럼, 대단한 권력을 가진 것처럼 외부에서 보는 것 같다. 기 기획관은 우리가 설득해서 모셔온 분인데 그렇게 비쳐서 안타깝다”고 말했다. 문 대통령도 “전혀 문제라고 생각하지 않는다”고 했다. 또 남편이 전직 야당 의원인 유명희 산업통상자원부 통상교섭본부장과 민유숙 대법관의 남편인 문병호 전 의원 등을 예로 들며 “그런 것을 전혀 고려하지 않는다. 왜 그런 것을 신경 써야 되느냐”고 말했다. 이날 오찬 회동은 문 대통령이 제안했고 1시간 17분간 화기애애한 분위기 속에서 진행됐다고 청와대가 전했다. 문 대통령이 야당 인사를 초청한 건 지난해 5월 여야 원내대표 회동 이후 11개월 만이다. 야당 인사만 초청한 건 처음이다. 문 대통령은 두 시장에게 “선거와 행정은 다르다. 충분히 협력하고 소통하는 것이 중요하다”며 “청와대에서는 정무수석을 소통창구, 협력창구로 할 테니 두 시장님도 창구를 하나 정해 달라”고 했다. 문 대통령은 오 시장에게는 “국무회의에 꼭 참석해 달라. 다른 광역단체장들의 의견도 전달해 달라”고 당부했다.황형준 constant25@donga.com·윤다빈 기자 
"
2021-04-21 3:00,정의용 “美와 백신 스와프 진지하게 협의”… 방역당국 “아직까지 밝힐만한 성과 없어”,동아일보,"유근형 기자 , 최지선 기자 ","

신종 코로나바이러스 감염증(코로나19) 백신 수급 불안이 커지면서 정부가 잇따라 대책을 내놓고 있다. 20일 하루에만 한미 간 ‘백신 스와프 추진’과 ‘백신특사 파견’ 방침을 밝혔다. 하지만 실질적인 내용이 없어 설익은 발표라는 지적이 나온다. 정의용 외교부 장관은 이날 국회 외교통일위원회 긴급 현안질의에서 “한미 간 백신 스와프를 검토했을 뿐 아니라 미국 측과 상당히 진지하게 협의하고 있다”며 “지난주 존 케리 미 대통령 기후변화특사가 (한국에) 왔을 때 이 문제를 집중 협의했다”고 밝혔다. 정 장관은 백신을 담당할 대사급 인사를 지정하고, 백신 물량을 확보할 특사를 파견하는 방안도 검토 중이라고 공개했다. 한미 양국의 백신 물량을 바꾸는 백신 스와프가 체결된다면 5, 6월 중 미국이 가진 백신을 공급받는 방식이 유력하다. 빌린 백신을 7월 이후 한국이 확보한 백신으로 되갚는 것이다. 단, 정부 관계자는 “주사기나 마스크 등 방역용품, 반도체 공급망 재편 협력 등 다른 현안과 교환하는 방식은 아직은 검토하지 않고 있다”고 전했다. 이 때문에 일각에서는 백신 스와프 체결에 대한 회의적인 반응도 나온다. 이미 백신 6억 회분을 비축한 미국으로서는 추후 백신으로 되갚는 안에 매력을 느끼지 못할 가능성이 크기 때문이다. 정 장관조차 “현 단계에서 (백신 협력이) 쉬운 것은 아니라는 (미국의) 1차 입장 표명이 있었다”고 말했다. 백신 스와프 추진 발표가 성급했다는 지적도 나온다. 손영래 중앙사고수습본부 사회전략반장은 이날 브리핑에서 “한미 백신 스와프는 국민들에게 설명할 성과가 아직까지 나오지 않았다. 설명할 내용이 없다”고 밝혔다. 외교부 당국자 역시 정 장관 발표 이후 기자들과 만나 “현 단계에서 구체적으로 진전되는 내용은 없다”고 설명했다. 유근형 noel@donga.com·최지선 기자 
"
2021-04-21 3:00,"백신 수급 다급한 韓 ‘스와프’ 카드… 美, 제안 수용 여부는 불확실",동아일보,"김성규 기자 , 최지선 기자 ","

정부가 20일 미국과의 ‘백신 스와프’ 추진 방침을 밝힌 것은 신종 코로나바이러스 감염증(코로나19) 백신의 국내 수급 불안을 해소하기 위해서다. 미국이 확보한 백신 여유물량 일부를 빌려 오고 나중에 갚겠다는 게 골자다. 성공한다면 국내 백신 수급에 ‘숨통’이 트이겠지만 실현 여부는 미지수다. 아직까지는 다급한 한국의 ‘일방적 제안’이란 해석이 많기 때문이다.한미 백신 스와프는 지난해 12월 국민의힘 박진 의원이 처음 제안했다. 당시 정부는 “백신 교환비율 산정이 어렵다”며 부정적 의견이었다. 4개월 만에 정부의 태도가 바뀐 건 그만큼 국내 백신 수급 상황이 어렵기 때문이다. 현재까지 한국이 들여온 코로나19 백신은 193만6500명분으로 상반기(1∼6월) 접종 목표인 1200만 명분의 16.1%에 그쳤다. 반면 미국은 성인의 절반이 넘는 1억3000만여 명이 1회 이상 백신을 맞는 등 상대적으로 여유가 있다. 하지만 현재 한국의 경우 당장 접종할 백신도 부족하다. 이에 대해 정부 관계자는 “지금 당장 한국 내 백신이 부족하지만 하반기에는 여유가 생길 수 있다”며 “지금 미국에서 남는 백신 물량을 빌려 와서 쓰고 하반기나 내년에 확보된 백신으로 갚는 방안이 논의되는 것으로 안다”고 전했다. 처음 백신 스와프를 제시한 박 의원은 “일단 백신을 긴급 지원받고 추후 반도체 등의 전략물자로 갚는 방법도 있다”고 했다. 만약 미국이 한국에 백신을 제공하는 방안이 성사될 경우 그 종류는 아스트라제네카 백신이 될 것이란 예측도 나온다. 미국은 현재 아스트라제네카 백신을 사용 승인하지 않고 비축만 하고 있다. 이미 미국은 멕시코와 캐나다에 각각 125만 명분과 75만 명분의 백신을 빌려주고 다시 백신으로 받을 계획을 밝혔는데 이때 공급하기로 한 백신도 아스트라제네카 백신이었다.미국이 한국의 제안을 받아들일지는 불확실하다. 이미 현 상황에선 난색을 표한 것으로 확인됐다. 20일 한미 백신 스와프 검토 사실을 알린 정의용 외교부 장관은 발언 1시간 만에 긴급현안회의가 끝날 때쯤 “(백신 스와프 실현을) 단정은 못 하겠다. 미국도 여름까지 집단면역 성공 의지가 강해 백신이 충족한 분량이 아니라고 설명했다”며 “현 단계에서 (백신 협력이) 쉬운 것은 아니라는 (미국의) 1차적 입장 표명이 있었다”고 말했다. 이에 따라 5월로 예정된 한미 정상회담을 적극 활용하고, 미국 일본 호주 인도 4국 간 협력체인 ‘쿼드’ 참여 등을 통해 미국을 움직여야 한다는 의견도 나온다. 아직 정상회담 의제로 백신 협력이 포함될지는 확정되지 않았다. 쿼드에 한국이 참여하는 방안 역시 정부는 일단 부정적으로 보고 있다.  결국 이번 백신 스와프 추진도 미국의 ‘선의’에 기대고 있다는 우려가 나온다. 정 장관은 “꼭 필요한 때 도와주는 친구가 진정한 친구라는 표현이 있다”며 “코로나19 사태 초기 우리가 미국의 요청으로 진단키트와 마스크를 상당량 공수한 사실을 미국에 설명하고 있다”고 말했다. 한 정부 관계자는 “(백신 스와프가) 이론적으로 가능하고 시기도 좋아졌다고 생각하지만 조사해보니 아직 미국을 포함한 다른 나라들이 백신에 그렇게 여유가 있지는 않은 것 같다”고 말했다. 외교부는 백신 물량 확보를 위한 특사 파견도 내부적으로 검토하고 있다.정 장관은 백신 확보 등 정부의 코로나19 대처의 문제점을 인정하기도 했다. 그는 “지난해 방역 상황에서 정부가 조금 안이하게 대처한 측면이 있다고 솔직히 인정한다”고 했다. 그는 여당인 더불어민주당 의원들이 ‘안이하다’는 발언에 오해의 소지가 있다고 지적하자 “외교적 측면에서 국민을 안심시킬 수 있을 정도로 했느냐는 반성”이라고 덧붙였다. 국민의힘 배준영 대변인은 이날 “(우리는) 이미 지난해 말부터 한미 백신 스와프가 필요하다고 주장해 왔다”며 “정부가 야당의 제안을 귀담아듣고 발 빠르게 움직였더라면, 경제협력개발기구(OECD) 37개국 중 접종률 35위라는 참담한 성적표는 받지 않았을 것”이라고 비판했다. 이어 “중대본에서도 외교부 장관의 (스와프) 이런 언급을 뒷받침할 만한 어떤 확인도 해주지 않고 있다”며 정 장관 발언의 실체에 의문을 제기했다. 김성규 sunggyu@donga.com·최지선 기자  
"
2021-04-20 3:00,洪 “백신 추가공급 논의 마무리 단계”… 野 “국민 희망고문 말라”,동아일보,전주영 기자 ,"

홍남기 국무총리 직무대행 겸 경제부총리가 신종 코로나바이러스 감염증(코로나19) 백신 수급 문제에 대해 “추가공급 논의가 마무리 단계로 외교적 경로로 협의가 물밑에서 진행 중”이라고 밝혔다. 홍 부총리는 19일 국회에서 열린 정치·외교·통일·안보 분야 대정부질문에서 야당 의원들이 백신 수급 문제에 대해 질타를 하자 “계약상 백신 공급이 하반기에 몰려 있어 계약대로 들어오면 11월 집단면역 달성에 문제가 없다”고 강조하며 이같이 말했다. 4·7 재·보궐선거 이후 처음 열린 이날 대정부 질문에선 코로나19 백신 수급 문제, 부동산정책 등을 놓고 벌어진 난타전으로 여야 의원들의 항의와 고성이 오갔다. 사퇴한 정세균 전 국무총리 대신 국회 대정부질문 답변자로 나선 홍 직무대행은 백신 수급 문제에 대한 비판과 관련해 “정부를 믿어 달라”면서 “전날까지 362만 회분 백신 물량이 들어왔고 상반기 중 1447만 회분이 들어와 총 백신 1809만 회분이 들어오기로 확정돼 있다”고 일정을 밝혔다.  이에 대해 국민의힘 정진석 의원은 “국민들은 정부의 이야기를 믿지 않는다. 희망고문하지 말라”면서 “백신 접종률은 100위권 밖이다. 르완다나 방글라데시보다 못하다. 집단 면역 달성하는 데에만 6년 4개월 걸린다는 평가”라고 지적했다.  그러자 홍 직무대행은 “‘집단 면역 형성에 6년이 걸린다’는 잘못된 뉴스를 강조하면 국민이 불안해진다”고 반발했다. 이어 “우리 정부도 지난해 1억5200만 회분 물량을 확보했다”면서 “정부의 입장을 올바르게 국민에게 전달하는 것도 필요하다. 답변할 기회를 달라”며 목소리를 높이기도 했다. 이에 정의당 심상정 의원도 “정부가 자꾸 헛된 약속과 희망고문을 하니 국민들이 불신한다”면서 “백신 조기도입 실패에 대해서 솔직히 인정하고 전략을 수정하라”고 요구했다. 홍 직무대행은 종합부동산세 부과 기준 완화에 대한 질의에 “민의를 수렴할 영역이 있는지 살펴보고 있다”면서도 공동주택 공시가격 급상승에 대한 비판에는 “정말 동결하는 게 사회적 정의에 맞느냐. 한번 여쭙고 싶다”고 따졌다. 이에 심 의원으로부터 “진정하라”는 핀잔을 듣기도 했다. 더불어민주당 일각에서 무주택자에게 집값의 최대 90%까지 대출해주자는 의견이 나오는 것에 대해서도 “쉽게 동의할 수 없는 내용”이라며 여당과도 각을 세웠다. 투기 의혹에 휩싸인 한국토지주택공사(LH) 혁신안과 관련해 홍 직무대행은 “가장 중요한 것은 LH의 기능과 조직을 어떻게 재편하느냐는 것인데, 관계부처 내에 어느 정도 검토가 마무리됐다”며 “다음 달 초중반에는 국민께 발표해드릴 수 있을 것”이라고 말했다.  국회 대정부질문을 바로 앞두고 후임 총리의 인사청문회가 끝나지 않은 상황에서 퇴임한 정 전 국무총리에 대해 야당 의원들의 질타도 이어졌다. 국민의힘 곽상도 의원이 “지금 홍 직무대행에 대해서도 개각설이 있던데 (정 전 총리처럼) 당일 퇴임식 하고 나갈 건가”라고 묻자 홍 직무대행은 “후임자가 발표되면 (즉각 사퇴하는 게 아니라) 청문회를 거쳐서 온 다음에 (그만두고) 나가야 되지 않겠나”라고 답했다.  국민의힘 허은아 의원은 TBS의 ‘#일(1) 합시다’ 캠페인에 대해 “민주당 기호인 1번을 연상시켰다”며 “중앙선거관리위원의 여당 편향이 문제”라고 지적했다. 홍 직무대행은 “지하철역 1번 출구 사진을 찍고 ‘무엇이 생각나느냐’고 하는 것과 마찬가지 아니냐”면서 “선관위는 헌법상 독립기관인데 행정부가 이래라 저래라 하는 것이 더 이상하다. 판단은 국회에서 해야 한다”고 반박했다.  허 의원이 질문을 마치고 퇴장한 직후 민주당 소속 김상희 국회부의장은 국민의힘 의원들 쪽을 향해 “신났네, 신났어”라고 혼잣말을 했고, 이 말은 그대로 마이크로 생중계돼 논란이 일기도 했다. 국민의힘 박기녕 부대변인은 “중립적이어야 할 국회부의장이 야당 의원들을 향해 조롱성 발언을 하다니 믿어지지 않는다”며 김 부의장의 사과를 요구했다. 전주영 기자 aimhigh@donga.com 
"
2021-04-20 3:00,文대통령 “한미정상회담서 백신 협력”,동아일보,황형준 기자 ,"

            문재인 대통령이 다음 달 하순 예정된 한미 정상회담에서 국내 수급 불안이 커지고 있는 신종 코로나바이러스 감염증(코로나19) 백신 공급 문제를 논의하겠다는 의지를 밝혔다. 문 대통령은 19일 청와대 수석·보좌관회의에서 “(한미 정상회담에서) 멈춰 있는 한반도 평화의 시계를 다시 돌리기 위한 노력과 함께, 경제 협력과 코로나19 대응, 백신 협력 등 양국 간 현안의 긴밀한 공조를 위해 심혈을 기울이겠다”고 말했다. 최근 아스트라제네카(AZ) 백신과 얀센 백신의 혈전 생성 등 악재가 잇따르면서 안정적인 백신 국내 수급에 대한 논란이 커지자 조 바이든 미 대통령과 백신 문제를 협의하겠다는 뜻을 공개적으로 밝힌 것. 청와대는 한미 정상회담 계획을 브리핑한 16일에만 해도 백신 수급 문제의 의제 포함 여부에 대해 “구체적인 의제가 확정되지 않았다”고 했다. 그러나 스가 요시히데(菅義偉) 일본 총리가 바이든 대통령과의 정상회담에 이어 미국 백신 기업 화이자 최고경영자(CEO)와 통화해 백신을 추가 확보했다고 밝히자 문 대통령이 직접 미국과 백신 문제를 논의할 수 있다고 한 것이다. 문 대통령은 “방역 상황은 여전히 안심하기 어렵고 집단면역까지 난관이 많다”며 “정부는 무엇이 문제이고 과제인지 냉정하게 직시하고, 무거운 책임감과 비상한 각오로 임해야 할 것”이라고 말했다. “방역과 부동산이 민생에서 가장 민감한 상황”이라고도 했다. 4·7 재·보궐선거 참패를 의식한 듯 “국민의 질책을 쓴 약으로 여기고 국정 전반을 돌아보며 새 출발의 전기로 삼겠다”고 했다. 황형준 기자 constant25@donga.com  
"
2021-04-19 3:00,“백신 확보 급하지 않다”던 기모란 靑방역기획관 임명 논란,동아일보,김성규 기자 ,"

16일 청와대가 발표한 대통령비서실 방역기획관 신설을 둘러싸고 논란이 일고 있다. ‘옥상옥’ 우려와 함께 기모란 국립암센터 교수 임명을 놓고 비판이 나오고 있다. 국민의힘 배준영 대변인은 18일 논평을 통해 “백신을 조기 접종할 필요가 없다는 등 정치방역 여론을 주도한 기 교수를 기용한 것은 정치방역을 하겠다는 선언”이라며 임명 철회를 요구했다. 같은 당 윤희숙 의원도 페이스북에 글을 올려 “기 교수가 일반 국민을 혹세무민했다”고 역설했다. 윤 의원은 방역기획관의 필요성을 인정하면서도 “(기 기획관은) 백신 확보가 중요하지 않다는 발언을 여러 번 했다”며 “전문가들로부터 ‘자기 분야 학문을 배신하면서까지 정권을 대변한다’는 비판을 받았다”고 지적했다. 앞서 기 기획관은 지난해 11월 20일 TBS 라디오 ‘김어준의 뉴스공장’에서 “한국은 지금 일단 환자 발생 수준으로 봤을 때 (백신 구매가) 그렇게 급하지 않다”고 발언했다. 또 같은 해 12월 10일 같은 프로그램에 출연해 “예방접종을 먼저 해서 이런저런 위험을 미리 알려주는 나라한테는 고맙지만 우리가 직접 하고 싶지는 않은 것”이라고 말했다. 다른 나라 상황을 충분히 보고 접종해도 된다는 뜻이다. 최대집 대한의사협회장은 “초기에 중국발 입국자를 막지 않고, 백신 확보를 서두르지 않는 등의 정부 결정을 기 기획관이 정당화하는 발언을 많이 했다”고 밝혔다. 방역기획관이 신설되면서 질병관리청(질병청) 중심의 기존 업무체계에 혼선을 초래할 수 있다는 우려도 나온다. 방역당국의 한 관계자는 “이번 인사는 질병청에 대한 불신임과 경고의 의미로 보인다”고 밝혔다. 최재욱 고려대 의대 예방의학교실 교수는 “(방역기획관이) 질병청 등을 뒷받침하는 대신에 정치적으로 통제하려 들면 ‘옥상옥’ 비판을 피하기 어려울 것”이라며 “과학적 근거에 기반해 전문가 의견을 듣는 시스템이 갖춰져야 한다”고 꼬집었다.김성규 기자 sunggyu@donga.com 
"
2021-04-10 3:00,"힘받은 국민의힘, 與에 “백신 국정조사-LH 특검하자”",동아일보,전주영 기자 ,"

국민의힘이 4·7 재·보궐선거 기간 미뤄 왔던 한국토지주택공사(LH) 투기 의혹 특검과 국정조사, 국회의원 부동산 전수조사 논의를 재개하자고 더불어민주당에 요구했다. 또 선거 승리의 여세를 몰아 신종 코로나바이러스 감염증(코로나19) 백신 공급 관련 국정조사, 청문회까지 추가 제안하며 여당을 압박하고 나섰다. 국민의힘 김성원 원내수석부대표는 9일 국회에서 열린 당 원내대책회의에서 “재·보궐선거로 잠시 미뤄진 망국적 부동산 투기 근절을 위한 국회의원 전수조사, 국정조사, 특검 논의를 재개하겠다”고 말했다. 또 “민주당이 이제 와서 청와대를 조사 대상에서 빼고 특검 기간도 제한한다면, 선거용 특검 제안에 불과했다는 비판을 면치 못할 것”이라고 했다. 더불어민주당이 국민권익위원회에 당 소속 국회의원 174명과 그 가족의 부동산 소유·거래 전수조사를 요청한 데 대해 김 원내수석은 “국민이 가장 싫어하는 게 ‘셀프 조사’”라며 “국회에서 한시적 특별법을 만들어 철두철미하게 조사하도록 민주당이 협조해 달라”고 제안했다. 여야는 지난달 23일 특검, 전수조사 실시 주체와 범위 등에 대한 협의를 시작했지만 선거 때문에 논의가 일시 중단됐다. 주호영 당 대표 권한대행 겸 원내대표는 이날 코로나19 백신 공급과 관련해 “확보부터 접종 전 과정을 국회 차원의 조사나 청문회를 통해서라도 짚고 보완해야 한다”고 강조했다. 이어 “정부는 외국 제약회사와 계약 비밀을 유지해야 한다며 국민에게 그저 ‘깜깜이’로 믿고 따라오라고 강요만 하고 있다”며 “백신 도입도 꼴찌로 한 마당에 (아스트라제네카 백신에 대한) 안전성도 담보할 수 없고 접종 계획조차 어그러지고 있다”고 비판했다. 전주영 기자 aimhigh@donga.com 
"
2021-04-06 3:00,"中 “한국, 주한 중국인 中백신 접종 지지”… 韓 “그런 언급 안해”",동아일보,최지선 기자 ,"

중국 외교부가 3일 열린 한중 외교장관 회담 결과를 전하면서 우리 정부가 중국 정부의 ‘춘먀오(春苗)행동’ 계획을 지지했다고 일방적으로 밝혀 논란이 일고 있다. 춘먀오행동은 해외 체류 중국인들에게 중국산 등 신종 코로나바이러스 감염증(코로나19) 백신을 접종하겠다는 계획이다. 정의용 외교부 장관은 회담에서 왕이(王毅) 중국 외교부장에게 춘먀오행동에 대해 명시적인 지지를 표명하지 않은 것으로 알려졌다. 외교부는 5일 “중국이 오해의 소지가 있는 표현을 보도자료에 썼다”고 선을 그었다. 외교부 당국자는 이날 “(정 장관이 회담에서) 장기 거주 외국인에 대해 (한국인과) 똑같은 조건으로 백신을 접종하겠다는 방침을 밝혔고 중국 측도 자국 내 장기 거주 외국인이 동의하면 백신을 보급하겠다고 한 바 있어 이에 대해 (양국 장관이) 서로 긍정적으로 평가한 대목은 있었다”고 했다. 이어 “회담에서 ‘춘먀오행동’이 부각된 기억이 없는데 (중국 측이) 오해의 소지가 있는 표현을 회담 결과를 전하는 보도자료에 담은 것으로 생각된다”고 밝혔다. 결국 중국이 정 장관이 하지도 않은 표현을 발표한 셈이다. 다른 당국자도 “(회담에서) 춘먀오행동의 구체적인 내용에 관련된 언급은 없었다”며 “아직 우리 방역당국이 춘먀오행동의 한국 적용을 구체적으로 검토하는 것은 없다”고 했다. 앞서 중국 외교부는 회담 결과를 전하면서 “한중 양측이 (코로나19 감염자가 아님을 증명하는) 건강코드 상호 인증체제를 구축하고 백신 협력을 전개하는 데서 협력을 강화하기로 동의했다”면서 “한국은 중국의 춘먀오행동 계획을 지지했다”고 했다. 왕 부장은 지난달 기자회견에서 춘먀오행동에 대해 “(주변국에) 중국산 백신 접종 센터를 설립해 중국인들에게 서비스를 제공할 것”이라고 밝혔다. 우리 정부는 아직 중국산 백신의 국내 접종을 허용하지 않고 있다. 한중 장관이 동의했다고 중국 측이 밝힌 ‘건강코드 상호 인증체제 구축’에 대해서도 외교부 당국자는 “건강코드를 사용하면 향후 인적 왕래에 편리하다는 중국 측의 제안이었다. 우리 방역당국이 검토할 사항이지만 방역당국과 구체적으로 협의한 것은 아니다”라고 했다.  특히 중국은 한중 외교장관 회담에서 우리 정부에 또다시 사드(THAAD·고고도미사일방어체계) 반대 입장을 들고나왔다. 올해 출범한 조 바이든 미국 행정부가 강조하는 한미일 3국 안보 협력에 한국이 참여하지 말라는 압박으로도 읽힌다. 외교부 당국자는 5일 “사드와 관련해 원론적 수준의 의견 교환이 있었다”며 “2017년 이후 (중국이 제기한) 틀에서 벗어나지 않았다”고 했다. 중국은 그동안 “사드에 단호히 반대한다”며 “한국은 3불(不) 약속을 지켜 사드 문제를 적절히 처리하라”고 요구해 왔다. 중국이 “한국 정부가 약속했다”고 주장하는 3불에는 △사드 추가 배치 불가 △미국의 미사일방어(MD) 체계 불편입 △한미일 3국 협력의 군사동맹 발전 불가가 포함된다. 최지선 기자 aurinko@donga.com 
"
2021-03-25 3:00,"‘文대통령 백신 바꿔치기 의혹’ 글에… 방역당국 “가짜뉴스, 경찰 수사 요청”",동아일보,이지윤 기자 ,"

문재인 대통령이 23일 접종받은 신종 코로나바이러스 감염증(코로나19) 백신이 바꿔치기 된 것이란 인터넷 의혹이 제기되자 경찰이 수사에 나섰다. 문 대통령은 “제가 (백신을) 맞아보니 안심해도 된다”는 접종 후기를 올렸다. 중앙방역대책본부(방대본)는 24일 브리핑을 열고 “(문 대통령) 주사기를 바꿔치기했다는 허위 정보글이 유포되는 것은 백신 불안을 야기할 수 있다”며 “해당 인터넷 게시글을 허위 사실을 적시해 공무집행을 방해한 혐의로 경찰청에 수사 의뢰했다”고 밝혔다. 의뢰 주체는 범정부 차원의 예방접종대응추진단이다. 경찰은 즉시 내사에 착수했다. 23일 일부 온라인 커뮤니티에서는 문 대통령이 접종한 아스트라제네카 백신이 화이자 백신으로 바꿔치기됐다는 내용의 게시글이 등장했다. 한 커뮤니티에서는 “(간호사가) 캡(뚜껑)이 열린 주사기로 주사약을 뽑더니, (안 보이는) 뒤로 가서 캡이 닫혀 있는 주사기를 들고 왔다”는 글이 올라왔다. 문 대통령이 서울 종로구보건소에서 백신 접종을 받을 때 간호사가 칸막이 뒤로 가 백신을 바꿨다는 의혹이다. 방역당국은 문 대통령 백신 접종 당시 주사기 뚜껑을 뺐다가 다시 씌운 것은 맞지만, 오염 방지를 위한 정상적인 의료 활동이라고 밝혔다. 홍정익 방대본 예방접종기획팀장은 “바이알(약병)에서 약을 뽑고 나서 다른 작업을 할 경우 오염 방지를 위해 뚜껑을 다시 씌우는 경우가 있다”며 “이는 간호사 등 의료인의 판단”이라고 설명했다. 고재영 방대본 위기소통팀장은 “통상 (의료진이) 앉아 있는 상태에서 바로 접종하는데 당시 촬영 준비에 시간이 걸려 오염 방지를 위해 뚜껑을 씌운 것”이라고 말했다. 문 대통령은 이날 페이스북에 전날 접종받은 백신 관련 글을 올렸다. 문 대통령은 “만 하루와 7시간이 지난 지금까지도 별 탈이 없다”며 “밤늦게 미열이 있었는데 해열진통제를 먹고 잤더니 개운해졌다”고 밝혔다. 문 대통령은 또 “평소 고혈압인데 혈압에도 아무 영향이 없는 듯하다”며 “이제 (아스트라제네카) 백신의 안전성 논란을 끝내기 바란다”고 당부했다.이지윤 기자 asap@donga.com 
"
2021-03-10 3:00,[단독]“백신 7900만명분 구입비 3조8067억… 도스당 22달러에 계약”,동아일보,"전주영 기자 , 김성규 기자 ","

《정부가 11월까지 전 국민의 70%에게 접종하겠다고 밝힌 신종 코로나바이러스 감염증(코로나19) 백신, 우리 정부는 얼마를 주고 샀을까. 9일 국민의힘 김미애 의원실에 따르면 정부가 1인 1회 접종분당 해외 제약사에 지불한 비용은 평균 2만5044원(22달러)이었다. 총 7900만 명분의 백신 구매비로 3조8067억 원이 들어가는 것. 코로나19 백신 구매는 각국 정부와 제약사 간 일대일 계약으로 진행돼 국가마다 구매 가격이 다르다.》정부가 신종 코로나바이러스 감염증(코로나19) 백신 구매를 위해 해외 제약사들과 1도스(1인 1회 접종분)당 평균 22달러에 계약했고, 4조 원가량을 지출할 예정인 것으로 9일 확인됐다. 국회 보건복지위원회 소속 국민의힘 김미애 의원실이 질병관리청으로부터 제출받은 ‘2021년도 추가경정예산안 사업설명자료’에 따르면 정부는 국민 7900만 명이 접종할 수 있는 코로나 백신 1억5200만 회 접종분을 구매할 예정이라고 국회에 보고했다.  자료에 따르면 정부가 아스트라제네카, 화이자, 얀센 등 제약사들과 계약한 백신 구매 비용은 모두 3조8067억 원, 백신 1회 접종분당 평균 단가는 2만5044원(약 22달러)이다. 지금까지 정부는 ‘제약사들과의 계약상 비밀 유지 의무’를 이유로 백신 제조사별 계약단가를 공개하지 않았지만, 이번 추경 관련 국회 설명 과정에서 대략적인 금액이 공개된 것이다. 정부는 현재 5종의 백신 1억3200만 회에 대한 구매 계약을 완료(2000만 회는 구매 약정 상태)했는데, △아스트라제네카 2000만 회분 △얀센 600만 회분 △화이자 2600만 회분 △모더나 4000만 회분 △노바백스 4000만 회분이다. 미국 뉴욕타임스(NYT) 등 해외 언론을 통해 알려진 가격은 △아스트라제네카 3∼5달러 △얀센 10달러 △화이자 19∼20달러 △모더나 15∼25달러 △노바백스 16달러다. 백신 가격은 국가와 제약사 간 일대일 계약이기 때문에 협상 조건에 따라 정부 구매 가격이 달라진다. 지난해 12월 18일, 벨기에 예산장관의 실수로 유럽연합(EU)이 계약을 한 각 제약사의 백신 가격이 노출되기도 했다. 아스트라제네카는 1.78유로(약 2.1달러), 화이자는 12유로(약 14.2달러) 등으로 벨기에의 계약 액수는 기존 언론에 알려진 가격보다 더 낮았다. 뉴욕타임스 등을 통해 노출된 통상 단가를 한국 정부의 구매 분량에 적용해 계산하면 평균 단가는 약 17달러로 집계된다. 국회 보고한 정부 구매 가격(평균 단가 22달러)은 이보다 5달러가량 비싼 것.  이에 대해 질병청 관계자는 “개별 백신 가격은 계약서상 비밀유지 조항에 따라 공개할 수 없다. 다른 나라도 백신 계약 가격을 공개한 적이 없는 상황”이라고만 했다. 다만 국가별 백신 도입 가격은 구매량과 소득 수준, 연구개발(R&D) 투자 등이 영향을 미치는 것으로 알려졌다. 백신 도입 협상을 한 보건당국 간부는 “협상 과정을 보면 가격은 정해져 협상의 여지가 없다는 느낌을 받았다”고 설명했다. 정부는 지난해 12월에 야당의 “백신 구매가 지체되고 있다”는 비판 속에 얀센, 화이자, 모더나와 빠르게 협상 및 계약을 했다. 하지만 제조사별 계약단가는 공개되지 않았다. 김 의원은 “지난해 11월 박능후 당시 보건복지부 장관은 ‘화이자, 아스트라제네카와 가격을 합리적으로 하기 위해 바기닝(협상) 중이고, 계약도 그쪽에서 재촉한다’고 국회에서 발언했다”며 “통상 해외 다른 나라의 계약단가보다 비싸게 구매했다면 정부가 거짓말을 했거나 무능했거나 둘 중 하나다”라고 말했다.전주영 aimhigh@donga.com·김성규 기자  
"
2021-02-25 3:00,이스라엘 ‘백신 외교’…“여분 나눠줄게 예루살렘에 대사관 열어줘”,동아일보,카이로=임현석 특파원 ,"

이스라엘이 남는 신종 코로나바이러스 감염증(코로나19) 백신을 다른 국가들에 나눠 주겠다고 밝혔다. 특히 팔레스타인과의 영토분쟁 지역임에도 이스라엘이 수도로 선포한 예루살렘에 대사관을 설치하겠다고 밝힌 국가들이 주요 지원 대상으로 거론된다. 베냐민 네타냐후 총리는 23일 성명을 통해 “현재 백신 보유량 중 일부 물량을 팔레스타인 및 다른 백신 요청 국가에 보내겠다”고 밝혔다. 총리실은 구체적인 국가명을 언급하지 않았으나 로이터통신은 과테말라, 온두라스, 체코가 포함됐다고 보도했다.  세 나라는 주이스라엘 대사관을 경제 중심지 텔아비브에서 예루살렘으로 이전했거나 이전에 관심을 보였다는 공통점이 있다. 이스라엘은 1967년 3차 중동전쟁 당시 팔레스타인이 관할하던 동예루살렘을 점령한 후 예루살렘 전체를 수도로 선포했다. 유엔과 국제사회가 이를 인정하지 않았음에도 우호 국가로 하여금 대사관을 예루살렘으로 이전하라고 설득해왔다. 이 중 체코 정부는 이미 소량의 백신을 전달받았다고 밝혔다. 과테말라와 온두라스 정부도 조만간 각각 5000회 분량의 백신을 받을 것으로 전해졌다. 이스라엘은 최근 코로나19 백신을 주요 외교 수단으로 활용하고 있다. AP통신은 21일 이스라엘이 시리아에 러시아산 코로나19 백신을 비밀리에 대신 사주기로 하고 시리아에서 체포된 이스라엘인 2명과 이스라엘에 구금된 시리아인 2명을 맞교환했다고 보도했다. 현재까지 이스라엘은 전 국민 930만 명 중 446만 명의 백신 접종을 마쳤다. 미국 제약사 화이자에 백신 접종 데이터를 넘겨주는 조건으로 지난해 11월 800만 회분 계약을 맺고 한 달 후부터 백신 물량을 빠르게 공급받은 덕분이다.  필리핀 역시 24일 코로나19 백신을 공급해주는 국가에 간호사 등 의료 인력을 대거 파견하겠다고 밝혔다. 현재 해외 파견 의료 종사자를 연간 5000명으로 제한하고 있지만 백신 공급 국가에는 배정 인원을 대폭 늘리겠다는 의미다. 현지 언론은 필리핀 간호사 파견이 많은 영국 및 독일에 사실상 백신 공급을 요청한 것으로 풀이하고 있다.카이로=임현석 특파원 lhs@donga.com  
"
2021-02-24 3:00,"김태년 “백신 정쟁화, 국민혼란 조장”",동아일보,동아일보,"
23일 더불어민주당 원내대책회의에서 김태년 원내대표(왼쪽)와 홍익표 정책위의장이 대화를 나누고 있다. 김 원내대표는 “저급한 백신 정쟁화가 국민 불안과 혼란을 조장한다”며 “백신 안전성에 의문이 있다면 정치권은 나부터 먼저 솔선수범하는 자세가 필요하다”고 했다. 사진공동취재단  
"
2021-02-23 3:00,野 “文부터 백신 맞아야” 與 “특혜라고 할것”… 정치권 ‘대통령 1호접종’ 놓고 온종일 시끌,동아일보,"전주영 기자 , 박효목 기자 , 유근형 기자 ","

            안정성 논란이 제기되고 있는 영국 아스트라제네카의 신종 코로나바이러스 감염증(코로나19) 백신 접종과 관련해 정치권에서 ‘대통령 1호 접종’ 공방이 확산되고 있다. 국민의힘 주호영 원내대표는 22일 당 비대위 회의에서 “정부가 사용을 허락하고 국민에게 접종을 권할 것이면, 문재인 대통령을 비롯한 책임 당국자부터 먼저 접종해서 국민의 백신 불안감을 해소해 줄 것을 요청한다”고 목소리를 높였다. 더불어민주당은 반발했다. 양향자 최고위원은 당 회의에서 “만일 대통령이 먼저 백신을 맞는다면 특혜라고 할 것 아니겠나”라고 했고, 신동근 최고위원은 “공포를 증폭시키고 반과학을 유포하는 것은 반사회적 책동”이라고 비판했다.  ‘대통령 1호 접종’ 논란이 이어지자 청와대는 22일 “국민적 불신이 있다면 마다할 이유가 없다”고 반박했다. 다만 청와대 관계자는 “(접종 순위) 방침이 수정되지 않는다면 (문 대통령이 가장 먼저 접종하는 등의) 상황 변동은 없다”고 설명해 대통령 1호 접종의 가능성은 언급하지 않았다. 앞서 문 대통령은 지난달 신년기자회견에서 “만약 백신에 대한 불안감이 아주 높아져 기피하는 상황이 되고, 솔선수범이 필요한 상황이 되면 피하지 않겠다”고 말한 바 있다.  이날 정은경 질병관리청장은 정청래 의원의 ‘백신 실험 대상’ 발언에 대한 의견을 묻는 질문에 “적절치 않다”고 말했다. 정 청장은 이날 중앙방역대책본부 브리핑에서 “백신을 맞는 국민은 누가 되든 실험 대상이 아니다”라고 강조했다. 전주영 aimhigh@donga.com·박효목·유근형 기자 
"
2021-02-19 3:00,백신주사기 업체 찾은 文대통령 “정부-삼성-中企 협력으로 혁신”,동아일보,"박효목 기자 , 박성진 기자 ","

문재인 대통령은 18일 신종 코로나바이러스 감염증(코로나19)과 관련해 “26일부터 시작되는 백신 예방 접종을 반드시 성공으로 이끌겠다”고 말했다.  문 대통령은 이날 전북 군산에 있는 최소잔여형(LDS·LowDeadSpace) 백신주사기 생산업체 풍림파마텍을 방문해 “정부는 충분한 물량의 백신과 주사기를 확보했고 예방접종 계획도 빈틈없이 마련했다”며 이같이 말했다. 최소잔여형 주사기는 주사기에 남는 백신 잔량을 최소화하는 주사기다. 일반 주사기로는 백신 1병으로 5명을 접종할 수 있지만 최소잔여형 주사기로는 6명을 접종할 수 있다.  풍림파마텍은 지난해 중소벤처기업부와 삼성전자의 스마트공장화 지원을 받아 최소 1년 걸리는 개발 기간을 한 달로 단축해 월 1000만 개 이상의 최소잔여형 주사기를 만들 수 있는 생산체계를 갖췄다. 정부는 화이자와의 협상 과정에서 최소잔여형 주사기를 화이자에 납품하는 조건으로 백신 조기 도입을 관철시켰다. 중기부에 따르면 미국과 일본의 제약회사가 최근 풍림파마텍에 각각 1억8000만 개와 8000만 개의 주사기 공급이 가능한지 문의하는 등 각국 제약회사로부터 공급 요청이 이어지고 있다.  문 대통령은 “풍림파마텍의 혁신 성과 뒤에 대기업과 중소기업, 정부의 상생협력이 있었다”고 했다. 이어 “삼성은 최소잔여형 주사기 수요가 늘어날 것을 먼저 예측했고, 풍림파마텍의 기술력을 인정해 생산라인의 자동화와 금형기술을 지원하는 등 전방위적인 협력으로 우수한 제품의 양산을 이끌었다”고 했다. 이날 행사에는 조희민 풍림파마텍 대표와 김종호 삼성전자 스마트공장지원센터장, 고한승 삼성바이오에피스 사장 등이 참석했다. 박효목 tree624@donga.com·박성진 기자 
"
2021-02-17 3:00,"“北, 코로나 백신기술 노려 화이자 해킹 시도”",동아일보,"권오혁 기자 , 이은택 기자 ","

            국가정보원이 미국의 신종 코로나바이러스 감염증(코로나19) 백신 제약회사인 화이자에 대한 북한의 해킹 시도가 있었다고 보고했다고 국회 정보위원회 야당 간사인 하태경 국민의힘 의원이 16일 밝혔다. 하 의원은 이날 국회 정보위 전체회의 결과를 전하는 브리핑에서 “매일 평균 (북한의) 사이버 공격 시도가 158만 건”이라며 “전년 대비 32% 증가했고 코로나19 백신 및 치료제 원천기술 탈취 시도가 사이버 공격 중에 있었다”면서 이같이 말했다. 하 의원은 본보와의 통화에서 “국정원은 북한이 유럽연합(EU)의 화이자를 해킹했다고 자료에 써놨다”며 “국정원은 시도였다고 하는데 내가 본 건 분명히 해킹했다는 것”이라고 주장했다. 다만 국정원 측은 “(화이자에 대한) 해킹 탈취 시도가 있었다고 밝혔을 뿐 (해킹 주체가) 북한이라고 밝히지 않았다”고 했다. 월스트리트저널(WSJ)은 지난해 12월 “북한이 한국의 제넥신, 신풍제약, 셀트리온과 미국의 존슨앤드존슨, 노바백스, 영국의 아스트라제네카 등 백신과 치료제 개발사 최소 6곳을 상대로 해킹을 시도했다”고 보도한 바 있다. 이날 국정원은 북한이 지난해 한국 영화, 드라마 등 영상물을 유입, 유포하면 최대 사형에 처하는 ‘반동사상문화 배격법’을 제정했다고 보고했다. 권오혁 hyuk@donga.com·이은택 기자  
"
2021-02-04 3:00,코로나 백신 수송 훈련 지켜보는 文대통령,동아일보,동아일보,"
3일 인천국제공항 화물터미널에서 문재인 대통령(가운데)과 서욱 국방부 장관(왼쪽), 변창흠 국토교통부 장관(오른쪽)이 신종 코로나바이러스 감염증(코로나19) 백신 수송 모의훈련을 지켜보고 있다. 이날 방역당국은 코로나19 백신 중 처음으로 미국 화이자 백신의 ‘특례수입’을 승인했다. 청와대사진기자단  
"
2021-02-02 3:00,"식약처 자문단 “아스트라 백신, 고령층 맞아도 된다”",동아일보,"유근형 기자 , 김소영 기자 ","

            고령층 효과 논란이 제기된 영국 아스트라제네카의 신종 코로나바이러스 감염증(코로나19) 백신에 대한 국내 첫 검증 결과가 나왔다. 식품의약품안전처는 지난달 31일 열린 ‘코로나19 백신 안전성·효과성 검증 자문단’ 회의 결과를 2일 발표했다. 식약처는 “65세 이상 고령층도 맞을 수 있다는 의견이 다수였다”고 밝혔다. 자문단에 참여한 다수의 전문가는 “아스트라제네카 임상 참여 대상자 중 고령자 수가 적다는 이유만으로 고령자 투여를 배제할 수 없다”는 의견을 낸 것이다. 이는 국내 65세 이상 고령층에도 아스트라제네카 백신을 접종할 수 있다는 뜻이다. 자문단은 “미국에서 진행 중인 (추가) 임상시험 결과를 허가 후에 제출하는 조건으로 아스트라제네카 백신을 허가할 수 있다”고 밝혔다. ‘조건부 허가’를 권고한 것이다. 하지만 자문단 중에선 고령자 백신접종 자료가 부족하고 예방 효과가 입증되지 않았다는 소수 의견도 있었다. 식약처는 별도의 전문가 검증을 2차례 더 실시한 뒤 허가 여부를 결정한다. 아스트라제네카 백신의 임상시험 대상(8895명) 중 65세 이상 고령자는 7.4%(660명)에 불과하다. 하지만 예방효과가 62%에 달해 세계보건기구(WHO) 등 국내외 기준(예방 효과 50%)을 충족한다. 정은경 질병관리청장은 이날 정례브리핑에서 “아스트라제네카 백신 효과를 고려할 때 고령층 접종이 충분히 가능하다”고 밝혔다. 하지만 우려의 시선도 나오고 있다. 최대집 대한의사협회 회장은 “65세 이상 고령자에게는 아스트라제네카 백신 대신 화이자와 모더나 백신을 접종해야 한다”고 주장했다. 김우주 고려대구로병원 감염내과 교수도 “(고령자 접종 제외를 권고한) 독일 프랑스 이탈리아 등은 향후 과학적 근거를 갖고 허가 여부를 판단하겠다고 본 상황”이라고 말했다.유근형 noel@donga.com·김소영 기자  
"
