﻿press,date,title,reporter,content
프레시안,2021.03.20.,"이규민 ""서울시 보편적 재난지원금이 매표행위? 서울시민 모독하나""",이명선,"박영선 서울시장 후보의 '서울시민 10만 원 보편적 재난지원금 지급' 공약과 관련해 국민의힘 측에서 '포퓰리즘' '매표 행위' 등의 비판을 쏟아내고 있다. 이에 대해 더불어민주당 이규민 의원이 ""지난해 1차 재난기본소득 당시 사용된 보편지원은 경기부양 효과 면에서 선별지원과는 비교할 수도 없는 탁월함을 입증한 바 있다""며 보편적 재난지원금을 옹호하며 지원 사격에 나섰다. 이 의원은 19일 자신의 페이스북에 ""탁월한 경제 활성화 효과가 입증된 정책임에도 국민의 힘은 '무차별 현금살포', '달콤한 매표행위', '표 구걸' 등과 같은 막말에 가까운 원색적인 비난을 쏟아냈다""며 ""주장을 뒷받침할 만한 아무런 근거나 반론 은 물론 상대 당에 대한 최소한의 품격조차 갖추지 않은 채 막말을 앞세워 반대를 위한 반대만을 하고 있는 국민의 힘의 모습에 참담함을 느낀다""고 비판했다. 이 의원은 이재명 경기도지사가 추진한 보편적 재난지원금 사례를 들며 ""경제 활성화 효과가 입증된 경기도 재난기본소득과 마찬가지로 서울시 경제 활성화에 큰 도움이 될 것으로 기대된다""고 했다. 이 의원은 전국민 보편 지급이 시행됐던 1차 재난지원금 효과에 관한 경기연구원의 분석 결과를 언급하며 ""재난지원금 지급액에 더한 추가소비효과만 45.1%에 달했다. 외국의 유사 사례들 대비 1.8배 수준의 높은 경제 활성화 효과를 보인 것이다. 반면 선별 현금 지급한 2차 재난지원금은 통계상으로도 체감 상으로도 경기활성화 효과를 발견하기가 어려웠다""고 주장했다. 이 의원은 또 ""양극화 완화 측면에서도 1차 보편지급 후인 지난해 2분기에는 모든 계층의 가계소득(전년 대비)이 증가하고 전체 가계 소비지출이 2.7%가 상승했다""며 ""이와 대조적으로, 2차 선별지급 후에는 근로소득의 경우 최하위인 1분위는 마이너스 13.2%를 기록하고 소득격차를 보여주는 '균등화처분가능소득' 5분위 배율도 전년 동기 4.64배에서 4.72배로 악화된 바 있다. 즉 보편지원이 어려운 계층에도 더 소득 효과가 컸던 것""이라고 주장했다. 이 의원은 ""이 같은 결과를 무시한 채 재난지원금 보편지급을 아무런 근거 없이 원색적인 언어로 비난하는 것은 제1야당으로서의 올바른 자세가 아니다""라며 ""특히 '매표행위'라는 비난은 유권자를 '주체적 존재'로 인식하지 않고 '수동적 객체'로 취급하는 편협한 사고방식으로, 서울 시민을 모독하는 처사""라고 지적했다. 이 의원은 ""국민의 힘의 말처럼 '무차별 현금살포'를 하는 후보에게 표를 던질 만큼 의식 낮은 서울 시민들이 아니다""라고 반박했다."
프레시안,2021.02.22.,"文대통령 ""4차 재난지원금 폭넓고 두텁게 3월중 집행해야""",서어리,"문재인 대통령이 4차 재난지원금과 관련해 ""폭 넓고 두텁게 지원되도록 하겠다""면서 3월 중 집행을 당부했다. 문 대통령은 22일 오후 청와대에서 열린 수석·보좌관 회의에서 ""4차 재난지원금은 피해계층 지원과 저소득 취약계층 보호, 고용위기 극복 등을 위해 사각지대를 최소화하며 최대한 폭 넓고 두텁게 지원되도록 하겠다""고 밝혔다. 이날 더불어민주당 김태년 대표가 ""3월 말부터 지급할 수 있도록 신속하게 추경을 편성하겠다""면서 신속한 추경 편성을 정부에 요청한 데에 문 대통령이 궤를 같이 한 셈이다. 당정청은 이번 주까지 여러 채널을 통해 협의를 이어갈 계획이다. 문 대통령은 또 ""지난해 4분기 가계동향조사 결과를 보면 코로나 상황이 가계소득에 큰 부담이 되었다는 것을 확인할 수 있다""면서 ""특히 저소득층인 1․2분위에서 근로소득이 크게 감소했고, 경제 활동 위축과 방역 조치 강화로 소상공인 자영업자들의 사업소득도 줄어들었다""고 우려했다. 그러면서도 전체 가계소득이 늘어난 것은 정부의 적극적인 정책 대응 덕분이라면서, ""앞으로도 정부는 재정의 적극적 역할을 더욱 강화해 나가겠다""고 했다. 문 대통령은 이어 ""코로나로 어려운 상황 속에서도 벤처기업의 혁신과 도전은 계속되고 있다""면서 벤처·스타트업의 성장을 독려했다. 문 대통령은 ""벤처 투자와 벤처 펀드 결성액 모두 역대 최대 규모를 달성했다""면서 ""주가 3000시대를 열며 주식시장의 성장을 이끈 동력 역시 벤처기업""이라고 했다. 그는 ""벤처가 우리 경제의 미래이며 일자리의 새로운 보고""라면서 ""정부는 한국판 뉴딜과 2050 탄소중립을 국가 전략으로 추진하면서 벤처․스타트업을 선도형 경제의 주역으로 집중 육성할 것""이라고 밝혔다. 아울러 최근 벤처 창업가들의 기부 행렬을 언급하며 ""혁신과 도전의 상징인 벤처기업가들이 새로운 기부문화를 창출하고 있어 매우 뜻 깊다""면서 ""자수성가하여 이루어낸 부를 아낌 없이 사회에 환원하는 모습에 국민들과 함께 큰 박수를 보낸다""고 했다. 문 대통령은 이어 ""드디어 이번 주부터 백신 접종이 시작된다""며 ""요양병원과 시설 종사자와 입소자 등 우선순위에 따라 신속하고 안전하면서도 체계적으로 백신 접종이 이루어지도록 할 것""이라고 했다. 이어 ""백신 접종이 시작되더라도 방역에는 한 치의 소홀함도 없어야 하겠다""며 ""경각심을 잃지 말고 방역수칙 준수에 모두 힘을 모아 주시기 바란다""고 했다. 그러면서 ""정부도 최근 코로나가 집단 발병하고 있는 사업장과 시설에 대해 집중 점검을 실시하는 등 확산세 차단에 총력을 기울이겠다""면서 ""다음 주부터 초․중․고 등교수업이 예정되어 있는 만큼 더욱 긴장감을 갖고 방역 관리에 만전을 기해주기 바란다""고 당부했다. 한편, 사퇴 논란 후 ""거취를 대통령께 일임하겠다""고 밝힌 신현수 청와대 민정수석은 이날 회의에 모습을 드러내 관심이 집중됐다."
프레시안,2021.02.19.,"이낙연 ""폭넓고·두텁고·신속한 재난지원금 지급 대통령에 건의할 것""",박정연,"선별 지급으로 가닥을 잡은 뒤에도 4차 재난지원금 규모와 지급시기 등을 놓고 당정 조율이 완료되지 못한 가운데, 이낙연 더불어민주당 대표는 19일 ""며칠 내 윤곽이 잡힐 것""이라고 했다. 이 대표는 이날 문재인 대통령과 여당 지도부간 간담회에 앞서 열린 최고위원회의에서 ""지금은 과거 발상을 뛰어넘는 비상한 대응이 필요한 시기""라며 ""방역과 민생경제 회복이 당면 현안이기 때문에 이 문제를 (간담회에서) 중점적으로 논의하게 될 것""이라고 말했다. 그는 ""사각지대를 최소화해서 폭넓게 지원하고, 피해 회복에 실질적 도움이 되도록 두텁게 지원하며, 추가경정예산 처리와 집행이 신속히 이뤄져야 한다""며 ""오늘 그런 내용을 (문 대통령에게) 건의하겠다""고 말했다. 그는 ""당정 협의에 속도를 내겠다""고 덧붙였다. 이어 이 대표는 ""야당은 이번 재난지원금 지급을 선거용이라며 비판하는데, 선거가 가까워지면 국민의 고통을 외면해야 옳다는 것이냐""면서 ""그것이야말로 선거용이 아닌지 야당에 묻고 싶다""고 했다. 이날 문 대통령과의 간담회에는 이 대표와 김태년 원내대표, 김종민·염태영·노웅래·신동근·양향자 최고위원 등이 참석한다. 지난해 8월 전당대회에서 선출된 지도부가 문 대통령과 자리를 함께 하는 것은 이번이 처음이다. 간담회에선 코로나19 확산에 따른 방역 및 백신 등 대응과 2월 임시국회 주요 입법, 4차 재난지원금 등 각종 현안에 대한 논의가 이뤄질 전망이지만, 관심이 쏠린 신현수 청와대 민정수석의 거취 문제나 검찰 인사와 관련된 논의도 오갈지 주목된다."
프레시안,2021.02.14.,"4차 재난지원금 '선별 지급' 가닥…""3월 지급"" 속도전",임경구,"더불어민주당과 정부가 코로나19 대응을 위한 4차 재난지원금 지급 방식으로 소상공인과 자영업자 등 피해 계층에 대한 선별 지원을 우선 추진하기로 가닥을 잡았다. 전 국민을 대상으로 하는 보편 지원은 그 이후 추진키로 했다. 14일 저녁 4차 재난지원금에 소요되는 추가경정예산 편성을 위한 당정협의를 앞두고 이낙연 대표는 기자들과 만나 ""경기 진작용 지원은 코로나 추이를 보며 협의하더라도, 어려운 국민을 위한 맞춤형 지원은 넓고 두텁게 이뤄지도록 정부에 요구할 것""이라고 밝혔다. 경제적 피해자들에 대한 지원 규모를 늘리기 위해 기획재정부가 요청한 '선별 지원' 방식을 수용하되, 경기 진작을 위한 보편적 지원 방식은 추후 추진하겠다는 것이다. 이 대표는 ""3월 내에 4차 재난지원금을 지급할 수 있도록 서두를 것""이라며 이 같이 말했다. 이로써 전 국민 지원 방식과 병행 추진하겠다는 기존 입장에서 한 발 물러나는 대신, 선별 지원의 지급 시기를 3월로 앞당기고 규모를 늘리는 절충안이 가시화될 전망이다. 김태년 원내대표도 기자간담회에서 ""3차 대유행 피해를 신속 지원하기 위해 맞춤형 피해 지원부터 논의하겠다""면서 ""내수진작용 지원은 코로나 진정 상황을 보면서 논의하겠다""고 했다. 그는 ""2월 중에 추경안을 편성해서 3월 초에 국회에서 처리돼서 늦어도 3월 후반기부터는 재난지원금이 지급돼야 한다""고 속도를 강조했다. 그는 ""코로나 3차 대유행 기간이 길어짐으로써 소상공인, 자영업자들의 피해가 크고 고통이 길어지고 있기 때문에, 우선적으로 피해 업종과 취약 계층 지원에 초점을 맞추어야 한다""며 ""최대한 지급 시기를 앞당기겠다는 원칙을 가지고 추진하겠다""고 설명했다. 재난지원금의 실효성을 높이기 위해 지급 대상과 추경 규모를 확대할 계획도 밝혔다. 그는 ""사각지대를 좀 더 촘촘하게 살펴서 최소화하는 방향의 편성을 해야 하기 때문에 3차 재난지원금보다 규모가 더 커져야 한다""고 했다. 또한 ""자영업자와 소상공인 매출 상한이 정해져있는데, 그것을 좀 더 상향해야 할 것""이라고 밝혔다. 이에 따라 소상공인을 규정하는 연 매출과 근로자 수 기준을 완화해 지급 대상을 약 200만 명으로 늘릴 것으로 전망된다. 이어 김 원내대표는 전 국민 재난지원금 지급 방식을 유보한 데 대해선 ""방역 당국이나 민간 전문가들도 코로나 진정세가 빨리 될 것 같지 않다는 예상을 한다""고 했다. 또한 ""소비진작용 재난지원금 지급은 코로나가 진정된 검토를 해야 할 것""이라며 ""시기를 특정하기는 어렵다""고 했다. 김 원내대표는 재난지원금 조달 계획에 대해선 ""현재 편성된 본예산의 지출구조조정을 통해서 일부 확보를 하겠다""면서 ""모자라는 부분은 국채발행 통해서 해결할 수밖에 없을 것 같다""고 덧붙였다."
프레시안,2021.02.10.,"4차 재난지원금 설 이후 속도전…당정, 지급 방식·규모 이견",박정연,"더불어민주당이 10일 4차 재난지원금 지급을 위한 추가경정예산(추경) 편성을 설 이후 본격화하기로 했다. 이낙연 더불어민주당 대표는 이날 최고위원회의에서 ""당·정·청이 전날 4차 재난지원금 협의를 시작해 추경 조기 편성 원칙에 합의했다""며 ""당정청 모두의 입장을 정리해서 설 연휴가 지나면 추경 편성을 속도감 있게 진행할 것""이라고 밝혔다. 김태년 원내대표도 ""당은 4차 재난지원금 논의를 설명절 직후 본격화하겠다""면서 ""4차 재난지원금 편성과 집행 시간을 단축하기 위해 최선을 다하겠다""고 했다. 다만 ""당은 모든 가능성을 열어놓고 정부와 추경을 협의하겠다""고 말해 재난지원금 규모와 지급 방식에 관해선 정부와 입장 조율이 완료되지 않은 상태라는 점을 시사했다. 앞서 당정청은 민주당 홍익표 정책위의장, 김상조 청와대 정책실장, 홍남기 부총리 겸 기획재정부 장관이 참석한 가운데 열린 비공개회의에서 재난지원금 논의를 한 것으로 알려졌다. 홍 의장은 전날 ""당정청이 각자 입장을 정리해, 설 연휴가 지나면 논의를 시작하자고 했다""며 ""경제 상황이 심각하고 코로나도 쉽게 잡히지 않는 상황이 지속해 시급하게 4차 재난지원금을 위한 금년도 1차 추경을 준비하자고 했다""고 했다. 구체적인 추경 규모 등은 아직 합의하지 않은 것으로 전해졌다. 이 대표는 회의가 끝난뒤 기자들과 만나 ""재난지원금 지급 방식·규모·시기는 설 연휴가 지난 뒤 빠른 속도로 협의할 것""이라며 ""민생의 고통을 덜어드리는 일은 서둘러야 하고, 그런 관점으로 논의를 진행할 것""이라고 설명했다. 이 대표는 이어 언론과 포털, SNS와 1인 미디어에 징벌적 손해배상을 적용하는 법안을 2월 임시국회에서 추진하기로 한 것과 관련해 ""우리 당이 추진하는 언론개혁 법안들은 피해자 구제를 위한 미디어 민생법이자 국민의 권리와 명예, 사회의 안정과 신뢰를 보호하는 최소한의 장치""라고 옹호했다. 그는 ""우리 당 미디어·언론 상생 TF에서 가짜뉴스 근절을 위해 추진하는 징벌적 손해배상 대상에 기성 언론사를 포함하기로 했다""며 이같이 말했다. 이 대표는 ""고의적 가짜뉴스와 악의적 허위정보는 피해자와 공동체에 대한 명백한 폭력으로, 표현의 자유로 보호받을 영역이 아니다""라며 ""앞으로 허위 조작 정보를 판단하는 구체적 기준 등을 잘 정리해 가짜뉴스 피해가 더이상 발생하지 않도록 입법에 속도를 내 달라""고 강조했다. 하지만 미디어·언론상생TF 단장인 노웅래 의원은 '가짜뉴스'의 정의는 모호하기 때문에 법적인 근거를 마련해 처벌하는 것은 시간을 두고 논의하겠다는 입장이다. 노 의원은 전날 ""가짜뉴스를 어떻게 정의하느냐는 보는 사람 따라 다를 수 있기에 짧은 시간 내 처리할 수 있는 법이 아니다""라며 ""상당히 숙려기간이 필요하고 국회법 절차에 따라 처리할 것""이라고 강조했다."
프레시안,2021.02.08.,"文대통령 ""재정 감당 범위 내에서""…'재난지원금' 홍남기에 힘싣기",서어리,"문재인 대통령이 4차 재난지원금과 관련해 ""최종적인 책임은 정부에게 있다""면서 ""정부가 책임을 다할 수 있도록 모두가 함께 지혜를 모아주시고, 또 마음을 모아주실 것을 당부드린다""고 말했다. 문 대통령은 8일 청와대에서 열린 수석‧보좌관 회의에서 ""재정이 감당할 수 있는 범위 안에서 과감하게, 실기하지 않고, 충분한 위기 극복 방안을 강구하는 데 최선을 다할 것""이면서 이같이 말했다. 4차 재난지원금 지급 규모와 방식을 둘러싸고 더불어민주당과 정부 재정당국 사이에 이견이 계속되는 가운데 정부에 힘을 실어준 것으로 보인다. 특히 문 대통령은 ""경제부총리를 중심으로 비상경제체제를 가동하며 전례 없는 정책적 수단으로 경제위기에 적극적이고 효과적으로 대처한 결과로 평가한다""고 말했다. 최근 당정 갈등 상황 속에서 민주당으로부터 사퇴론까지 공개적으로 표출된 홍남기 경제부총리의 행보에 굳은 신임을 드러낸 셈이다. 문 대통령은 4차 재난지원금 규모와 방식과 관련해 ""현실적인 여건 속에서 무엇이 최선인지 판단하기란 쉽지 않다""고 직접적인 판단은 유보하면서 ""우리 사회 모두가 지혜를 모으고, 특히 정치권이 정파적 이해를 뛰어넘어 초당적으로 협력해야 할 과제""라고 강조했다. 이 외에 문 대통령은 ""최근 코로나 확산세가 다소 완화되는 가운데 백신 접종이 초읽기에 들어갔고, 국산 치료제도 조건부 허가를 받아 사용에 들어갔지만 완전한 일상 회복의 길은 멀고도 험하기만 하다""며 ""위기 속에서 우리가 잘하고 있는 부분과 어려운 부분을 직시하면서 잘하고 있는 부분은 더 잘하도록 노력하고, 어려운 부분은 현실적인 극복 방안을 찾는 일""이 필요하다고 했다. 그는 ""한국은 위기 속에서 더욱 강한 경제의 면모를 보여주었다""며 ""경제성장률, GDP 규모와 1인당 국민소득, 국가신용등급, 재정건전성 등 주요 거시경제 지표에서 확인되듯이 한국이 국제사회로부터 경제위기를 가장 잘 극복한 나라로 평가받고 있는 것은 누구도 부정할 수 없는 사실""이라고 평가했다. 이어 ""세계적인 신용평가기관 무디스는 국가신용 평가와 기업활동 평가에서 새롭게 중요한 기준이 되고 있는 친환경, 사회적 기여, 지배구조 개선을 나타내는 ESG 국가별 평가에서 한국을 미국, 영국, 일본 등 다른 선진국들보다 높은 1등급의 최고등급으로 평가했다""며 ""‘블룸버그 혁신지수’에서 한국은, 쟁쟁한 나라들을 제치고 가장 높은 점수를 받으며 1위를 기록했다""고 했다. 또 ""<이코노미스트>가 발표한 ‘민주주의 지수’에서 한국은 ‘결함이 있는 민주주의 국가’라는 불명예를 씻고 5년 만에 ‘완전한 민주주의 국가’ 대열에 다시 합류했다""면서 ""이같은 국제사회의 긍정적 평가는 우리 사회가 올바른 방향으로 나아가고 있다는 징표""라고 했다. 문 대통령은 그러면서도 ""방역 대책으로 이토록 오랫동안 자영업자들의 영업을 금지하거나 제한한 적도 없었다. 정부가 네 차례의 추경과 세 차례의 재난지원금 등 전례 없는 확장재정 정책으로 위기에 대응한 적도 없었다""고 했다. 그러면서 ""불평등과 격차를 해소하는 데 더 많은 노력을 기울여야 하겠다""면서 ""정부는 고용위기 극복에 힘을 쏟으면서 어려운 국민들을 위한 피해지원책을 다각도로 강구하겠다""고 했다."
프레시안,2021.02.08.,"김종인 ""선거자금 아닌 생계자금 29조 가능""...재난지원금에 '맞불'",곽재훈,"정부·여당이 4차 재난지원금 논의를 본격화하자 국민의힘도 적극성을 보이고 있다. 4.7 재보선을 앞두고 민심 잡기에서 밀리지 않겠다는 의도로 풀이된다. 김종인 국민의힘 비상대책위원장은 8일 당 비대위 회의에서 ""코로나 방역 장기화로 제대로 장사를 못 하면서 자영업자들이 빚내고, '투잡' 알바를 하며 버텼지만 감당하기 힘든 수준을 넘어선 지 오래""라며 ""코로나보다 생활고로 죽는 사람이 더 많다는 얘기까지 나온다""고 재난지원금 지급의 정당성을 강조했다. 김 비대위원장은 ""방역이 국민 살리는 방역이 돼야 하는데 (정부는) 숫자에 집착해 생존권을 위협하고 있다""며 ""최근 영업제한 시간을 8분 초과했다고 2주간 영업정지 처분을 했다고 한다""는 사례를 들었다. 김 위원장은 특히 ""영업제한을 하는경우 정상적 정부였다면 손실보상 계획부터 수립했어야 한다""며 ""독일·영국·일본은 (이렇게) 하고 있으나 우리 정부는 생존권을 마음대로 침해하면서 수준 이하의 찔끔찔끔 지원만 하며 단속만 강력히 하고 있다""고 비판했다. 김 위원장은 이어 4차 재난지원금과 관련해 3가지 제안을 정부·여당에 건넸다. 그는 먼저 ""재난지원금은 누구나 나눠주는 선거자금이 아니라 재난을 당한 사람의 생계자금이 돼야 한다""며 ""영세사업자부터 피해 규모에 따라 선별적으로 차등 지원하기 바란다""고 했다. 그는 ""(코로나 사태 이후) 소득 상위 20% 가구는 소득이 2.9% 증가하고, 하위 20% 가구는 1.1% 감소했다""고 근거를 댔다. 김 위원장은 ""둘째, 본예산 지출조정을 통해 재원을 마련해야 한다""고 주장했다. 그는 ""작년 4차례 추경으로 국가 부채가 불어난 만큼, 빚낼 궁리부터 하지 말고 허리띠 졸라맬 생각부터 하라""며 ""올해 예산 558조 원 중 재량지출은 292조 원으로, 이중 10%를 절감할 경우 국채 발행을 최소화하면서도 29조 원 재원 확보가 가능하다""고 제안했다. 여권에서 논의되는 '선별+보편 지원' 안의 경우 예상 재원이 20조 원 안팎이다. 그는 ""셋째, 생존 지원 사각지대를 최소화해야한다""면서 ""이미 폐업한 사업자는 물론, 소득이 크게 줄거나 실직한 근로소득자도 빈틈없이 지원해야 한다. 선거나 정권 지지율만 생각하는 보여주기식 재난지원은 중단해야 한다""고 주장했다. 한편 이날 비대위 회의에서 주호영 국민의힘 원내대표는 전날 박범계 신임 법무장관이 단행한 검찰 인사를 놓고 ""윤석열 검찰총장은 '문재인 정부 검찰총장'이 아니었다""고 꼬집었다. 전날 법무부는 이성윤 서울중앙지검장을 유임하고, 심재철 법무부 검찰국장을 서울남부지검장으로 발령내면서 그 후임으로 이정수 남부지검장을 임명하는 등의 내용으로 검사장급 인사를 단행했다. 윤 총장은 이성윤 지검장 교체를 강력히 주장했던 것으로 알려졌다. 주 원내대표는 ""어제 전격 발표된 인사 결과는 윤 총장은 문재인 정부의 검찰총장이 아니란 점을 다시한번 전 국민에게 확인시켰다""며 ""(신년기자회견에서) 대통령이 거짓말을 했든지, 박 장관이 대통령 뜻에 반하는 인사를 했든지 둘 중 하나""라고 비꼬았다. 주 원내대표는 ""이 정권은 윤 총장을 둘러싼 위선을 던져버리고, 있는 그대로의 적나라한 모습을 드러내고 있다""며 ""법무부·검찰이 얼마나 더 망가지고 정권에 장악돼야 하는지 통탄할 뿐""이라고 말했다."
프레시안,2021.02.03.,"권칠승 ""재난지원금-손실보상제 투트랙 필요""",박정연,"권칠승 중소벤처기업부 장관 후보자는 코로나19로 피해를 본 소상공인들에게 손실보상을 법제화하고 재난지원금을 지급하는 '투 트랙' 방식이 추진 돼야 한다는 입장을 밝혔다. 권 후보자는 3일 국회 인사청문회에서 ""손실보상 법제화로 실제 (소상공인들에게 보상금이) 지급될 때까지는 상당한 기간이 걸릴 것이기 때문에 재난지원금과 함께 투 트랙으로 해야 한다""고 말했다. 권 후보자는 재난지원금 지급 방식에 대해 ""사회적 합의가 되는 경우에는 '타깃'에 지원을 집중하는 것이 맞을 것 같다""며 선별 지원에 무게를 두면서도, 맞춤형 지원과 전국민 보편지원을 동시에 추진하는 이낙연 민주당 대표의 의견에 대해서 ""기본적으로 동의한다""고 밝혔다. 손실보상 소급 적용에 대해 권 후보자는 ""법제화가 되지 않으면 실행이 불가능하다""며 ""중기부 장관이 되면 명분이나 절차보다는 소상공인과 자영업자에게 실질적인 도움을 줄 수 있는 내용을 주장하도록 하겠다""고 말했다. 손실보상 법제화 시 예상 추산비용에 대해서는 ""손실보상 계산 방식이 너무나 다양할 것 같다""며 ""답변드리기 어렵다""고 구체적인 답변을 피했다. 재난지원금 재원 마련을 위해 정부가 적자국채를 발행하고 한국은행이 인수하는 방안이 거론되는 것에 대해서는 ""미국의 급여보호프로그램과 비슷한 것인데 한번 생각해 볼 필요는 있다고 본다""면서도 ""아직 동의할 수 있을 정도로 연구가 된 건 아니""라고 말했다. 윤영석 국민의힘 의원은 ""지원금의 규모도 중요하지만 재정안정성도 고려해야 하는데 코로나19가 장기화되면 재정의 부담이 커질 수 있다""고 지적하자, 권 후보자는 ""만일 (손실보상제를) 한다면 합리적인 기준을 마련할 곳은 국회 뿐""이라고 입법부의 역할을 강조했다. ▲ 권칠승 중소벤처기업부 장관 후보자가 3일 오전 국회 산업통상자원중소벤처기업위원회에서 열린 인사청문회에 출석.답변하고 있다. ⓒ연합뉴스"
프레시안,2021.02.03.,"국민의힘, 4차 재난지원금 ""대통령 말처럼 하면 협조""",곽재훈,"국민의힘은 최근 정부·여당이 적극성을 보이고 있는 4차 재난지원금 추진 방안에 대해 '재정 건전성 범위 내'라는 조건을 들어 ""협조하겠다""고 밝혔다. 코로나19 손실보상제에 대해서는 여야정-당사자 간 협의체를 구성해 보상안을 논의하고, 차후 법제화도 적극 추진하자고 제안했다. 주호영 국민의힘 원내대표는 2일 국회 교섭단체 대표 연설에서 ""3차 재난지원금 지급이 채 끝나지도 않은 상황에서 4차 재난지원금 지급 논의가 시작됐다""고 비판적 태도를 시사하면서도 ""지난 세 차례에 걸친 재난지원금 지급의 효과를 제대로 점검한 다음에, '재정이 감당할 수 있는 일정 범위'라는 대통령 말씀처럼 한다면 우리 국민의힘도 적극 협조하겠다""고 말했다. 주 원내대표는 이른바 '코로나 손실보상제'에 대해서는 ""K방역 행정명령에 따른 소상공인·자영업자의 강요된 손실을 개개인들에게 전적으로 감당하라고 하는 것은 부당하다""면서 원칙적 찬성 입장임을 강조했다. 특히 ""이번 국회 국민의힘 1호 법안은 '코로나 위기 탈출을 위한 민생 지원법'이었다""거나 ""코로나 손실보상은 국민의힘이 이미 지난해부터 요구해온 사항""이라고 하는 등 '원조'를 자부하며 ""국민의힘이 요구할 때는 무시하던 정부·여당이 이제야 태도를 바꾸어 입법을 서두르겠다고 하니 만시지탄""이라고도 했다. 주 원내대표는 다만 ""정교하고 형평에 맞는 보상이 필요하다""며 ""손실보상, 재난지원마저 선거용으로 이용하려는 정권의 포퓰리즘을 불식시키고 소상공인·자영업자를 비롯한 취약계층에 더 많은 혜택이 돌아갈 수 있도록 제도를 완비해 나갈 것""이라고 정부·여당안에 부정적 태도를 보였다. 그는 ""대상과 범위, 기준을 놓고 정부·여당은 여전히 갈피를 잡지 못하고 있지만, 국민의힘은 정부의 행정규제에 따른 '손실'에 대해 분명하고 정확하게 보상해 드릴 수 있도록 정교한 법제화에 나서겠다""면서 ""정치적으로 소모적인 논쟁을 피하고, 고통받는 피해 당사자들에게 신속하고 실질적인 지원이 이뤄질 수 있도록 '여야정 당사자간 협의체' 구성을 제안한다""고 밝혔다. 또 ""손실보상, 재난지원금 외에도 정부의 제한조치로 생존의 위협을 받고 있는 자영업자·소상공인들에게 긴급생존자금 지원을 추진하겠다""며 △ ""전기요금 등 각종 공과금에 대해 3개월 면제조치를 취하도록"" 하고 △ ""코로나와 한파로 이중 고통을 겪고 있는 전국 농어촌에 '고향 살리기 긴급자금'을 투입""하며 △ ""사각지대로 남아 있는 플랫폼노동 종사자, 특수고용직 종사자들에 대해서도 현실에 맞는 지원 방안을 강구해 가겠다""고 제안했다. 그는 ""코로나 위기를 극복하는 노력과 병행해 코로나 이후 대한민국의 미래 전략을 마련하기 위한 국회 '포스트 코로나 특위' 설치를 제안한다""고 밝혔다. 백신, 부동산, 법관탄핵 등 與에 전방위 비판…""4.7 보선에서 정권 심판해달라"" 경제·사회정책 전반에 걸쳐 정부를 비판하며 4.7 보궐선거 지지를 호소하는 내용도 이날 주 원내대표의 국회 연설에 담겼다. 그는 ""길고 긴 코로나 재난을 종식시킬 수 있는 '게임체인저'는 백신""이라며 ""백신이 민생이고 경제""라고 강조하고 ""정부는 지난해 K방역 자화자찬에 도취한 나머지 백신 조기 확보에 실패했다""고 비판했다. 그는 ""뒤늦게 백신 구입에 나선 결과, 올 2월에야 필수대상인 의료진 접종을 시작하게 됐다. 집단면역은 11월이나 돼야 형성된다고 한다""며 ""백신 확보 과정에서 보여준 문재인 정권의 무능과 안일함이 앞으로 있을 백신 접종에서도 되풀이되지 않을까 걱정""이라고 했다. 여권에서 '문재인 보유국' 등 문재인 대통령에 대한 칭송이 나오는 데 빗대 그는 ""K방역이 성공 모델이라면 그 공은 온전히 우리 국민들의 몫""이라며 ""대한민국은 진정 '위대한 국민 보유국'""이라고 맞받았다. 여당이 추진하고 있는 법관 탄핵 문제에 대해서는 ""판사라도 큰 잘못을 저지르면 탄핵을 받아야 하는 것은 당연하지만, 삼권분립의 한 축인 법관을 탄핵으로 파면하려면 엄정한 탄핵의 절차를 따라야 한다""면서 ""재판에서 무죄를 받은 판사를 탄핵 요건 확인이나 본인 변소(辯訴)조차 듣지 않은 채 곧바로 탄핵 결정을 한다는 것은 탄핵 제도의 남용이자 법관 전체에 대한 겁박""이라고 비판했다. 검찰개혁과 관련, 그는 ""윤석열 검찰총장이 정말 불법으로 검찰 공화국을 만들고 민주주의를 파괴하려는 사람이라면 지금이라도 그를 반드시 쫓아내야 하는 것 아니냐""고 꼬집으며 ""그게 아니라면 청와대와 민주당은 국민들에게 엄중히 사과해야 할 것""이라고 헀다. 검찰을 향해서도 ""다시 업무에 복귀한 윤석열 검찰총장은 살아 있는 권력에 대한 수사를 주저 없이 진행해야 한다""며 울산시장 선거개입 의혹사건, 월성 1호기 조기폐쇄 관련 의혹사건, 김학의 전 법무차관 불법 출국금지 의혹사건 등에 대해 신속한 수사를 촉구했다. 부동산 문제에 대해서는 주택가격 상승 문제를 지적하고 ""공급 확대""와 세금 인하를 주장하는 기존 입장을 되풀이했다. 특히 "" 양도소득세를 내리겠다"", ""주택 실수요자 세 부담을 완화하겠다"", ""생애 첫 주택구입자에 대한 취등록세를 인하하겠다"", ""종부세·재산세율 인하"", ""종합적인 세 부담 완화"", ""공시가격 현실화 방침으로 세금 폭탄이 예상된다"", ""공시가격의 급격한 인상을 막아 국민 부담을 줄이겠다"" 등등 부동산 세금 완화를 집요하게 주장했다. 최근 야당이 집중 공세를 펴고 있는 '북한 지역 핵발전소 건설 추진' 의혹도 언급됐다. 주 원내대표는 ""막무가내로 원전(핵발전소) 폐쇄를 몰아붙이던 때였음에도 불구하고 산업부가 독자적으로 북한 원전 건설 계획을 검토했다는 해명이 도저히 납득되지 않는다""면서 ""이 커다란 의혹에 대해서 문 대통령은 제대로 된 설명을 내놓지는 않고 '구시대 유물 같은 정치'라며 오히려 역공을 취하고 있고, 집권세력이 야당을 향해 일제히 '색깔론', '북풍몰이' 같은 막말을 쏟아내고 있다""고 주장했다. 그는 ""대선을 불과 두 달 앞둔 2007년 10월 남북정상회담을 추진했던 정상회담 추진위원장이 누구였느냐? 2018년 지방선거를 불과 하루 앞두고 싱가포르에서 트럼프-김정은 정상회담 쇼를 주선했던 사람은 누구이냐""고 하는 등 문 대통령을 겨냥하며 ""바로 이런 게 북풍공작 아니냐""고 주장했다. 그는 ""남북교류협력법에 따르면 문 대통령이 김정은에게 전달한 USB는 통일부 장관의 승인을 받아야만 하고 통일부는 그 내용을 보관하고 있어야 한다""며 ""문 대통령이 이런 법적 절차를 거쳤는지부터 확인해 달라""고 공세를 폈다. 주 원내대표는 그러면서 ""4월 7일에 있을 서울시장과 부산시장 선거는 문재인 정권에 대한 단호한 심판의 무대가 되어야 한다""고 강조했다. 그는 ""더욱이 이번 선거는 민주당 출신 단체장들의 성범죄 때문에 치러지는 선거""라며 ""민주당은 '스스로에게 귀책사유가 있는 선거에는 후보를 내지 않겠다'고 국민 앞에서 한 약속을 헌신짝처럼 버리고 언제 그랬냐는 듯 후보를 내겠다고 한다""고 했다. 그는 ""권력은 국민들이 잠시라도 눈을 떼는 순간 오만해지기 마련이다. 정의로운 서울·부산시민들께서 민주당의 파렴치와 오만을 반드시 심판해 달라""고 호소했다. 그는 한편 ""민주당에 간곡히 요청한다""며 ""압도적 다수 의석을 가진 민주당이 이번에는 제대로 역할을 해 더 이상 불행한 대통령이 나오지 않도록, 권력이 살아있을 때 건강한 긴장관계를 만들어 달라""고 말해 눈길을 끌기도 했다. 그는 ""대통령들의 실패가 예외 없이 되풀이되고 있는 원인은, 대통령이 헌법과 법률이 허용하는 것보다 더 많은 권력을 행사하려 하고 이를 견제하는 힘이 제대로 작동되지 않기 때문""이라며 ""대통령의 권한 남용에 대해 지적하거나 비판할 때마다 친위세력들이 득달같이 달려들어 결사 옹위하는 것도 대통령을 법 위에 군림하는 존재로 만들고 있다""고 지적하면서 이같이 말했다."
프레시안,2021.02.02.,"이낙연 ""4차 재난지원금 준비…나라 곳간 풀어야""",박정연,"이낙연 더불어민주당 대표는 ""늦지 않게, 충분한 규모의 추가경정예산을 편성해 4차 재난지원금을 준비하겠다""며 ""추경 편성에서는 맞춤형 지원과 전국민 지원을 함께 협의하겠다""고 말했다. 이 대표는 이날 오전 국회 본회의 교섭단체 대표연설에서 ""방역 조치로 벼랑에 몰린 취약계층과 피해계층은 두텁게 돕겠다""며 이같이 밝혔다. 4차 재난지원금 지급 시기에 대해서는 ""경기 진작을 위한 전국민 지원은 코로나 추이를 살피며 지급 시기를 결정하겠다""며 ""적절한 단계에서 야당과도 협의하겠다""고 했다. 문재인 대통령도 전날 수석·보좌관회의에서 ""정부의 방역 조치로 발생하는 손실을 보상할 수 있는 제도적 방안 마련과 함께, 그때까지 발생하는 피해에 대한 지원 대책도 강구하지 않을 수 없다""고 손실보상제와 4차 재난지원금 지급에 힘을 실어준 만큼, 국회에서도 관련 논의가 속도를 낼 것으로 전망된다. 이 대표는 ""국가 채무 증가가 전례 없이 가파른 것은 사실이나 나라 곳간을 적절히 풀어야 할 때가 있다""며 ""풀 때는 풀어야 다시 채울 수 있다""고 했다. 이 대표는 코로나19로 인한 양극화를 해소하기 위한 정책으로 '상생연대 3법'에 포함된 △영업제한 손실보상제 △협력이익공유제 △사회연대기금을 강조했다. 이 대표는 ""고소득층의 소득과 자산은 날로 불어나는데 서민과 중산층의 소득과 일자리는 위태롭다""며 ""코로나 상처의 치유에는 재정이 중심적 역할을 해야 하지만 민간의 상부상조가 필요하다""고 밝혔다. 이어 ""세제 지원을 포함한 인센티브 강화와 ESG를 활용, 환경과 사회를 위한 기업의 노력에 보상하자는 것""이라고 설명했다. 또, 그는 부동산 정책에 대해 ""정부와 여당은 여러 대책을 강구했지만 아직까지 성공하지 못했다""며 고개를 숙였다. 이어 ""시장에 유동자금은 넘치고, 저금리는 계속되고 있다""며 ""그래도 부동산 투기를 계속 억제하겠다. 실수요자는 더 튼튼히 보호하겠다""고 강조했다. ▲더불어민주당 이낙연 대표가 2일 국회 본회의에서 교섭단체 대표연설을 하고 있다. ⓒ연합뉴스 ""거짓을 토대로 대통령께 묵과할 수 없는 공격가한 야당… 책임 져야 마땅"" '북한 원전 건설 추진' 논란과 관련해서 이 대표는 ""제1야당 지도자들이 넘어서는 안 되는 선을 넘었다""며 ""야당은 완벽하게 잘못 짚었고 묵과할 수 없는 공격을 대통령에게 가했다""고 국민의힘 지도부를 겨냥했다. 이어 문 대통령이 '이적행위'를 했다고 주장한 김종인 국민의힘 비대위원장을 향해 ""거짓을 토대로 대통령을 향해 '이적행위'라고까지 공격했으면 무거운 책임을 지는 것이 당연하다""며 ""야당은 거짓주장에 대해 책임을 져야 마땅하다""고 말했다. 그는 ""2018년 남북정상회담이 잇따라 열린 시기에 저는 국무총리로 일했다. 국가정보원은 남북관계나 북한의 중요정보를 저에게 보고했다""며 ""제가 기억하는 한, 남북정상회담에서 북한 원전은 거론되지 않았다. 대통령이 김정은 위원장에게 전달한 USB에도 원전에 관한 언급은 전혀 없었다""고 강조했다. 이어 ""그 무렵 주례회동에서 대통령은 저에게 특별히 지시했다""며 ""남북정상회담 관련 조치 등에서 유관 부처들이 과속하지 않도록 해달라는 지시였다""고 말했다. 정부 부처들이 남북한의 화해무드에 섣부른 정책을 제시하지 않도록 조정을 지시했다는 것이다. 이 대표는 ""민족의 문제마저 정쟁의 대상으로 악용하는 것은 무책임하다""며 ""민족의 문제에 대해서까지 거짓을 서슴없이 말하고, 거짓을 토대로 대통령을 공격하는 것은 국내외적으로 정치의 신뢰를 손상하며 국기를 흔드는 위험한 일""이라고 비판했다. 그러면서 ""정치를 더는 후퇴시키지 말자""며 ""선거만 닥치면 색깔공세를 일삼는 절망의 수렁에서 벗어나자. 낡은 북풍공작으로 국민을 현혹하려 하는 국민 모독을 끝내자""고 말했다."
프레시안,2021.01.07.,"김종인 ""갑자기 4차 재난지원금? 코로나 양극화 판단해야""",박정연,"김종인 국민의힘 비상대책위원장은 3차 재난지원금을 아직 지급하지 않았는데도 여당에서 4차 재난지원금 지급을 거론한다며 ""과연 국민들이 믿고 안심할 수 있는 정부의 행태인지 회의를 갖지 않을 수 없다""고 부정적인 의사를 밝혔다. 김 위원장은 7일 비대위 회의에서 ""(3차 재난지원금으로) 11일부터 이제 약 9조 원의 예산이 투입된다고 하는데, 어떻게 된 건지 최근에 여당은 갑작스레 4차 재난지원금 문제를 거론한다""며 이같이 밝혔다. 그는 ""지난 가을부터 코로나 사태가 심각해질 것이라고 전문기관들이 사전 경고를 했음에도 정부는 안이한 태도를 취하며 백신 구입도 사전적 대처를 제대로 못 하고, 다른 나라에서 백신 접종이 시작된다는 이야기를 듣고 그제야 거론하는 모습을 보인다. 생계 위협을 느끼는 자영업자들은 참다못해 시위하는 모습까지 보이고 있다""고 우려했다. 이어 ""대통령에게 궁금하다. 코로나 사태로 인해 우리나라 양극화 문제가 보다 더 심각한 상황으로 전개되는데, 이 상황을 좀 엄중히 판단해서 사회가 격랑 속에 빠져들지 않도록 사전적으로 대처해주실 것을 부탁한다""고 촉구했다. 앞서 여권 인사들이 군불을 떼온 4차 재난지원금 문제에 대해, 더불어민주당은 지급의 필요성을 공식화했다. 허영 대변인은 ""전국민 재난지원금은 위로를 넘어선 생존의 문제""라며 ""코로나19 사태가 진정 국면으로 들어서면 민생 회복, 소비 회복, 경제 회복을 위해 전 국민 재난지원금 지급이 필요할 수 있다""고 밝혔다. 민주당 지도부도 4차 재난지원금의 필요성을 피력하고 있다. 최고위원인 김종민 의원은 MBC 라디오 <김종배의 시선집중>에 출연해 ""(4차 재난지원금은) 피해계층에 대한 맞춤형 지원보다 전체적 경기 진작을 위한 전국민 지원이 될 가능성이 높다""며 ""방역 상황과 연동돼 있다. 어느 정도 방역이 해결돼 이제 경기를 진작할 상황이 됐다는 판단이 들어야 돈을 풀어 경기 진작을 하는 것""이라고 말했다. 양향자 민주당 최고위원 역시 이날 CBS라디오 <김현정의 뉴스쇼>에 출연해 ""(4차 재난지원금은) 지난 1년간 코로나 가시밭길, 정부를 믿고 따라주신 국민에 대한 보답 차원에서 재난지원금이 아닌 위로금""이라며 ""코로나로 일상을 잃은 국민께 지금 이 시점에서 위로와 희망이 필요하다는 판단에서 (첫 최고위원회의에서) 제안했다""고 밝혔다."
프레시안,2021.01.06.,"유승민 ""전국민 재난지원금? 악성 포퓰리즘, 국민 세금으로 매표행위""",박정연,"유승민 전 의원이 여당에서 제기하는 전 국민 재난지원금에 대해 ""국민의 세금으로 매표행위를 하는 악성 포퓰리즘일 뿐""이라며 강하게 비판했다. 유 전 의원은 6일 자신의 페이스북에서 ""서울, 부산 시장 재보궐선거가 다가오자 또 악성 포퓰리즘이 고개를 내밀고 있다""며 ""민주당 대표, 경기도 지사, 그리고 국무총리까지 나서서 전 국민에게 재난지원금을 주자고 주장하고 있다""고 밝혔다. 그는 ""공정하지도 정의롭지도 않고 경제정책으로서도 소비진작효과가 낮은 열등한 정책""이라고 지적했다. 유 전 의원은 ""고소득층에게 줄 100만원을 저소득층 가족에게 보태줘서 100만원을 두 번 줄 수 있다면 그게 더 공정하고 정의로운 것""이라며 ""단순히 1/n의 산술적 평등은 결코 공정과 정의가 아니다""고 했다. 그러면서 ""정의롭지도 못하고 경제정책으로서 효과도 낙제점인 전 국민 재난지원금이 또 다시 거론되는 이유는 선거를 앞두고 국민세금으로 매표행위를 하려는 정치꾼들의 악성 포퓰리즘 때문""이라고 비판했다. 유 전 의원은 ""민주당이 전 국민에게 1억원씩 뿌리겠다는 국가혁명배당금당을 닮아가는 것""이라며 ""민주공화국의 깨어있는 시민들, 비르투(virtu, 시민의 덕성)를 갖춘 시민들이 막아야 한다""고 말했다. 이어 ""현명한 국민들께서 문재인 정권의 정치 사기행위를 물리칠 것""이라며 ""전국민이 아니라 국가의 도움이 절실하게 필요한 분들에게 두 배, 세 배를 드려서 절망에 빠진 자영업자, 소상공인, 실업자들이 희망을 갖도록 해드리자""고 밝혔다. 한편, 최인호 더불어민주당 수석대변인은 이날 아침 최고위원회의 이후 기자들과 만난 자리에서 4차 재난지원금에 대해 ""오늘 논의는 없었지만, 당내 분위기가 코로나19 대응에 대해 공감대가 확산하는 게 사실이다. 상임위나 정책위 차원에서 깊은 논의가 있을 것""이라고 말했다. 그러면서 ""일부에서 코로나19 대책 논의를 선거와 연결해 바라보는 것은 바람직하지 않다""고 반박했다."
프레시안,2021.01.06.,"민주당 ""재난지원금, 전국민 지급 필요할 수 있다""",곽재훈,"더불어민주당이 전 국민을 대상으로 한 이른바 '재난지원금 보편 지급' 문제에 대해 당 대변인 공식 논평을 통해 뚜렷한 입장을 밝혔다. 앞서 이낙연 민주당 대표 등 여권 지도자들이 개인의 정치적 견해임을 전제로 '검토할 수 있다'는 입장을 밝힌 데에서 한 발 더 나아간 것으로 보인다. 민주당 허영 대변인은 6일 ""전 국민 재난지원금은 위로를 넘어선 생존의 문제""라며 최근 확진자 감소세를 언급하고는 ""(아직) 안심할 수 있는 단계는 아니지만 코로나19 사태가 진정 국면으로 들어서면 민생 회복, 소비 회복, 경제 회복을 위해 전 국민 재난지원금 지급이 필요할 수 있다""고 했다. 허 대변인은 ""국가적 재난을 피할 수 있는 국민은 없다. 그 무게와 깊이도 다르다""면서 ""선별적 지원과 보편적 지원이 병행될 수밖에 없는 불가피한 상황""이라고 강조했다. 허 대변인은 전 국민 재난지원금 지급 가능성 검토에 대해 야당이 재정 건전성과 보궐선거 영향 등을 우려해 비판하고 있는 것과 관련 ""국민이 살아야 재정건전성도 있는 것""이라고 반박하고는 ""지원금 지급은 타이밍이 중요하다. 그렇기 때문에 지금부터 적정성 여부를 검토하자는 것""이라고 했다. 앞서 이낙연 민주당 대표는 지난 3일 한국방송(KBS) <뉴스9>와의 인터뷰에서 ""코로나가 쉽게 잡히지 않고 장기화될 경우에는 늦지 않은 시점에 또 한 번의 추경을 편성해서 (선별적) 지원금을 드릴 용의가 있다. 그것을 검토하겠다""며 ""그리고 또 하나는, 코로나가 진정된다면 경기 진작을 위해서라도 전 국민께 지원금을 드리는 것을 검토할 수도 있다""고 말했었다. 이 대표는 그 배경에 대해 ""코로나가 한참 퍼지고 있는데 '소비하십시오' 그러면 자칫 방역에 나쁜 영향을 줄 수 있다. 그래서 코로나가 진정되고 경기를 진작해야 된다고 할 때에는 전 국민 지원 방안도 검토할 수 있다고 생각한다""고 했다. 정세균 국무총리는 4일 문화방송(MBC) <100분 토론>에서 ""재난지원금의 경우에는 가능하면 차등 지원을 하는 게 옳다. 피해가 더 큰 업종이나 자영업자에게 더 많은 지원을 하는 게 옳다""면서도 ""그렇지만 앞으로의 경제 진행 상황이나 코로나 상황(을 고려하면) 월급 생활자 등 피해를 본 국민이 굉장히 많다. 그런 부분에 대해 잘 봐가면서 꼭 필요한 정책을 개발하고 실행하면 될 것""이라고 여지를 뒀다. 정 총리는 ""선별적 지원을 통해 피해가 많은 분들에게 지원하는 재난지원금과는 별도로, 경기가 좀 진작돼야 하지 않겠나""라며 ""앞으로 필요하면 경기 진작을 위한 예산 집행도 있어야 될 것""이라고 부연해 눈길을 끌었다. 여당 내에서 일관되고 지속적으로 보편 지급을 주장해온 이재명 경기도지사는 전날 SNS에 쓴 글에서 ""정 총리에 이어 이 대표께서도 재난지원금 보편 지급을 말씀하신 데 대해 환영과 감사를 드린다""며 ""최악의 경제위기를 돌파하기 위해선 지역화폐를 통한 전 국민 보편지급이 꼭 이뤄져야 한다""고 재강조했다. 국민의힘 등 야당은 ""선거 승리를 위해서라면 물불을 가리지 않는 정부여당의 전략""(전날, 국민의힘 이종배 정책위의장)이라고 하는 등 보편 지급 주장이 4월 보궐선거를 염두에 둔 게 아닌지 의심하고 있다. 정부 재정당국은 여당의 '보편 지급 검토' 주장에 대해 말을 아꼈다. 김용범 기획재정부 제1차관은 이날 경제중대본 회의 후 관련 질문을 받고는 ""정부가 언급하기엔 이른 시점""이라며 ""지금으로선 방역의 고삐를 조이고 이번에 마련한 9조3000억 원 규모의 맞춤형 지원대책을 신속히 집행하는 것이 최우선 과제""라고만 했다."
프레시안,2021.01.05.,"이재명, 편지 정치 ""전 국민 대상 4차 재난지원금 지급 필요""",이명선,"이재명 경기도지사가 코로나19 장기화에 따른 경제 위기를 우려하며 전 국민을 대상으로 하는 4차 재난지원금 지급을 촉구했다. 이 지시는 지난 4일 국회의원들과 기획재정부 장관 앞으로 편지를 보내 코로나19 3차 대유행으로 강도 높은 사회적 거리두기가 장기화되면서 지역 경제가 급격히 붕괴되고 있다며 ""1차 재난지원금 지급을 통해 경제효과가 증명된 지역화폐로 전 국민에게 보편지급하는 4차 재난지원금 실행을 해주시기 바란다""고 전했다. 그러면서 ""그렇게 해도(전 국민을 대상으로 해도) 재정적으로 아무런 문제가 없다는 점을 말씀드리며, 이를 통해 구조적 저성장, 코로나19 위기 극복, 양극화 완화 등을 통한 경제 활성화를 이뤄나갈 수 있을 것""이라고 덧붙였다. 이 지사는 이 같은 내용의 편지를 자신의 페이스북에 공개하기에 앞서 4차 전 국민 재난지원금 지급과 관련한 정세균 국무총리의 인터뷰 기사를 올리며 ""(정 총리의) ""재난지원금 전 국민 지급"" 말씀에 공감""한다고 밝혔다. 정 총리는 지난 3일 가진 <동아일보>와의 신년 인터뷰에서 ""필요하면 (전 국민 지급)해야 한다""면서 ""재정건전성보다 중요한 게 민생이다. 국민이 살아야 재정건전성도 있는 것 아닌가. 필요하면 민생 안정을 위해 정부가 나서야 한다는 생각을 가지고 있다""고 말했다. ""美 바이든도 확장재정 '바이드노믹스' 예고"" 이 지사는 편지에서 전 세계가 코로나19 장기화에 따른 경제 위기를 우려하고 있다며 선진국들이 앞다퉈 확장재정 정책을 시행하고 있다고 했다. 그는 ""코로나19가 완전히 종식되지 않는 한 이번 위기가 마지막이 아닐 수도 있다. 때를 놓친다면 돌이킬 수 없을 만큼 나라 경제가 망가질 것이란 우려가 크다""면서 ""이는 전 세계의 공통된 우려 사항으로, 국제통화기금(IMF)은 코로나19로 인한 경제위기 극복을 위해 정부의 적극적인 재정정책을 주문하고 있다. 코로나19로 인해 국민소득이 급격하게 감소하였기 때문에 정부의 재정지출이 국민소득에 미치는 영향이 향후 2년간 최대치에 이를 것으로, IMF는 그 이유를 제시하고 있다""고 했다. 이어 ""새롭게 출범하는 미국의 바이든 행정부도 이른바 '바이드노믹스'라 불리는 확장재정을 예고하고 있다""면서 ""작년 말 이미 의회를 통과한 8920억 달러(약 978조 원) 규모의 경기부양 예산을 '착수금'에 불과하다고 표현하면서, 앞으로 4년간 4조 달러(약 4386조 원) 이상의 재정지출을 계획하고 있다""고 전했다. ""EU 역시 7500억 유로(약 1022조 원)의 경제회복기금을 마련하여 개별 국가들을 지원할 계획을 가지고 있을 정도로 전 세계 각국은 경제회복을 위하여 정부 지출을 급격하게 확대하고 있다""고도 했다. 그러면서 ""코로나19로 침체된 경기를 회복시킬 수 있는 가장 효과적인 방법이 '확장재정정책'임을 국제경제기구와 선진국들이 앞다퉈 선언하고 있는 것""이라고 강조했다. 이 지사는 그러나 ""선진국들이라고 해서 재정 여력이 충분하여 적극적인 재정정책을 운용하는 것은 아니""라고 했다. 그는 경제협력개발기구(OECD)가 2020년 12월 20일 발표한 경제전망 보고서를 인용해 ""주요 선진국의 국내총생산(GDP) 대비 일반재정수지(General Government Budget Balance) 적자 규모는 영국(16.7%), 미국(15.4%), 스페인(11.7%), 이탈리아(10.7%), 일본(10.5%) 등으로 대부분 10%를 초과할 것으로 전망된다""면서 ""그에 비해 한국은 불과 4.2%로 42개국 중에서도 노르웨이(1.3%), 덴마크(3.9%), 스웨덴(4.0%)에 이어 4번째로 작다. 상대적으로 보면 오히려 매우 소극적인 재정정책을 펼쳤다고 볼 수 있다""고 했다. 그는 또 ""IMF의 추정에 따르면 공공투자(public investment)를 10조 원 늘리면 GDP가 27조 원 늘고 100조 원의 민간투자(private investment) 증가를 기대할 수 있""지만, ""우리나라는 국가채무비율이 약 44%로서 OECD 평균치 약 120%의 3분의 1에 불과하여 재정 여력이 충분함에도 불구하고, 코로나19로 어려웠던 2020년 GDP 대비 재정적자 규모가 4.2%로 선진국의 절반 수준에도 미치지 못했다""고 꼬집었다. 그러면서 ""정부의 역할이 절실하게 필요하였던 시점에 공공투자가 현격하게 부족하다는 것이 국제 경제기구와 세계 경제석학들의 분석""이라고 덧붙였다. ""특히 소득재분배의 핵심적 역할을 하는 공적이전소득 정책은 분발이 필요하다""면서 ""2018년 기준 GDP 대비 이전소득 비율이 우리는 11.1%로 OECD 평균(20.1%)의 절반인 최하위였""으며 ""그 결과, 국가채무비율도 OECD 평균(81.6%)의 절반 이하인 최하위(35.9%)를 달성할 수 있었으나, 가계부채비율은 OECD 평균(125.8%)보다 무려 58.4%p가 높은 184.2%로 최상위""라고 지적했다. ""즉, 외국과 달리 우리나라는 가계 지원을 아낀 결과 국가부채비율은 불필요할 정도로 낮은 반면 가계는 최악의 빚을 지고 있다""는 것. 이 지사는 가계부채 증가의 한 단면으로 소득불평등을 언급했다. 그는 ""우리나라는 코로나19 위기 이후 소득 보전, 고용유지 지원, 공공일자리 창출 등 다양한 정책에도 불구하고 비정규직·고령층 등을 중심으로 소득 분배가 악화되고 있다. OECD가 2020년 8월 11일 발표한 한국경제보고서에 따르면 노인 상대 빈곤율이 회원국 중 가장 높고, 세후 지니계수로 측정한 소득불평등도는 OECD 국가 중 7번째로 높은 수준""이라면서 ""우리나라의 재정정책을 통한 소득재분배 효과가 그리 크지 않다는 반증이기도 할 것""이라고 했다. 따라서 ""구조적 저성장과 코로나19로 인한 위기 극복, 양극화 완화, 경제 활성화를 위해 과감한 확장재정정책이 반드시 필요""하며 ""위기 시에 위기 탈출을 위한 재정지출은 평상으로 돌아왔을 때 그 몇 배의 효과를 발휘하기 때문에 국제기구나 경제석학들이 우리보다 몇 배 과감한 적자재정지출을 감행하는 선진국들에 더 과감한 재정지출을 권고하는 것""이라고 강조했다. ""효과 검증된 1차 규모의 재난지원금 지급 필요"" 이 지사는 ""지금의 경제위기를 극복하기 위해서는 경제효과가 확인된 1차 재난지원금처럼 과감한 재정정책을 통해 소비를 촉진시킴으로써 지역경제에 활력을 불어넣어야 한다""며 소멸성 지역화폐를 통한 재난지원금 지급 필요성을 역설했다. 그는 ""수표나 현금으로 가계소득을 지원하면, 축장효과(악화가 예상되는 미래를 대비하려고 지원금을 안 쓰고 쌓아둠)로 경제효과가 제한적""이라면서 ""이에 따라 1차 재난지원금에서 통계적으로나 체감적으로 유용성이 입증된 '시한부 소멸성 지역화폐' 방식은 재정지출을 소비지출로 직결시킨다는 점에서, 우리 정부가 꼭 채택할 필요가 있다""고 밝혔다. 이에 대한 근거로 이 지사는 경기도가 조사한 1차 재난지원금의 경제적 효과를 제시했다. 지난해 4월 12일부터 8월 9일까지 14개 카드사를 통해 중앙정부 긴급재난지원금과 경기도 재난기본소득으로 경기도에 지급된 금액은 모두 5조 1190억 원이다. 같은 기간 경기도에서 발생한 소비지출액은 78조 7375억 원으로, 2019년도 같은 기간 70조 9931억 원보다 7조 7444억 원이 증가했다. 이 지사는 이를 두고 ""실제 지급한 5조 1190억 원보다 2조 6254억 원의 추가 소비 지출이 일어난 셈""이라면서 ""이는 전체 재난지원금 금액인 5조 1190억 원의 0.51배에 해당하는 것으로 재난지원금 대비 1.51배의 소비 견인 효과가 있는 것""이라고 분석했다. 그러면서 ""이 같은 확장재정정책의 효과는 경기도뿐 아니라 세계 곳곳에서 입증되고 있다""고 했다. 이 지사는 ""현재 경제위기의 심각성을 볼 때 국가적 차원의 확장재정정책 추진이 절실하다""며 ""확장재정정책으로 소비 확대를 통해 위기에 놓인 가계의 소득을 지원해야 하며, 지역화폐를 통해 소비를 촉진시키고 수요를 진작함으로써 국민경제를 살려 나갈 때""라고 강조했다. ""그렇지 않으면 나라 경제가 망가질 가능성이 크다는 점에서 전향적이고 적극적인 확장재정정책이 위기에 놓인 우리 경제를 살려낼 마중물 역할을 할 것""이라고 주장했다. ""대한민국 미래와 국민의 삶 생각한다면…"" 이 지사는 코로나19 경제 위기 탈출을 위한 확장재정정책 및 전 국민 재난지원금 지급을 재차 강조했다. 그는 ""1차 재난지원금 지급을 통해 경제효과가 증명된 지역화폐로 전 국민에게 보편지급하는 재난지원금 실행을 해주시기 바란다. 재난기본소득은 전 국민을 대상으로 해야 하며, 규모는 1차 재난지원금을 넘어서야 할 것""이라면서 ""그렇게 해도 재정적으로 아무런 문제가 없다는 점을 말씀드리며, 이를 통해 구조적 저성장, 코로나19 위기 극복, 양극화 완화 등을 통한 경제 활성화를 이뤄나갈 수 있을 것""이라고 했다. 특히 ""각 정치 및 행정 주체의 입장이나 정치적 견해를 떠나서 대한민국의 미래와 국민의 삶을 생각해 적극적인 확장재정정책을 펴주시길 간곡히 요청한다""면서 ""경기도는 지역화폐의 보편 지급을 통해 위축된 소비를 살리는 정책을 경기도 차원에서라도 진행하기 위해 만반의 준비를 하겠다""고 밝혔다. 이 지사는 ""경기도의 국가 경제를 위한 건의와 충정에 화답하여 주실 것을 기대한다""며 새해 인사로 편지를 마무리했다."
프레시안,2020.11.21.,"최배근 ""선별적 재난지원금 경제정책 면에서 실패...하위 50% 소득감소""",박세열,"지난 9월부터 시작된 2차재난지원금이 경제 효과면에서 실패로 귀결됐다는 주장이 제기됐다. 정부는 지난 5월 전국민에 지역화폐로 지급하는 1차 재난지원금 정책을 시행했고, 지난 9월 피해 업종, 취약 계층 위주로 주로 현금으로 지급한 2차 재난지원금 정책을 시행했다. 경제 전문가인 건국대학교 최배근 교수는 21일 자신의 페이스북을 통해 ""선별적 재난지원금은 경제정책 면에서 실패""라며 ""모든 가계 소득을 증가시킨 전국민 재난지원금(재난기본소득)과 달리 선별적 재난지원금은 역설적으로 가장 어려운 하위 50%의 소득 감소로 이어졌다""고 주장했다. 최 교수는 ""지난 2분기에는 경기가 곤두박질 쳤음에도 불구하고 하위 10% 가계부터 모든 가계의 소득이 1년 전보다 증가했다. 물론 전국민 재난지원금(재난기본소득) 덕분이었다""며 ""반면, 3분기에는 하위 50% 가계까지 가계소득이 1년 전보다 감소했다""고 지적했다. (표1, 표2 참조) 최 교수는 ""올해 2분기는 수출이 곤두박질치면서 분기별 성장률 중 최악이었던 분기였다. 그럼에도 OECD 국가 중 1등을 했다. 그것은 전적으로 민간 소비 지출 덕분이었다""고 지적했다. 이어 최 교수는 ""반면, 3분기에는 수출이 크게 개선되면서 분기별 성장률이 처음 플러스(+)로 전환되면서 크게 개선되었다. 그럼에도 OECD 국가 중 꼴찌였다. 민간소비지출이 마이너스(-) 기여를 하였기 때문""이라고 지적했다. (표3 참조) ▲표1. 최배근 교수 페이스북 갈무리 ⓒ최배근 ▲표2. 최배근 교수 페이스북 갈무리 ⓒ최배근 ▲표3. 최배근 교수 페이스북 갈무리 ⓒ최배근 최 교수는 ""선별적 재난지원금은 경제정책 면에서 실패한 것을 의미한다. 경제학에서 정책 성공 여부를 판단하는 가장 중요한 기준이 성장률 기여도이기 때문""이라며 ""게다가 모든 가계 소득을 증가시킨 전국민 재난지원금(재난기본소득)과 달리 선별적 재난지원금은 역설적으로 가장 어려운 하위 50%의 소득 감소로 이어졌다""고 주장했다. 최 교수는 ""전국민 재난지원금(재난기본소득)의 효과가 큰 차이를 만들어냈다. 4분기에는 2차 대유행으로 3분기와 같이 수출 개선을 기대하기 어려운 상황에서 3차 전국민 재난지원금(재난기본소득)이 필요한 상황""이라고 주장했다. 이재명 경기도지사는 이같은 최 교수의 글을 공유한 후 ""3차 재난지원금은 반드시 소멸성 지역화폐로 전국민에게 지급해야 한다""고 주장했다. 이 지사는 ""정부의 1차 재난지원금과 2차 재난지원금은 경제활성화 효과에서 통계적으로나 체감상으로나 큰 차이가 있었다. 1차 지원때는 골목상권 지역경제가 흥청거린다고 느낄 정도였지만 2차 때는 정책시행이 되었는지 수혜 당사자 외에는 느낌조차 제대로 없었다""고 지적했다. 이 지사는 ""최배근 교수의 분석에서 보는 것처럼 통계적으로도 1차 지원방식이 더 경제 정책 으로 더 유효했다. 그 차이는 지원금액의 차이도 영향을 미쳤겠지만 지원 대상과 지원 방식의 차이가 더 큰 영향을 미쳤을 것""이라며 ""전세계 국가가 일 인당 최소 100만원 이상 직접 국민에게 소비를 지원했다 우리나라는 겨우 1인당 40만원 정도 지원했을 뿐이고 국민의 삶은 당분간 더 나빠질 것이 분명하므로 향후 3차 4차 소비지원은 불가피하다""고 했다. 이 지사는 ""경제효과를 고려할 때 3차 지원은 반드시 소멸성 지역 화폐로 전 국민에게 공평하게 지급하는 재난 기본소득 방식이어야 한다""고 거듭 강조했다."
프레시안,2020.11.20.,"'선별 재난지원금' 효과 미미...이재명 ""3차 재난지원금은 지역화폐로""",이명선,"이재명 경기도지사가 20일 ""3차 재난지원금은 경제 효과가 검증된 지역화폐형 재난기본소득 방식으로 (전 국민에게) 지급해야 한다""고 주장했다. 이 지사는 이날 자신의 트위터에 ""재난지원금 효과 없었다...지갑 닫자 소비효과도 '뚝'""이라는 제목의 기사를 공유하고 ""선별로 현금 지급한 2차재난지원금 효과 분석 기사""라며 ""전국민에게 소멸성 지역화폐로 지급한 1차 재난지원금과는 전혀 다르다""고 주장했다. 지역화폐로 지급한 1차 재난지원금이 소비로 이어졌음을 상기시킨 셈이다. 해당 기사는 통계청이 발표한 올해 3분기 전국 2인 이상 가구의 월평균 소비지출을 인용했다. 3분기 월평균 소비지출은 294만5000원으로 지난해 3분기 298만6000원보다 4만1000원(-1.4%) 감소했다. 실질 소비지출은 2.0% 줄어 감소폭이 더 큰 것으로 나타났다. 결국 정부가 선별적으로 현금 지급한 재난지원금으로 처분가능 소득이 증가했지만 소비자들이 지갑을 닫아 결국 경제에 미치는 효과가 미미했다는 것이다. 이 지사는 그간 재난지원금은 경제정책에 가깝다며, 반드시 소비해야 하는 지역화폐로 전국민에 지급해야 선순환 효과가 있다고 주장해 왔다. 하지만 홍남기 경제부총리 등 정부는 2차 재난지원금 지급을 소득 상위 계층을 배제(선별 지급)하고 자영업자를 겨냥한 휴업 보상비 명목 등 현금 비중을 높여 지급했다."
