﻿date,title,press,reporter,content
2021.03.29 17:01,"박영선, 재난지원금 지급 시작일에 “추가로 위로금 10만원 주겠다”",경향신문,박광연 기자 lightyear@kyunghyang.com,"박영선 더불어민주당 서울시장 후보가 29일 “중소기업 장기재직 근로자를 위한 주택 공급을 확대하겠다”고 공약했다. 소상공인·자영업자 4차 재난지원금 지급이 시작된 이날 ‘재난위로금 10만원 지급’ 공약을 재차 강조하기도 했다. 중소벤처기업부 장관 출신의 경험과 전문성을 강조하는 전략으로 풀이된다.박 후보는 이날 서울 성북구 길음역 인근에서 가진 집중유세 현장에서 “시장이 되면 서울시 공공주택 물량의 5%를 중소기업 장기재직 근로자에게 배정해 이들의 내 집 마련 꿈을 앞당기도록 하겠다”고 말했다. 박 후보 측에 따르면 중소기업 장기재직 근로자는 중소기업에 5년 이상 재직하거나 동일 중소기업에 3년 이상 재직한 이들을 뜻한다.박 후보는 “현재는 특별공급 물량 중 기관 추천 물량으로 약 2% 정도를 중소기업 장기재직 근로자에게 배정하고 있다”며 “이 비율을 5%까지 확대해 일단 시행해보고 잘 정착하면 10%까지 더 확대하겠다”고 말했다. 그러면서 “중소기업은 우리나라 경제성장의 핵심 주체로 일자리의 83%를 담당하고, 중소기업 근로자의 4분의 1이 서울에 산다”며 “중소기업 근로자의 주거가 안정되면 서울시의 가장 시급한 현안을 해결하는 것은 물론 대기업 집중의 경제구조도 바꿀 수 있고 새로운 좋은 일자리도 만들 수 있다”고 설명했다.중소기업 장기재직 근로자 주택공급 확대 방안은 박 후보의 다섯번째 ‘서울선언’ 공약이다. 박 후보는 공식 선거운동이 시작된 지난 25일부터 매일 하나씩 새로운 서울선언을 발표하고 있다. 그간 5번의 서울선언 중 4번이 공시지가 인상률 제한, 서울주택도시공사(SH) 분양원가 공개 확대, 민간 참여 공공 재개발·재건축 등 부동산 공약으로 채워졌다.이날 공약은 ‘부동산 민심’에 호소하는 동시에 중기부 장관 이력을 부각하는 ‘1석 2조’ 효과를 노린 것으로 풀이된다. 박 후보는 이날 기자들과 만난 자리에서 “중기부 장관으로 있을 때 서울시·경기도 지방자치단체장들과 협의를 하다가 마무리를 못 짓고 나왔다”며 “서울시장의 권한을 활용해 중소기업 장기재직 근로자에게 꼭 해드리고 싶었다”고 말했다.박 후보는 이날부터 소상공인·자영업자에게 지급되는 4차 재난지원금(버팀목자금 플러스)을 언급하며 추가 지원 필요성을 강조하기도 했다.박 후보는 “중기부 장관으로 있을 때 오전에 (재난지원금을) 신청하면 오후에 지급되는 K-행정력을 만들었다. 현장에서 실제로 잘 지급되고 있는지 점검했다”며 “상가에 가서 한 분 한 분 여쭤보니 정말 지금 힘들다고 한다”고 말했다. 그러면서 “시장이 되면 버팀목 자금에 더해 재난위로금 10만원을 서울시민들에게 디지털 화폐로 지급해 소비진작 효과를 한번 더 일으키겠다”고 강조했다.이날 밤 박 후보는 오세훈 국민의힘 서울시장 후보와 본선 첫 TV토론회에서 맞붙는다. 박 후보는 ‘토론회 핵심전략이 있나’라는 기자들 질문에 “이따 토론회에서 보면 되지 않을까 생각한다”고 답했다. 박 후보는 성북구 집중유세 이후 별도의 현장 선거운동 일정을 잡지 않고 토론회 준비에 들어갔다."
2021.03.25 20:52,영세 농어민 가구에 30만원 재난지원금,경향신문,박광연 기자 lightyear@kyunghyang.com,"국회, ‘15조원 추경안’ 통과소상공인·자영업자에 7조원여야가 25일 코로나19 4차 재난지원금 지급을 위한 15조원 상당의 추가경정예산(추경)안을 통과시켰다. 정부 제출안보다 소상공인 지원액을 늘리고 영세 농·어업 종사자 등 46만가구에 대한 재난지원금을 추가했다.여야는 이날 국회 본회의를 열고 올해 첫 추경안을 처리했다. 총규모는 14조9400억원으로 정부 제출안보다 400억원가량 줄었다.여야는 심의 과정에서 시급성이 낮은 사업을 제외하는 대신 4차 재난지원금 지급액을 1조4000억원 늘렸다.추경 중 절반 가까운 7조3000억원이 소상공인·자영업자의 긴급 피해지원에 사용된다. 소상공인·자영업자는 100만~500만원의 버팀목자금을 받는다. 매출 부진이 심각한 여행·공연업 등에 지급되는 버팀목자금은 정부안보다 50만~100만원 늘어났다.영세 농·어·임가도 가구당 30만원의 재난지원금을 받는다. 0.5㏊ 미만의 농지를 가진 농가 43만가구 등 총 46만가구가 지원 대상이다. 코로나19 방역조치 등으로 매출이 감소한 농·어·임가 3만2000가구도 약 100만원을 받는다.농가 재난지원금 재원 마련 방안을 두고 갈등을 빚던 여야는 전날 밤늦게 추경안을 최종 합의하고 이날 오전 곧바로 본회의에서 통과시켰다. 코로나19 피해가 누적되는 상황에서 더 이상 지체할 경우 민심에 부응하지 못한다는 부담이 작용한 것으로 풀이된다. 4월 재·보궐 선거를 앞두고 신속한 재난지원금 지급이 필요하다는 정치적 이해관계도 작동했다.정부는 이날 정부서울청사에서 정세균 국무총리 주재로 임시 국무회의를 열고 추경 배정계획안 등을 심의·의결했다. 홍익표 더불어민주당 정책위의장은 이날 정책조정회의에서 “정부 지원에서 발생한 사각지대를 최소화하고, 국민의 피해를 두껍고 신속하게 지원한다는 원칙으로 추경을 편성했다”고 말했다. 홍남기 부총리 겸 기획재정부 장관은 사회관계망서비스(SNS)에 “주요 추경 사업을 3월부터 개시하는 등 신속하게 집행하겠다”고 밝혔다."
2021.03.25 08:31,[속보]추경안 국회 통과···여행·공연업 등 취약계층에 ‘4차 재난지원금’ 지급,경향신문,박홍두 기자 phd@kyunghyang.com,"4차 재난지원금 지급을 위한 추가경정예산(추경)안이 25일 국회 본회의를 통과했다. 여행·공연업, 실내체육업종, 전세버스업계, 과수·화훼농가 등 코로나19 피해가 큰 취약계층과 업종 등에 지원금 지급폭이 확대될 예정이다.여야는 이날 아침 국회 본회의를 열어 이 같은 15조원 규모의 추경안을 의결했다.추경안에는 대출 지원 등 소상공인 지원 사업 규모가 기존 추경안보다 1조원 가량 증액돼 담겼다.‘소상공인 버팀목자금 플러스’ 사업의 경영위기 일반업종 구분을 세분화, 여행업을 비롯해 평균 매출액이 60% 이상 감소한 업종에는 사업장별 지원액을 200만원에서 300만원으로 늘어났다.공연업 등 매출액 40% 이상 하락 업종은 250만원씩으로 확대했다.감염병전담병원 의료인력 2만명에게 지급할 수당 6개월분으로 480억원이 추가 책정됐다.전세버스 기사 소득안정자금으로는 245억원이 증액됐다. 헬스트레이너 1만명 고용지원 명목으로 322억원이 증액됐다.과수·화훼·친환경농산물 농가에 대해서는 긴급경영자금 160억원 정도가 증액됐다. 여야는 전날 밤 늦게까지 전 농민 재난지원금을 선별 지원으로 전환, ‘0.5ha 미만’ 소규모 농가 46만 가구에만 30만원씩 지원하는 절충안을 마련했다. 해당 사업에 약 1380억원이 소요될 것으로 보인다. 대신 본예산 지출구조조정 규모를 늘려 재원을 마련하자는 야당의 요구를 여당이 수용했다.정부안에 비해 사업별 전체 증액 규모는 1조4400억원으로 집계됐다.여야는 추경안 일자리 사업에서 2800억원을 삭감하고, 나머지 1조1600억원은 기존 예산의 지출 구조조정을 통해 재원을 마련하기로 했다.최종 4차 재난지원금 규모는 기존 19조5000억원보다 1조2000억원 가량 늘어난 20조7000억원에 달한다."
2021.03.24 23:15,"여야, 일부 농민에 ‘재난지원금 30만원’ 선별지급···25일 오전 추경안 처리",경향신문,박광연 기자 lightyear@kyunghyang.com,"여야가 0.5㏊ 미만의 토지를 보유한 농민들에게 재난지원금 30만원을 일괄 지급키로 24일 합의했다. 여야는 이날 밤 늦게 올해 첫 추가경정예산안 내용을 큰 틀에서 합의하고 다음 날 오전 본회의를 열어 통과시키기로 했다.이날 국회에 따르면 여야는 0.5㏊ 미만의 토지를 가진 농민들에게 30만원의 재난지원금을 지급하기로 결정했다. 김영진 더불어민주당 원내수석부대표는 이날 밤 기자들과 만나 “한 46만 (농민)가구가 대상”이라며 “46만가구에 30만원씩 주면 1380억원 가량이 소요된다”고 말했다.전농민 재난지원금 지급은 4차 재난지원금이 포함된 올해 첫 추경안의 막판 쟁점이었다. 여야가 지급에 공감대를 형성했으나 재원 마련 방안을 두고 팽팽히 맞섰기 때문이다.민주당은 추가 지출 구조조정이 쉽지 않은 상황에서 추가 국채발행이 불가피하다고 주장했으나, 재정건전성을 우려하는 국민의힘은 추가 국채발행에 반대하며 지출 구조조정이 더 필요하다고 주장한 것으로 알려졌다.예산 당국인 기획재정부도 전농민 재난지원금 지급이 소상공인·자영업자 등에 대한 ‘선별 지원’에 초점을 맞춘 추경안 취지와 맞지 않는다며 반대했다. 추가 국채발행과 지출 구조조정도 어렵다는 입장을 여야에 전달했던 것으로 전해졌다.여야는 논의 끝에 지원 대상을 전농민이 아닌 일부 농민으로 ‘선별’하고 추가 국채발행은 하지 않는 것으로 합의했다. 국회 예산결산특별위원회 더불어민주당 간사인 박홍근 의원은 이날 밤 기자들과 만나 “(농민 재난지원금 지급에) 절충점을 찾았다”며 “국채 발행은 (정부안 9조9000억원에서) 더 이상 안한다. 일자리 예산을 깎고 나머지 본예산에서 지출 구조조정을 해서 재원을 마련한다”고 말했다.여야는 ‘맞춤형 농민 재난지원금’이 포함된 올해 첫 추경안을 다음날인 25일 오전 8시 본회의를 열고 최종 처리한다. 이에 앞서 오전 7시 예결위 추경예산안등조정소위를 재개하고 전체회의를 거쳐 본회의에 추경안을 상정한다. 추경안 규모는 정부가 제출한 15조원에서 사실상 변동이 없는 수준으로 전해졌다."
2021.03.23 11:12,"민주당 “재난지원금 위한 추경안, 내일 본회의에서 반드시 처리한다”",경향신문,박홍두 기자 phd@kyunghyang.com,더불어민주당은 23일 4차 재난지원금 지급을 위한 추가경정예산(추경)안과 관련해 “내일 본회의에서 반드시 처리한다”며 야당을 압박하고 나섰다.당대표 직무대행인 김태년 원내대표는 이날 원내대책회의에서 “민주당은 코로나19 위기 극복과 일상 회복을 위해 추경안을 내일 본회의에서 반드시 처리하겠다”고 밝혔다.이어 김 원내대표는 “야당도 국민 안전과 코로나 위기 극복을 위해 추경안에 대해 적극 협조할 것이라 믿는다”고 말했다.홍익표 정책위의장도 “피해 계층의 어려움은 국회에서 추경 통과가 지연될수록 더욱 가중될 것”이라며 “야당은 부디 국민을 생각해 심의에 임해달라”고 촉구했다.홍 정책위의장은 “야당은 추경의 일자리 사업을 소위 단기 알바(아르바이트)로 규정하고 전액 삭감을 주장하고 있다”며 “코로나19 장기화로 일자리가 사라진 근로취약계층의 아픔과 고통을 외면한 것”이라고 비판했다.여야는 전날 국회 예산결산특별위원회 소위원회 첫날 심사에서 15조원 규모의 추경안 증·감액 논의를 했지만 입장차를 좁히지 못했다. 민주당은 공공 일자리 창출 내용 등을 담은 정부 사업 예산에 대해 ‘원안 유지’를 주장했지만 국민의힘은 ‘전액 삭감’ 주장하고 있다.
